rank	id	year	section	title	local_path	pages	words	score	signals	abstract_excerpt	conclusion_excerpt	review_status	relevance	thesis_use	target_cards	notes_pages
1	FP-237	1999	Other	Surprising Harmonies	input/publications-francois-pachet/pachet-99-Casys.pdf	20	9416	453	interest_attention:0/0/0/7; expectation_novelty:1/10/4/129; creation_generation:0/0/0/29; interaction_reflexivity:0/0/1/35; subject_preference:0/0/0/7; temporality_structure:0/9/3/159; constraint_exploration:0/0/2/24	Understanding surprise is a key to the cognition of music, at all levels of musical structure: rhythm, melody, harmony, timbre. This paper addresses the modeling of surprise in particular music sequences: Jazz harmonic progressions. Most of the works in music cognition relate surprise to the phenomenon of musical expectation: a surprise is seen as something unexpected. Furthermore, unexpected more or less means “unheard before”. In this paper, we emphasize the importance of the rich algebraic structure underlying Jazz chord sequences, and suggest that harmonic surprise may not only be related to unexpected structures, but also to “calculus”, i.e. to an ability to deduce a sequence from a set of combinatorial rules. We first introduce the domain of Jazz chord sequences and describe its underlying algebraic structure, based on the notion of chord substitution. We then propose to use a statistical-based data compression approach to infer recurring patterns from the corpus, and show that this yields reasonable but limited expectation structures. We then propose a mechanism to induce cho	The studies described in this paper address the modeling of harmonic surprise from a computational viewpoint. First we showed that it is possible to extract pattern harmonic information on chord sequences automatically in an unsupervised manner, using simple data compression techniques. Experiments on Jazz harmony show that the extracted patterns provide a satisfying notion of expectation and surprise, which capture important regularities of Jazz harmony. Second, we have argued that the underlying algebra of Jazz harmony, represented as chord substitution rules, plays an important role in the perception of chord sequences, in that they allow to understand more sequences than what is allowed by the mere analysis of recurring patterns. These 18 Pachet, François, Surprising Harmonies, International Journal on Computing Anticipatory Systems, 1999 rules are difficult to learn in theory because they involve studying all possible contexts of subsequences, but we propose an approximation to contexts limited to only one neighboring chord. We show that we are able to induce a number of rul	couverture_argumentaire_complete	fort	Attentes apprises et surprise reconstructible plutôt qu'inattendu brut	idea_0019	PDF p. 1-3, 9-14, 18-19
2	FP-025	2016	Book chapters	The creative process in lead sheet composition	input/publications-francois-pachet/martin-16a.pdf	23	5464	398	interest_attention:0/0/0/5; expectation_novelty:0/0/0/3; creation_generation:2/11/6/195; interaction_reflexivity:0/6/2/47; subject_preference:0/1/0/27; temporality_structure:0/0/0/6; constraint_exploration:0/0/0/12	Popular songs have arguably a huge impact on society. It is therefore legitimate to investigate the nature of the creative act underlying popular song composition. Ethnographic experiments in song composition are difficult to conduct. This chapter describes an experiment addressing the role of feedback in the lead sheet composition process. To which extent peer feedback can affect the quality of a music composition? How does musical experience influence the quality of a feedback during the song composition process? Participants compose short songs using an online lead sheet editor, and are given the possibility to feedback on other participants’ songs. Feedbacks can either be accepted or rejected in a later step. Quantitative data is collected from this experiment that can be used to estimate the relation between the intrinsic quality of songs (estimated by peer evaluation) and the nature of feedback. Results show that peer feedback can indeed improve both the quality of a song composition and the composer satisfaction about it. Also, composers tend to prefer compositions from other	The aim of this experiment was primarily to examine quantitatively the impact of peer feedback in music composition and secondly to assess how important is the experience of the participants as musicians or composers in the whole process. Before any improvement or suggestions, participants had to write their first song. Interestingly, results show that participants’ previous experience in composition did not impact the quality of their songs. The same pattern was also found concerning the participants’ previous experience as a musician. These two results suggest that the quality of a song (based on social consensus) does not really tap in musicality but in something else, presumably creativity ( ?). Results show that composers who received feedback (G2) clearly evaluated better the improved song than the original, meaning that they were satisfied with the improvement they made. Further, the evaluation based on social consensus had a longer improvement also for G2. Hence, participants who received feedbacks not only felt that they had composed a better song after the improvement s	couverture_argumentaire_complete	fort	Dissociation entre jugement propre et consensus ; préférences indexées par l'expérience des juges ; effet sélectif du feedback	idea_0046; idea_0084; idea_0148	PDF p. 3-16
3	FP-042	1999	Book chapters	Active Listening: What is in the Air?	input/publications-francois-pachet/pachet-99a.pdf	16	7483	362	interest_attention:0/0/0/5; expectation_novelty:0/0/0/18; creation_generation:0/1/2/49; interaction_reflexivity:0/0/1/5; subject_preference:1/9/5/82; temporality_structure:0/0/0/37; constraint_exploration:0/5/3/94	The XXth century is full of technological inventions that made the very idea of a listening device possible, from the early gramophones to the latest portable mini disk players. What evolutions can we predict for the listening devices of the future, and how these evolutions will change the way we access and listen to music ? In this chapter, we suggest that listening devices can be greatly enhanced by providing new forms of user controls which provide users with semantically preserving variations. These controls are intended to allow listeners different musical perceptions on a piece of music, by opposition to traditional listening, in which the musical media is played passively by some neutral device. The objective is both to increase the musical comfort of listeners, and, when possible, to provide listeners with smoother paths to new music (music they do not know, or do not like). This chapter illustrates this idea on a few examples of active listening projects conducted at Sony Computer Science Laboratory, Paris, based on the notion of constrained exploratory space. These constra	The new landscape of digital multimedia opens new doors for interactive listening environments which provide richer musical experiences. We have argued that such environments require some sort of semantic preserving systems. We have illustrated this idea with two projects currently developed at Sony CSL, in the areas of sound spatialization, and content-based music selection. In both cases, the technology of constraints is proposed for representing these “seeds of semantics”, that yield exploration spaces with meaningful controls. A lot remains to be done, in other areas of music listening and perception, but these projects already suggest that the traditional borders between composition, production and listening may have to be redefined. In particular, a question which arises is what kind of music composers will make, if they know that listeners have active listening devices at home ? If we know what technology is in the air, what music will be in our ears ? References Amazon Music Store web site, http://www.amazon.com, 1998. Assayag G., Agon C., Fineberg, J., Hanappe P., “An Obj	couverture_argumentaire_complete	moyen à fort	Parcours d'écoute, invariants sémantiques et propriétés globales des programmes	idea_0014; idea_0102; idea_0105	PDF p. 2-8, 9-15
4	FP-036	2006	Book chapters	Enhancing Individual Creativity with Interactive Musical Reflective Systems	input/publications-francois-pachet/pachet-06-Enhancing_Individual_Creativity.pdf	15	6528	348	interest_attention:0/0/1/15; expectation_novelty:0/0/1/4; creation_generation:1/0/5/101; interaction_reflexivity:1/0/5/125; subject_preference:0/0/0/4; temporality_structure:0/0/0/104; constraint_exploration:0/0/0/28		We have introduced the concept of Interactive Reflexive Musical System as a class of interactive systems aimed at enhancing musical creativity. The most important characteristics of IRMS are 1) the gradual learning of musical material which allows a scaffolding in complexity, necessary to sustain the interest of users for long periods of time, 2) the lack of a standard graphical user interface which allows users to concentrate on playing music without thinking about the system design. We proposed an architecture as well as three different applications created with this architecture. Several experiments are described with various users using an IRMS (children, improvisers, composers). The most important contribution to creativity studies is to introduce a novel class of studies formed by the interaction between a user and an IRMS. Finally, we believe our work is an example of a fruitful collaboration between experimental psychology and computer science. Because innovation in computer science is rarely strictly endogenous (innovative ideas in computer science often come from blending	couverture_argumentaire_complete	fort	Miroir réflexif, déplacement de l'attention vers le sujet, échafaudage de complexité et intérêt soutenu	idea_0006; idea_0007; idea_0137; idea_0147	PDF p. 1-6, 8-14
5	FP-220	2002	Other	Interacting with a musical learning system: the continuator	input/publications-francois-pachet/pachet-02-icmai-final.pdf	8	5446	342	interest_attention:0/0/1/6; expectation_novelty:0/0/0/4; creation_generation:0/0/5/77; interaction_reflexivity:2/0/5/62; subject_preference:0/0/0/8; temporality_structure:1/0/2/122; constraint_exploration:0/0/2/32		We have described a music generation system which is able to produce music learnt in a agnostic manner, while remaining intimately controllable. This is made possible by introducing several improvements to the basic Markovian generation, and by implementing the generation as a real Figure 6. Bernard Lubat playing with the time, step-by-step process. The resulting system is able to Continuator. produce musical continuations of any user – including beginners - according to previously learnt, arbitrary styles. The experiments and concerts performed with professional NEW MUSICAL COLLABORATIVE MODES artists show that not only the music generated is of very An interesting consequence of the design of the system is high quality (as good as the music learnt by the system), that it leads to several new playing modes with other but, more importantly, that such a learning facility can be musicians. Traditionally, improvised music has consisted in turned into an actual music instrument, easily and quite limited types of interaction, mostly based around seamlessly integrated in the pla	couverture_argumentaire_complete	moyen à fort	Effet Aha, contrôle intime et conservation par l'utilisateur des régions jugées intéressantes	idea_0006; idea_0137	PDF p. 1-8
6	FP-035	2006	Book chapters	Creativity Studies and Musical Interaction	input/publications-francois-pachet/Pachet-06-Creativity_Studies.pdf	10	4937	332	interest_attention:0/0/0/16; expectation_novelty:0/0/0/3; creation_generation:1/0/10/170; interaction_reflexivity:1/0/5/50; subject_preference:0/0/0/4; temporality_structure:0/0/0/3; constraint_exploration:0/0/0/12		This chapter has introduced the notion of interactive systems as a theme for creativity studies. We described several approaches in interactive systems aiming at enhancing musical creativity, and conversely sketched some works in creativity studies that can be related to understanding creativity with interactive systems. This position is probably preliminary, as no systematic studies of creativity involving interactive systems has been conducted to our knowledge. Additionally, we stress on the fact that there has been many popular interactive music systems in use by the general public for more than a decade now, and that this situation creates a natural and rich area to study for those wishing to gain new insights in creativity. 4 References Bamberger, Jeanne (1977) in search of a tune. In D. Perkins and B Leonar (Eds), The Arts and Cognition. Baltimore: Johns Hopkins Press Boden, M. (1990). The Creative Mind: Myths and Mechanisms. London: Weidenfeld and Nicolson Eds. Page 9 in Musical Creativity: Current Research in Theory and Practice, Deliège, I. And Wiggins, G. Editors,	couverture_argumentaire_complete	fort	Définition subjective et située du nouveau et de l'intéressant ; unité d'analyse formée par le couple humain-machine	idea_0006; idea_0125; idea_0147	PDF p. 1-6, 7-9
7	FP-055	2011	Important Journals	Markov constraints: steerable generation of Markov sequences	input/publications-francois-pachet/pachet-09c.pdf	25	11055	330	interest_attention:0/0/0/7; expectation_novelty:0/0/0/1; creation_generation:1/0/7/177; interaction_reflexivity:0/0/2/33; subject_preference:0/0/1/2; temporality_structure:1/0/4/228; constraint_exploration:1/0/4/240		We have proposed a formulation of Markov sequence generation as a Branch and Bound constraint optimization problem. The Markovian property is represented as a cost function, estimated from a stack of elementary Markov constraints. Such a formulation allows the designer of an interactive Markovian system to post arbitrary additional constraints representing user control criteria, a feature which is impossible with random walk generation. This approach can find sequences whose global probability is very low, therefore which would not be generated, in practice, by greedy approaches. Our approach can accommodate for arbitrary cost functions, including the cost functions used in practice. As such, our approach solves the problem of steerable Markovian sequence generation in its full generality. We have illustrated our approach on a realistic interactive melody generation system, and on chord sequence generation, two subjects that are traditionally addressed with Markov models. The scalability of our approach has been shown to be sufficient for real time applications, in which Markov co	couverture_argumentaire_complete	fort scientifique	Pilotage global d'un modèle stylistique, exploration de solutions très improbables et articulation sampling-contraintes	idea_0096; idea_0109	PDF p. 1-8, 21-23
8	FP-189	2009	Other	Stimulating creative flow through computational feedback	input/publications-francois-pachet/jones-09a.pdf	10	3915	317	interest_attention:0/0/0/6; expectation_novelty:0/0/0/17; creation_generation:1/7/0/82; interaction_reflexivity:1/0/0/30; subject_preference:0/0/0/6; temporality_structure:0/0/0/25; constraint_exploration:0/1/0/14	This report summarises the discussion and experimental work pro- duced by the authors at the 2009 symposium Computational Creativity: An Interdisciplinary Approach, Dagstuhl Leibniz-Zentrum für Informatik. It outlines the motivation for using computational techniques to stimulate human creativity, briefly summarising its historical context and predeces- sors, and describes two software studies produced by the group as base-line exemplars of these ideas. “Already at the very beginning of the productive act, shortly af- ter the initial motion to create, occurs the first counter motion, the initial movement of receptivity. This means: the creator controls whether what he has produced so far is good.” Paul Klee, Pedagogical Sketchbook [6, p33] Within the field of computational creativity, theoretical emphasis is frequently located on one side or other of an established dichotomy: either studying and formalising the human creative process through analysis, or producing new systems which exhibit such notions of creativity through synthesis. There is, however, a third rela		couverture_argumentaire_complete	moyen à fort	Niveau optimal de distorsion, indétermination productive et feedback continu comme moteur d'exploration	idea_0006; idea_0121	PDF p. 1-4, 7-9
9	FP-026	2015	Book chapters	Creating Music and Texts with Flow Machines	input/publications-francois-pachet/ghedini-15b.pdf	21	7435	291	interest_attention:0/0/0/11; expectation_novelty:0/1/0/14; creation_generation:1/3/0/266; interaction_reflexivity:0/2/0/6; subject_preference:0/0/0/7; temporality_structure:0/2/0/26; constraint_exploration:0/6/0/51	This chapter introduces the vision and the technical challenges of the Flow Machines project. Flow Machines aim at fostering creativity in artistic domains such as music and literature. We first observe that typically, great artists do not output just single artefacts but develop novel, individual styles. Style mirrors an individual’s uniqueness; style makes an artist's work recognised and recognisable. Artists develop their own style after prolonged periods of imitation and exploration of the style of others. We envision style exploration as the application of existing styles, considered as texture, to arbitrary constraints, considered as structure. The goal of Flow Machines is to assist this process by allowing users to explicitly manipulate styles as computational objects. During interactions with Flow Machines, the user can create artefacts (melodies, texts, orchestrations) by combining styles with arbitrary constraints. Style exploration under user-defined constraints raises complex sequence generation issues that were addressed and solved for the most part during the first ha		couverture_argumentaire_complete	fort conceptuel	Style comme texture, contrainte comme structure, développement diachronique du style et sélection par l'utilisateur des objets intéressants	idea_0054; idea_0080; idea_0109	PDF p. 6-15
10	FP-046	1995	Book chapters	Regularity, document generation and Cyc	input/publications-francois-pachet/mili-95a-Regularity_Document_Generation_and_Cyc.pdf	33	12881	279	interest_attention:0/2/0/31; expectation_novelty:0/0/0/5; creation_generation:1/5/0/60; interaction_reflexivity:0/0/0/2; subject_preference:0/0/0/7; temporality_structure:0/2/0/47; constraint_exploration:0/0/0/28	We are interested in building and maintaining semantic nets in general, and hierarchical semantic nets in particular. In [Mili, 1988], we developed a model of hierarchical semantic nets that generalizes taxonomic models by replacing the concept of property inheritance by a more general behavior of properties that we called regularity [Mili & Rada, 1990a]. We are also interested in the generation of structured documents from hypertext. We argue that authors structure their descriptive documents based on personal but systematic traversals of a model of the domain of discourse [Mili & Rada, 1990b]; when that model consists of a semantic net that exhibits regularity, the traversal can be rationalized and described concisely. Within the context of our research, we acquired an electronic copy of the Cyc knowledge base [Lenat & Guha, 1990] to: 1) use the semantic net underlying Cyc to support the generation of argumentative and explanatory documents, and 2) identify regularity patterns. Interestingly, the sheer size and richness of Cyc posed challenging performance problems to its designer		triage lexical seulement				
11	FP-229	2000	Other	Les clefs d’une mélodie intéressante	input/publications-francois-pachet/pachet-06c-1.pdf	9	4755	279	interest_attention:1/0/1/34; creation_generation:0/0/1/29; subject_preference:0/0/1/8; temporality_structure:0/0/0/3; constraint_exploration:0/0/0/18		Une mélodie peut être intéressante pour de nombreuses raisons. Nous en avons présenté trois qui nous paraissent les plus pertinentes, dans le cadre d’une étude objective, c’est à dire ne prenant pas en compte – délibérément – l’auditeur : une mélodie peut contenir des patterns connus (copier/coller), ou bien satisfaire des règles bien précises (combinatoire). L’approche naturaliste évoquée en dernier lieu oublie les connaissances musicales, et ne considère que les propriétés globales d’une mélodie. Il est probable qu’un modèle intégrant ces différents points de vue (mélodie comme assemblage de patterns / mélodie comme solution de problème / mélodie comme substrat de propriétés globales) soit, in fine, le plus pertinent, mais ce modèle reste encore à découvrir. Références bibliographiques Jean-Paul Allouche and Tom Johnson « Finite Automata and morphisms in assisted music composition », Journal of New Music Research, Vol. 24, 1995, pp. 97-108. Roland Assous, “Deux ou trois remarques sur l’utilisation des mots de Thue-Morse en informatique musicale », in Musique et mathématiques, G	couverture_propositionnelle_complete	fort	Programme objectiviste de la mélodie intéressante repris et corrigé par le modèle relationnel	idea_0096; idea_0098; idea_0146	PDF p. 1-9
12	FP-027	2015	Book chapters	Improving music composition through peer feedback: experiment and preliminary results	input/publications-francois-pachet/dani-15c.pdf	10	4007	277	interest_attention:0/0/0/2; expectation_novelty:0/0/0/2; creation_generation:1/0/6/101; interaction_reflexivity:1/0/3/39; subject_preference:0/0/0/10; temporality_structure:0/0/0/5; constraint_exploration:0/0/0/10		The aim of this experiment was primarily to examine quantitatively the impact of peer feedback in music composition and secondly to assess how important is the experience of the participants as musicians or composers in the whole process. Before any improvement or suggestions, participants had to write their first song. Interestingly, results show that participants’ previous experience in composition did not impact the quality of their song. The same pattern was also found for the participants’ previous experience as a musician. These two results suggest that the quality of a song (based on social consensus) does not really tap in musicality but in something else, presumably creativity. As before, creativity might play an important role [Frese et al.1999]. July 2015 Figure 5. Interaction between the experience of the author and the experience of the judges on the quality score. Results show that composers who received feedback (G2) clearly evaluated better the improved song than the original, meaning that they were satisfied with the improvement they made. Further, the evaluati	triage lexical seulement				
13	FP-238	1999	Other	Constraints and Multimedia	input/publications-francois-pachet/pachet-99-PACLP.pdf	11	6199	276	interest_attention:0/0/0/4; expectation_novelty:0/0/0/10; creation_generation:0/3/0/32; interaction_reflexivity:0/1/1/4; subject_preference:0/2/0/44; temporality_structure:0/0/1/35; constraint_exploration:1/8/11/148	The developing field of multimedia opens up a whole new class of applications for constraint techniques. The aim of this talk is twofold: show innovative applications of existing constraints techniques, and also show how the new landscape of multimedia raises new issues pertaining to constraint research and development. I will first outline the main results in so-called automatic harmonization, i.e. the use of constraints to generate music according to given inputs such as melodies or bass lines. I will then show how constraint perturbation techniques can be used to build interactive listening systems, especially for controlling sound source spatialization. Then I show an application of constraint satisfaction for creating music programs satisfying user preferences. I illustrate this idea on a prototype music program generation system. 1. Looking for new Combinatorial Problems Operation research and combinatorial optimization have traditionally been the main application field of constraint techniques, and is indeed today probably the main one for software industries selling constra	There are lots of other applications of constraints in the field of multimedia that we do not mention here for reason of space: constraint-based drum machines, in which constraints are used to specify temporal relations between percussive instruments, constraint-based control of sound synthesis, constraint-based classification systems for annotation of multimedia document (ongoing DIVAN Esprit project), a etc. These applications and projects show that the new landscape of digital multimedia opens new doors for interactive multimedia environments. We have argued that such environments require some sort of semantic preserving systems. We have illustrated this idea with two projects currently developed at Sony CSL, in the areas of sound spatialization, and content-based music selection. In both cases, the technology of constraints is proposed for representing “seeds of semantics” that endow exploration spaces with meaningful user controls. Constraints and Multimedia, F. Pachet, Practical Applications of Constraint Logic Programming, London, March 1999, pp. 3 -13 References Chiariglio	triage lexical seulement				
14	FP-255	1998	Other	MidiSpace: a Temporal Constraint-Based Music Spatializer	input/publications-francois-pachet/PachetDelerue-98-Ecai.pdf	15	5883	267	interest_attention:0/1/0/3; expectation_novelty:0/0/0/1; creation_generation:0/1/0/27; interaction_reflexivity:0/1/0/6; subject_preference:0/5/0/43; temporality_structure:1/0/0/47; constraint_exploration:1/6/0/161	We are interested in developing multimedia technology for enriching the listening experience of average listeners. One main issue we focus on is the design and construction of software systems in which users interact with music in various ways while maintaining as much as possible the semantics of the original music. In this context, we develop a research activity concerning music spatialization. We propose a system called MidiSpace, in which users may listen to music while controlling in real time the localization and spatialization of sound sources, through a simple interface. We then introduce the problem of mixing consistency, and propose a solution based on a constraint propagation mechanism. The proposed environment contains both an authoring mode, in which sound engineers or composers may specify spatialization constraints to be satisfied, and a listening mode in which listeners can modify spatialization settings under the supervision of a constraint solver that ensures the spatialization always satisfies the constraints. We describe the architecture of the system and report		triage lexical seulement				
15	FP-074	2004	Important Journals	When Children Reflect on Their Playing Style: The Continuator	input/publications-francois-pachet/pachet-04-When.pdf	19	7888	264	interest_attention:0/0/2/33; expectation_novelty:0/0/1/17; creation_generation:0/0/1/65; interaction_reflexivity:0/0/2/81; subject_preference:0/0/1/26; temporality_structure:1/0/5/139; constraint_exploration:0/0/0/18		The experiments conducted with the Continuator in schools have many implications for the use of interactive technologies in musical pedagogy. Of course, the pedagogical goals for three-to-five-year-olds cannot be expressed in terms of the standard musical curriculum (e.g., learning pitches, scales, chords, harmony, etc.). However, we show that experimenting with the Continuator in such “free” games does allow children to develop nontrivial musical abilities, including that of listening analytically, by experiencing surprise and excitement. We propose to interpret the Continuator’s impact by using the theory of flow. 5.1 The Continuator as a Flow Machine The Continuator appeared as a machine that promotes musical enjoyment in various forms. The system's ability to hold the attention of three-to-five-year-old children for long periods of time (remarkable for this age group) and in general to attract and hold the attention of users of all ages can be interpreted through the theory of flow, introduced by the psychologist M. Csikszentmihalyi [1990]. His notion of flow describes the optim	couverture_argumentaire_complete	moyen à fort	Précurseur des expériences systématiques : attention, tour de rôle, flow et déplacement du produit vers la découverte de soi	idea_0006; idea_0121; idea_0147	PDF p. 8-18
16	FP-201	2006	Other	Interactions réflexives: du “C’est marrant aux machines à Flow”	input/publications-francois-pachet/pachet-06a.pdf	12	5561	262	interest_attention:0/0/0/11; expectation_novelty:0/0/0/8; creation_generation:0/0/0/40; interaction_reflexivity:2/0/6/87; subject_preference:0/0/0/3; temporality_structure:0/0/1/63; constraint_exploration:0/0/1/13		Nous avons introduit la notion d’interaction ré- flexive, comme une interaction comportant une étape d’apprentissage, qui est utilisée pour pro- duire un résultat mimétique au comportement de l’utilisateur. Nous avons présenté deux tels sys- tèmes. Le Continuator, qui a fait l’objet de nom- breuses expérimentations produit clairement des interactions qui engendrent des états de Flow, comme nous l’avons étudié spécifiquement. Bien d’autres modes d’interaction restent cependant à étudier, sans compter les multiples problèmes res- tés ouverts concernant la représentation de struc- tures musicales pour améliorer la qualité et le contrôle des phrases engendrées. Ces expérimenta- tions ont ouvert un terrain d’investigation à peine ouvert, et très prometteurs, et ouvrant de nouvelles pédagogiques. Le Music Browser et les réflexono- mies qu’il permet d’engendrer en est encore au stade de prototype, mais les expérimentations en F. 12 – Une réfléxonomie créée par une interac- cours sont très encourageantes. Elles montrent, ici, tion réflexive. Ici, le résultat de la class	couverture_argumentaire_complete	fort conceptuel	Le système « marrant » comme activité autotélique ; primat de la qualité de l'interaction sur son produit	idea_0006; idea_0147	PDF p. 1-2, 6-12
17	FP-098	1994	Important Journals	EpiTalk : un outil générique pour la construction de systèmes conseillers	input/publications-francois-pachet/paquette-94a.pdf	39	12646	261	interest_attention:0/0/0/6; expectation_novelty:0/1/0/6; creation_generation:1/5/0/55; interaction_reflexivity:0/3/0/212; subject_preference:0/0/0/3; temporality_structure:0/0/0/15; constraint_exploration:0/0/0/22	Nous présentons l'architecture d'un outil générateur de systèmes conseillers. Le système ÉpiTalk sert à développer un conseiller qui se greffe à un environnement d'apprentissage ou un système d'aide à la tâche existant sans en perturber le fonctionnement. Après un inventaire des formes que prend le conseil dans les systèmes d'apprentissage à base de connaissances et les tutoriels intelligents, nous présentons des exemples de systèmes conseillers et une première architecture qui a fait l'objet de travaux antérieurs. Puis nous présentons l'architecture et l'implantation d'un nouveau système générateur de systèmes conseillers multi-agents appelé ÉpiTalk. Ensuite, nous présentons trois applications d'ÉpiTalk qui ont été implantées ou sont en voie d'être complétées: AGD, un atelier de génie didactique, COPERNIC-2 un environnement d'apprentissage sur la démarche scientifique, et HyperGUIDE, un environnement pour la formation à distance. En conclusion, nous discutons les résultats sur quatre plans: la faisabilité d'un générateur de systèmes conseillers, la versatilité du généra		triage lexical seulement				
18	FP-076	2004	Important Journals	Les nouveaux enjeux de la réification	input/publications-francois-pachet/pachet-04f.pdf	29	11973	260	interest_attention:0/0/0/15; expectation_novelty:1/0/2/55; creation_generation:0/0/0/33; interaction_reflexivity:0/1/0/12; subject_preference:0/0/0/5; temporality_structure:0/0/0/6; constraint_exploration:0/2/0/37	MOTS-CLÉS : objets, règles, contraintes, multimédia, traitement du signal. KEYWORDS: objects, rules, multimedia, signal processing. Nom de la revue. Volume X – n° X/2002, pages 1 à X 2 L’Objet. Volume X – n° 4 / 2004 1 Introduction La question « les objets ont-ils échoué ?» évoque à la fois la nécessité de faire un bilan, après plusieurs décennies de recherches dans le domaine des technologies à objets, et de proposer une perspective. Je tente ici de répondre à ces deux aspects de la question en soulignant le rôle déterminant des problèmes et des exemples de travail dans ces recherches. 2 Bilan : les années Objet Ce bilan sur les années Objet est provoqué par le rassemblement autour de JeanFrançois Perrot (alias jfp), qui a animé et rendu possibles la plupart des réflexions sur les objets en France, leur donnant une impulsion et une force qu’elles n’auraient probablement pas eues sans lui. Ainsi, les « objets sous Perrot » sont avant tout des objets de discussions techniques dans lesquelles il est question de comprendre pleinement la nature et la portée des mécanismes, et e	Les chercheurs qui ont connu le début de l’époque des objets (la fin des années 70, le début des années 80) ont eu de la chance. Ils ont pu participer activement à la naissance d’un nouveau paradigme. Depuis, malgré de nombreux essais et idées originales, la recherche dans les langages de programmation semble ne plus connaître de renouveau d’une telle ampleur, et les débats actuels (aspects, patterns, langages de modélisation, méta-modélisation, agents, standardisation) paraissent bien ternes en regard de l’excitation intellectuelle d’autrefois : manque de coïncidence entre avancées techniques et avancées conceptuelles, qui trouve souvent sa cause dans l’épuisement des exemples et des terrains nourriciers. Cependant, l’expansion de l’industrie de l’entertainment crée de nouveaux domaines d’applications et aussi de nouvelles classes de problèmes. Techniquement ceci est lourd de conséquences : ces applications nécessitent de manipuler de manière homogène signaux et représentations symboliques, dans des collections de grande taille, et à l’usage du grand public, c’est à dire de non e	couverture_argumentaire_complete	fort méthodologique	Exemples nourriciers, usages situés et résistance du réel dans la fécondité des modèles	idea_0110	PDF p. 4-8, 27-28
19	FP-075	2004	Important Journals	Beyond the Cybernetic Jam fantasy: The Continuator	input/publications-francois-pachet/pachet-03g.pdf	5	3228	256	interest_attention:0/0/4/6; expectation_novelty:0/0/0/2; creation_generation:0/0/0/36; interaction_reflexivity:0/0/5/53; subject_preference:0/0/0/10; temporality_structure:1/0/1/81; constraint_exploration:0/0/0/12		Whether the Continuator fulﬁlls Ray Kurzweil’s pre- diction is a statement we leave to the author of the Age François Pachet is a researcher at of Spiritual Machines. However, the process of design- the Sony Computer Science Labora- ing such a system has led to many interesting side effects tories Paris. His research interests that are at least as interesting as the initial goal. include music feature extraction, In addition to the technical aspects pertaining to the music access systems, and music implementation of a robust musical style-learning sys- interaction. Pachet has a PhD in arti- tem, I believe this system is only one instance of a gen- ﬁcial intelligence from the Universi- eral class of systems that are both interactive and able to ty of Paris 6. learn, whose main goal is not so much to produce con- sistent material, but to produce interesting interactions. Readers may contact François Pachet at Sony Comput- This implies a radical shift in the software design er Science Laboratories Paris, Audio Lab 6, rue Amyot, process, departing from task-oriented systems	couverture_argumentaire_complete	fort conceptuel	Objectif explicite de produire des interactions intéressantes plutôt qu'un matériau seulement cohérent	idea_0006; idea_0147	PDF p. 4-5
20	FP-039	2004	Book chapters	On the Design of Flow Machines	input/publications-francois-pachet/pachet-04-designflowmachines.pdf	22	8483	256	interest_attention:0/0/2/43; expectation_novelty:0/0/1/17; creation_generation:0/0/2/76; interaction_reflexivity:0/0/6/124; subject_preference:0/0/0/21; temporality_structure:0/0/3/154; constraint_exploration:0/0/0/22		We have introduced the bold question of what makes an interactive system appealing, interesting and attention grabbing, taking example from the experiments performed with the Continuator system, a musical interactive system. We have shown that the Continuator may be seen as a particular example of a Flow machine, i.e. a machine which generates flowlike experiences in users. The reflection principle, which causes a mirroring of user’s behavior after a learning process, appears to be of critical importance. Current limitations concern primarily the lack of flexibility in interaction protocols. The Continuator proposes many different interaction modes, but is not able to detect automatically the best mode, nor to create new ones on-the-fly for adapting to unexpected situations. This is clearly an importan research line for the future which can build further on a long history of research in computational reflection. Reflection for building Reflective Systems: although it seems a play on words, I believe this is not entirely coincidental. References Addessi, A.-R. & Pachet, F. (2004)	couverture_argumentaire_complete	fort	Attention, flow, miroir dynamique et temporalité de l'interaction intéressante	idea_0006; idea_0121; idea_0137	PDF p. 7-18, conclusion p. 19
21	FP-204	2006	Other	Without touch, without seeing. Children playing with a virtual musician	input/publications-francois-pachet/addessi-06b.pdf	12	3444	256	interest_attention:0/1/0/15; expectation_novelty:0/0/0/1; creation_generation:0/1/1/18; interaction_reflexivity:0/6/3/43; subject_preference:0/0/0/15; temporality_structure:0/2/1/52; constraint_exploration:0/0/2/8	"What happens when young children play with a virtual musician ? The relationships between children and new technologies is a relevant topic in the field of music education (Webster 2002; Folkestad et al. 1998; Bamberger 2003) as well as in the field of psychological sciences (Turkle 1996, De Kerckhove 1991, Kenway, J. & Bullen 2004). However, only a few studies have considered the ""nature"" of the interaction between children and musical machine. A research project is carrying out dealing with the interaction between children and the Continuator, an innovative musical system elaborated at the SONY-Computer Science Laboratory in Paris, able to learn and produce music in the same style as the human playing the keyboard, like in a sound mirror (Pachet 2003). The results of the experiments carried out with children to 3-5 year old have shown that the Continuator, or other similar interactive reflective systems (IRMS), is able to develop interesting child/machine interaction and creative musical process in young children, thanks above all to its capacities to replicate the musical style a"	This practice experience show that the Continuator could represent a versatile device to enhance the musical invention and exploration in classroom setting. The children reached high levels of wellbeing and pleasure very similar to those described in the Theory of Flow by Csikszentmihalyi (1996), and in the musical field by Custodero (2005). They learned to musically converse with the system, developing autonomy and learning to manage some kinds of collaborative playing (Burnard 2002, Miell, D. & Littleton, 2004). We observed that the role of the teacher using these kind of system in classroom music education, would be to predispose the equipments and the context so that the children can explore and use the system in independent way, alone, in pair or group; to organize games with the system and other musical instruments. We refer here to the Vygotskian concepts of modeling and scaffolding (Vygotsky 1978). Finally, the virtual musician: one of the most attractive quality of this system is to (inter)act like an human, or a living being at least, able to learn and react. The ability o	comparaison_complete	contexte redondant	Version éditoriale de Without Touch, Without Seeing, substantiellement identique à addessi-06a	idea_0006; idea_0147	PDF p. 1-10 ; doublon textuel non binaire de addessi-06a
22	FP-200	2006	Other	Touched by Musical Discovery. Disciplinary and Cultural Perspectives	input/publications-francois-pachet/addessi-06a.pdf	12	3470	252	interest_attention:0/1/0/15; expectation_novelty:0/0/0/1; creation_generation:0/1/1/18; interaction_reflexivity:0/6/2/43; subject_preference:0/0/0/15; temporality_structure:0/2/2/52; constraint_exploration:0/0/2/8	"What happens when young children play with a virtual musician ? The relationships between children and new technologies is a relevant topic in the field of music education (Webster 2002; Folkestad et al. 1998; Bamberger 2003) as well as in the field of psychological sciences (Turkle 1996, De Kerckhove 1991, Kenway, J. & Bullen 2004). However, only a few studies have considered the ""nature"" of the interaction between children and musical machine. A research project is carrying out dealing with the interaction between children and the Continuator, an innovative musical system elaborated at the SONY-Computer Science Laboratory in Paris, able to learn and produce music in the same style as the human playing the keyboard, like in a sound mirror (Pachet 2003). The results of the experiments carried out with children to 3-5 year old have shown that the Continuator, or other similar interactive reflective systems (IRMS), is able to develop interesting child/machine interaction and creative musical process in young 1 Addessi, A.R., Ferrari, L., Pachet, F. (2006). Without touch, without se"	This practice experience show that the Continuator could represent a versatile device to enhance the musical invention and exploration in classroom setting. The children reached high levels of wellbeing and pleasure very similar to those described in the Theory of Flow by Csikszentmihalyi (1996), and in the musical field by Custodero (2005). They learned to musically converse with the system, developing autonomy and learning to manage some kinds of collaborative playing (Burnard 2002, Miell, D. & Littleton, 2004). 9 Addessi, A.R., Ferrari, L., Pachet, F. (2006). Without touch, without seeing. Children playing with the Continuator, a virtual musician. In C. Fröhlich (Ed), ECME. International Seminar of Early Childhood Music Education. Proceedings. Taipei, 9-14 July 2006. We observed that the role of the teacher using these kind of system in classroom music education, would be to predispose the equipments and the context so that the children can explore and use the system in independent way, alone, in pair or group; to organize games with the system and other musical instruments.	comparaison_complete	contexte	Étude de pratique en classe sur 18 enfants ; confirme autonomie, règles implicites et attention conjointe sans résultat distinct de la grappe	idea_0006; idea_0147	PDF p. 3-10 ; même communication que addessi-06b
23	FP-107	2015	Important conferences	Generating 1/f Noise Sequences as Constraint Satisfaction: the Voss Constraint	input/publications-francois-pachet/pachet-15a.pdf	7	5242	252	interest_attention:0/0/0/1; expectation_novelty:0/0/0/1; creation_generation:1/0/4/51; interaction_reflexivity:0/0/0/1; subject_preference:0/0/0/1; temporality_structure:1/0/4/58; constraint_exploration:2/0/5/119		We have introduced the Voss constraint, which ensures that the elements of a sequence are generated from the dice tossing scheme invented by Voss as described by Gardner. We showed that the constraint can be implemented as a tree of ternary sum constraints, yielding an efficient domainconsistency procedure, so its overhead is arguably small. The Voss constraint can be added to any sequence generation problem to introduce a pressure for the sequence to exhibit a 1/f spectral density in average, and therefore look or sound Figure 14: A shorter melody generated from a Markov model more natural. of 2 songs of Michel Legrand, enforcing only metrical prop- erties (here, a total duration of 12 bars) with the meter con- straint. Voss constraint requires a coding from the domain (e.g., mu- sical notes) to integers (in our example the pitch of a note). This coding is arbitrary and the user may want to experiment with various codings (e.g., integers representing the degree of the note in a scale) and there is no best coding a priori. Finally, one could ensure that solutions look more	triage lexical seulement				
24	FP-091	1996	Important Journals	Un mécanisme de production de conseils exploitant les relations de composition et de précédence dans un arbre de tâches	input/publications-francois-pachet/pachet-96-STE_num_3_1_1280.pdf	34	12319	246	interest_attention:0/0/1/12; expectation_novelty:0/0/0/2; creation_generation:1/2/0/52; interaction_reflexivity:0/1/3/35; subject_preference:0/0/0/2; temporality_structure:0/1/0/38; constraint_exploration:0/1/0/28	ANG:advisor systems, intelligent tutorial systems, task graph, part-whole relation, temporal precedence relation, trace analysis, plan recognition. Résumé Cet article décrit un mécanisme permettant d'exploiter de manière systématique un arbre des tâches, pour la production de conseils pertinents donnés à des utilisateurs d'appareils dans un contexte de formation. Ce mécanisme exploite deux liens privilégiés entre tâches : le lien de composition, liant une tâche à ses sous-tâches, et le lien de précédence, représentant les contraintes de précédence temporelle entre sous-tâches. Nous illustrons notre mécanisme sur des exemples extraits d'un système d'apprentissage d'une pompe à infusion utilisée dans les unités de soins intensifs. Citer ce document / Cite this document : Pachet François, Djamen Jean-Yves, Frasson Claude, Kaltenbach Marc. Un mécanisme de production de conseils exploitant les relations de composition et de précédence dans un arbre de tâches. In: Sciences et techniques éducatives, volume 3 n°1, 1996. pp. 43-75; doi : https://doi.org/10.3406/stice.1996.1280 http	"Nous avons présenté un mécanisme permettant d'exploiter de manière systémati¬ que deux relations privilégiées dans un graphe de tâches, pour produire des conseils pertinents, demandant un minimum d'interaction avec l'apprenant. Notre approche n'est pas sans rappeler certaines méthodes d'analyse syntaxique, appliquées à un langage particulier : celui des actions utilisateurs. La différence principale par rapport à ces méthodes est que l'analyse syntaxique cherche à inter¬ préter des phrases syntaxiquement correctes, en rejetant, le plus souvent brutale¬ ment, celles qui ne le sont pas. Au contraire, nous nous intéressons ici essentielle¬ ment aux ""phrases syntaxiquement incorrectes"", i.e. les séquences d'actions illégales, pour essayer d'en déduire certaines intentions de l'apprenant en vue de mieux le conseiller. En ce sens, les mécanismes classiques d'analyse syntaxique ne peuvent pas être directement utilisés pour nos besoins. Nous avons proposé ici une approche qui s'est avérée, une fois mise en pratique, très satisfaisante car offrant un bon compromis entre la complexité inhé"	triage lexical seulement				
25	FP-249	1998	Other	Sur la structure algébrique des séquences d’accords de Jazz	input/publications-francois-pachet/pachet-98JIMAccords.pdf	12	6606	245	interest_attention:0/2/1/15; expectation_novelty:0/0/1/3; creation_generation:0/0/0/20; interaction_reflexivity:0/0/0/4; subject_preference:0/2/0/3; temporality_structure:1/1/2/44; constraint_exploration:0/0/1/7	Dans le cadre du projet d’écoute active mené à Sony CSL, nous nous intéressons à la notion de règle de substitution, permettant de faire des variations de structures harmoniques de séquences d’accords de Jazz. Nous décrivons un système permettant de mettre ces règles en oeuvre de manière intuitive pour produire des séquences d’accords “intéressantes”. Nous proposons une représentation récursive des règles qui permet à l’utilisateur de fabriquer ses propres règles. Enfin, nous soulevons quelques problèmes théoriques non résolus. 1. De la forme ouverte à l’écoute active Le travail présenté ici s’inscrit dans le contexte du projet “Ecoute Active” développé au laboratoire Sony-CSL. Ce projet consiste à chercher des moyens d’enrichir la pratique de l’écoute musicale d’oeuvres existantes, en donnant à l’auditeur des moyens de modifier son écoute selon certains critères. Ces critères ou paramètres définissent des espaces dans lesquels un auditeur peut se déplacer pendant l’écoute d’un morceau de musique, en faisant varier certaines de ses caractéristiques. Les points importants de notre c	Nous avons montré comment on peut modéliser les règles de substitution de Jazz en les mettant en oeuvre dans une interface simple. Le système permet alors de produire des grilles d’accords “intéressantes”, sans connaissances a priori sur l’harmonie de Jazz. Un des points importants est la possibilité pour l’utilisateur de créer de nouvelles règles, sans pour autant rajouter de nouveau concept au système de départ. Ce type de mécanisme permet ainsi de construire des systèmes d’exploration qui garantissent, une certaine cohérence d’un matériel musical de départ, mettant alors en lumière une dimension perceptive pertinente dans le contexte du projet “Ecoute Active”. En ce sens, une version Pachet, François, Sur la structure algébrique des séquences d’accord, Journées d’Informatique Musicale, Agelonde, May, 1998. rythmique du système est en cours, qui permet de produire de rythmes complexes à partir d’un nombre réduit de règles simples. Enfin, et plus fondamentalement, notre travail montre que la structure des accords de Jazz est riche et encore mal comprise d’un point de vue formel,	triage lexical seulement				
26	FP-241	1999	Other	Le projet Ecoute active à Sony CSL	input/publications-francois-pachet/pachet-99-BordeauxEcouteActive.pdf	5	2665	229	interest_attention:0/1/0/5; expectation_novelty:0/1/0/11; creation_generation:0/0/0/9; interaction_reflexivity:0/1/0/15; subject_preference:0/5/0/21; temporality_structure:0/0/0/4; constraint_exploration:0/4/0/43	"langagières partagées (lexique, syntaxe, grammaire). L""ecoute active"" est une activité de recherche consistant à explorer divers paramètres de Une autre équipe s’intéresse à la musique sous contrôle agissant sur de la musique l’aspect de la perception individuelle préenregistrée, et permettant d'enrichir la (comment perçoit-on la musique, comment pratique de l'écoute musicale. Ces paramètres naissent nos goûts et préférences musicales) et de contrôle définissent des espaces collectif (comment des communautés virtuelles d’exploration dans lesquels des pièces de échangent et propagent des préférences musique peuvent être écoutées par des musicales). Plusieurs projets de cette équipe auditeurs non experts en subissant certaines concernent en outre la recherche de nouveaux variations. L'objectif est à la fois d'augmenter modèles d’interaction musicale qui permettent le confort d'écoute des auditeurs, mais aussi de à l’utilisateur d’exploiter au mieux les proposer des chemins d’accès à des musiques nouvelles possibilités offertes par les nouvelles mal connues ou difficiles."		triage lexical seulement				
27	FP-105	2016	Important conferences	Assisted Lead Sheet Composition using FlowComposer	input/publications-francois-pachet/roy-16b.pdf	16	6656	226	interest_attention:0/0/0/3; expectation_novelty:0/0/0/5; creation_generation:1/0/8/120; interaction_reflexivity:0/0/1/12; subject_preference:0/0/0/4; temporality_structure:0/0/0/124; constraint_exploration:0/0/1/64		We presented FlowComposer, an online application for assisted music composition. The application enables users to compose musical lead sheets from partial information, and uses a generation algorithm to fill in the missing parts in the style of a chosen composer. The generation algorithm exploits a representation of meter as a Regular constraint which enables efficient sampling. Lead sheets are represented as a couple of meter-constrained Markov chains, synchronised through a likelihood function learnt from the selected corpus of lead sheets. Fig. 13. Final sheet of a song composed by Nathan Taylor and Benjamin Till using FlowComposer, as part of the “Beyond the Fence” musical Fig. 14. A lead sheet composed by the authors of this article with FlowComposer, in the style of Miles Davis, and evaluated (informally) by fellow jazz musicians as particularly good We have shown several typical uses of FlowComposer to generate lead sheets from scratch, from partial information, or to reharmonize existing melodies1 . More work is being done to improve the user experience, notably by stori	couverture_argumentaire_complete	moyen à fort	Composition assistée sous contraintes ; absence de direction à longue portée ; sortie nouvelle, valide et stylistique néanmoins moins intéressante	idea_0016; idea_0098; idea_0109	PDF p. 1-8, 10-15
28	FP-072	2004	Important Journals	Popular Music Access: The Sony Music Browser	input/publications-francois-pachet/pachet-03k.pdf	20	5201	225	interest_attention:0/1/1/12; expectation_novelty:0/1/1/4; creation_generation:0/1/0/17; interaction_reflexivity:0/0/0/2; subject_preference:0/2/2/9; temporality_structure:0/1/0/6; constraint_exploration:0/0/0/12	The intentionally ambiguous expression “Popular Music Browser” reflects the two main goals of this project, which started in 1998, at Sony CSL laboratory. First, we are interested in human-centered issues related to browsing “Popular Music”. Popular here means that the music accessed to is widely distributed, and known to many listeners. Second, we consider “popular browsing” of music, i.e. making music accessible to non specialists (music lovers), and allowing sharing of musical tastes and information within communities, departing from the usual, single user view of digital libraries. This research project covers all areas of the music-to-listener chain, from music description - descriptor extraction from the music signal, or data mining techniques -, similarity based access and novel music retrieval methods such as automatic sequence generation, and user interface issues. This paper describes the scientific and technical issues at stake, and the results obtained, and is illustrated by prototypes developed within the European IST project Cuidado. Journal	"We have described the Popular Music Browser project at CSL, by focusing on the and the technical issues related to content-based extraction and access methods. The end result is designed to account for a wide range of listening behaviour, and for users Journal of the American Society for Information Science, 2003 interested in discovering unknown titles, rather than for librarians who know exactly what they look for. This sort of music access is of course not the only one, but we believe that addressing this ill-defined issue of “looking for music” with content- based techniques is of utter importance in our society of insatiable quest for entertainment. Many issues have already been addressed and some with successful results. Many other issues remain to be addressed and will probably pop up when music listeners get used to these novel approaches to browsing. The fun is only beginning. References Allamanche, E. Herre, J. Helmuth, O. Frba, B. Kasten, T. and Cremer, M. (2001) ""Content-Based Identification of Audio Material Using MPEG-7 Low Level Description"" in Proc."	triage lexical seulement				
29	FP-024	2016	Book chapters	Generating non-plagiaristic Markov sequences with max order Sampling	input/publications-francois-pachet/max_order.pdf	19	7682	224	interest_attention:0/0/0/5; expectation_novelty:0/0/0/3; creation_generation:1/0/5/56; interaction_reflexivity:0/0/0/1; temporality_structure:1/0/5/133; constraint_exploration:0/0/0/10		We have introduced the problem of generating Markov sequences satisfying a maximum order, or more generally, containing no forbidden sequence (no-good), an important issue with Markov models that has not, to our knowledge, been addressed previously. In a first step, we formulate the problem in the framework of automata theory, and exhibit an automaton that solves the algebraic problem of generating Markov sequences with no no-goods. In a second step, we extend the automaton and associate it with a linear factor graph to achieve perfect sampling of these sequences, thereby closing the issue. The set of no-goods can be arbitrary (finite) so as to encode any unwanted set of subsequences (not only coming from the corpus). Interestingly, the inverse problem (plagiaristic generation) consisting in guaranteeing that at least one no-good is present in each generated sequence is not of the same nature. This is work in progress. References [1] Aho, A.V., Corasick, M.J.: Efficient string matching: An aid to bibliographic search. Commun. ACM 18(6), 333–340 (1975) [2] Begleiter, R., El-Yani	couverture_argumentaire_complete	fort scientifique	La nouveauté statistique ne garantit pas l'absence de longs fragments copiés ; no-goods et échantillonnage exact sous MAXORDER	idea_0017; idea_0054; idea_0080; idea_0150	PDF p. 1-4, 8-18
30	FP-248	1998	Other	MidiSpace, un spatialisateur Midi interactif	input/publications-francois-pachet/pachet-98-Jim.pdf	11	5229	223	interest_attention:0/0/1/2; expectation_novelty:0/0/0/2; creation_generation:0/0/0/21; interaction_reflexivity:1/2/1/18; subject_preference:0/2/0/6; temporality_structure:0/0/0/15; constraint_exploration:0/3/0/47	Nous présentons dans ce papier un spatialisateur Midi interactif, qui permet à un utilisateur non expert de modifier la localisation de sources sonores de manière interactive. Nous décrivons les principaux problèmes techniques rencontrés et les solutions adoptées. Nous présentons brièvement quelques extensions de MidiSpace en cours permettant de mettre en oeuvre le système dans le cadre du projet d’Ecoute Active de Sony CSL. 1. Ecoute active L’écoute active désigne une des activités de recherche menées dans l’équipe musique du laboratoire Sony CSL de Paris. Elle consiste a explorer divers paramètres de contrôle agissant sur de la musique préenregistrée, et afin d'enrichir la pratique de l'écoute musicale. Ces paramètres de contrôle définissent des espaces virtuels dans lesquels des pièces de musique peuvent être jouées par des auditeurs non experts tout en subissant certaines variations. L'objectif est à la fois d'augmenter le confort d'écoute des auditeurs, mais aussi de proposer des “chemins” à des musiques mal connues ou difficiles d'accès. Proche de l'idée de forme ouverte, l'é	L’étude et la réalisation de MidiSpace a permis de dégager un certain nombre d’idées intéressantes et originales sur l’exploitation de la spatialisation à des fins d’écoute par des non experts. Les travaux en cours concernent d’une part les diverses extensions décrites dans la section précédente. D’autre part, la réalisation d’une version audio de MidiSpace est prévue, en faisant appel par exemple à la librairie DirectX. Elle permettra d’obtenir des résultats plus Page 9 MidiSpace, un spatialisateur Midi interactif. Delerue & Pachet, Journées d’informatique Musicale, JIM 98, Agelonde, D. Arfib Ed. convainquants sur le plan sonore puisque cette librairie intègre, pour gérer la localisation spatiale des sources, non seulement les différences de niveau entre les canaux gauche et droit, mais aussi les différences temporelles et les différences spectrales (prise en compte par un filtre Muffling). Le gain sera également important du point de vue de la source sonore, a priori plus naturelle, et autorisant des source vocales, non disponibles en Midi. 6. Références Ackermann P., Develop	triage lexical seulement				
31	FP-287	1995	Other	Integrating constraint satisfaction techniques with complex object structures	input/publications-francois-pachet/pachet-95d.pdf	13	6193	221	interest_attention:0/0/1/11; creation_generation:0/0/1/32; interaction_reflexivity:0/0/0/5; temporality_structure:1/1/1/36; constraint_exploration:1/6/2/145	"Integrating constraint satisfaction techniques with complex object structures is highly desirable. Several libraries are now available to use algorithms off-the shelf and embed them in large object-oriented systems. However, the design of complex object + constraint problems is an open issue that severely limits the applicability of available libraries. We compare two radically different approaches in designing systems integrating objects and finite domain constraints. In the first approach, constraints are defined within classes and constrain attributes of the class, thereby introducing ""partially instanciated"" objects in the reasoning. In the second approach, constraints are defined outside classes, and constrain fully instanciated objects. We show that, for a particular class of problem, the second solution yields a simpler design while being more efficient. We exemplify our claims by comparing these two approaches on a hard object + constraint problem: four-voice harmonization of tonal melodies, seen as a representative complex configuration problem. 1. Introduction Finite dom"	We are interested in the integration of finite domain CSP with object oriented programming languages, from a technical and a conceptual point of view. We introduced BackTalk, a testbed for studying the integration of current algorithms with Smalltalk. We showed on a simple example drawn from geometry that two main approaches are possible for the design of complex objects + CSP problems. We compared these solutions and showed their respective advantages and drawbacks. We propose a scheme based on the separation of the problem in Pachet, F. Roy, P. Integrating constraint satisfaction techniques with complex object structures. 15th Annual Conference of the British Computer Society Specialist Group on Expert Systems. Cambridge, Dec. 1995, pp. 11-22. successive phases that allows to combine the advantages of both approaches. Each phase corresponds to a level in the composition hierarchy of the domain objects. We illustrate our scheme on a problem known to be complex (automatic harmonization) and show that our approach clearly outperforms preceding attempts at solving the same problem.	triage lexical seulement				
32	FP-254	1998	Other	Formulating Constraint Satisfaction Problems on Part-Whole Relations: The Case of Automatic Musical Harmonization	input/publications-francois-pachet/Pachet-98-EcaiHarmonisation.pdf	11	5607	220	interest_attention:0/0/0/9; expectation_novelty:0/0/0/2; creation_generation:0/1/4/38; interaction_reflexivity:0/0/2/7; temporality_structure:0/2/0/23; constraint_exploration:1/4/2/125	We address the issue of formulating constraint problems in highly structured domains, and focus on the exploitation of part-whole relations. We describe and compare two approaches in problem formulation in this context ; one using a flattened representation of domains, and one using a naturally occurring part-whole relation. We show that the second approach may be much more efficient than the flattened representation, thanks to a judicious partitioning of the constraint problem in several phases. We give a theoretical measure of the respective complexities of the two approaches, and illustrate our result on a difficult and naturally structured musical problem: automatic harmonization of melodies. The resulting system outperforms previous attempts on the same problem. Finally, we propose other applications of our approach for generating automatically musical programs. 1. Formulation of Constraint Satisfaction Problems Constraint satisfaction techniques have been increasingly used for solving difficult combinatorial problems recently, thanks to the availability of efficient algorithm	8. References Amarel, S. (1966). “Comments on the Mechanization of Creative Processes.” IEEE Spectrum. Bukofzer, M. F. (1947) Music in the Baroque Era, from Monteverdi to Bach. Norton & Company. Ebcioglu, K. (1992). An Expert System for Harmonizing Chorales in the Style of J.-S. Bach. Understanding Music with AI: Perspectives on Music Cognition. M. Balaban, K. Ebicioglu and O. Laske, AAAI Press: 294333. Ebcioglu, K. (1993). An Expert System for Harmonizing Four-Part Chorales. Machine Models of Music. S. M. Schwanauer and D. A. Levitt, MIT Press: 385-401. Steels, L. (1979). Reasoning modeled as a Society of Communicating Experts, MIT AI Lab. Steels, L. (1986). Learning the craft of musical composition. ICMC, The Hague (Netherlands). Courtot, F. (1990). A Constraint Based Logic Program for Generating Polyphonies. ICMC 90, Glasgow. Ovans, R. and R. Davison (1992). An Interactive Constraint-Based Expert Assistant for Music Composition. Ninth Canadian Conference on Artificial Intelligence, University of British Columbia, Vancouver, pp. 76-81. Ovans, R. (1992). Efficient Music Comp	triage lexical seulement				
33	FP-240	1999	Other	Le projet Ecoute active à Sony CSL	input/publications-francois-pachet/pachet-99-EcouteActive.pdf	5	2463	219	interest_attention:0/0/0/4; expectation_novelty:0/4/0/10; creation_generation:0/0/0/9; interaction_reflexivity:0/0/0/14; subject_preference:0/2/0/18; temporality_structure:0/0/0/4; constraint_exploration:0/7/0/42	"musicale en améliorant la qualité du son produit, ainsi qu’en introduisant de nouveaux ""Ecoute active"" désigne une activité de contrôles: volume et tonalité (graves/aigus). recherche consistant à explorer divers Plus tard, la stéréophonie a encore amélioré la paramètres de contrôle agissant sur de la qualité du son, et parallèlement ajouté de musique préenregistrée, et permettant nouveaux contrôles (gauche, droite). Enfin, le d'enrichir la pratique de l'écoute musicale. Ces son numérique permet des équalisations plus paramètres de contrôle définissent des espaces fines, et introduit un nouveau cortège de dans lesquels des pièces de musique peuvent potentiomètres. être écoutées par des auditeurs non experts tout en subissant certaines variations. L'objectif est Aujourd’hui comme hier, les avancées à la fois d'augmenter le confort d'écoute des technologiques s’accompagnent de nouveaux auditeurs, mais aussi de proposer des chemins types de contrôles. Lesquels ? Peut-on d’accès à des musiques mal connues ou concevoir des types de contrôles “meilleurs” difficiles. Proche de l’i"		triage lexical seulement				
34	FP-290	1994	Other	Exploiting Regularity in Cyc for Text Generation	input/publications-francois-pachet/pachet-RegularityCyc.pdf	11	5731	218	interest_attention:0/1/0/12; expectation_novelty:0/0/0/3; creation_generation:1/3/0/41; subject_preference:0/0/0/1; temporality_structure:0/0/1/16; constraint_exploration:0/0/3/10	"In order to provide hypertext with text generation facilities we combine hypertext with knowledge bases and create expertext systems. This paper studies a particular characteristics of hierarchical semantic nets called regularity, which has proved to be a very valuable tool for expertext construction and use. We show how regularity can be transposed in the context of the Cyc knowledge base to provide an operational tool for understanding the knowledge base intimate topology. Using radical and provoking hypothesis i) general if-then rules express irregularities, and ii) ""the more regular, the less interesting"", we associate irregularity to text units relevance, to assist expertext users in a number of way, including finding relevant places to input text, helping formulate reading or writing plans, understand the overall system, and suggesting modifications to the knowledge base designers. 1. From hypertext to expertext The combination of hypertext technologies with expert systems techniques is called ""expertext system"" [Rada 89]. Following [Streitz 89] and [Wand & al 91], we think"	The main idea of this argumentation is to use the regularity calculus to find irregularities, and then analyze these irregularities, rather than exploring the knowledge base ad libitum. In this respect regularity is a valuable tool for navigation in big knowledge bases. As a side-effect, regularity provides a way of looking at a slot semantics for discrimination purposes. We claim that slot semantics is defined by the tree of possible inferences that relies on the slot values. For instance, the only difference between the slot owns, possesses, or isLegalOwnerOf are to be found in the respective trees of possible inferences, e.g., own is the only slot that will be used to trigger the rules that talk about buyingTransactions. Since those trees may be potentially very big, regularity can help by providing a high level view of the behavior of a slot in a given context. Slot comparisons can then be based on the comparisons of their respective regularities. Here, the slot own is irregular with regard to temporal sub abstraction, because of the existence of a set of rules that describe th	triage lexical seulement				
35	FP-141	1999	Important conferences	Automatic Generation of Music Programs	input/publications-francois-pachet/pachet-99m.pdf	15	5823	217	interest_attention:0/0/0/5; expectation_novelty:0/0/1/17; creation_generation:1/0/3/35; interaction_reflexivity:0/0/0/2; subject_preference:0/0/0/16; temporality_structure:0/0/2/42; constraint_exploration:0/0/2/97		RecitalComposer is a constraint system for building music delivery services. The system is based on the idea of creating explicit sequences of items, specified by their global properties, rather than computing sets of items satisfying explicit queries. Its main advantage over database or collaborative filtering approaches is that it produces ready to use ordered sequences of items, which satisfy the three goals of music selection, i.e. repetition, surprise, and exploitation of catalogues. 344 François Pachet and Pierre Roy In the current state of our project, music experts create the database and related taxonomies by hand. Current work focuses on the semi-automatic creation and maintenance of large databases of titles. Indeed, some of the attributes can be extracted automatically from input signals (e.g. the tempo, see (Scheirer, 1998)). Finally, relations such as similarity relations between styles could be extracted using collaborative filtering techniques. References 1. Amazon Music web site, www.amazon.com, 1998 2. Beldiceanu, N. Contejean, E. Introducing Global Constraint	couverture_argumentaire_complete	fort, généalogique et formel	Compromis explicite entre répétition et surprise ; continuité par similarité et variété par différence et cardinalité à l'échelle de la séquence	idea_0014; idea_0103; idea_0151	PDF p. 2, 4-5, 8, 13-14
36	FP-175	2015	Other	The Comic Strip Game: observing the impact of implicit feedback in the content creation process	input/publications-francois-pachet/ghedini-15a.pdf	9	4975	217	interest_attention:0/0/0/5; creation_generation:1/0/0/60; interaction_reflexivity:1/0/0/19; subject_preference:0/0/0/65; temporality_structure:0/0/0/8; constraint_exploration:0/0/0/8			triage lexical seulement				
37	FP-111	2014	Important conferences	Avoiding Plagiarism in Markov Sequence Generation	input/publications-francois-pachet/papadopoulos-14a.pdf	7	5646	216	interest_attention:0/0/0/3; expectation_novelty:0/0/0/2; creation_generation:1/4/0/58; interaction_reflexivity:0/0/0/1; temporality_structure:1/3/0/82; constraint_exploration:0/2/0/32	Markov processes are widely used to generate se- p(si+1 |s1 , . . . , si ) = p(si+1 |si−k+1 , . . . , si ). quences that imitate a given style, using random walk. Random walk generates sequences by iteratively con- In theory, higher order Markov models are equivalent to catenating states to prefixes of length equal or less than order 1 models. However, in practice, higher order models the given Markov order. However, at higher orders, offer a better compromise between expressivity and repre- Markov chains tend to replicate chunks of the corpus with a size possibly higher than the order, a primary sentation cost. Variable order Markov models are often used form of plagiarism. The Markov order defines a max- to produce sequences with varying degrees of similarity with imum length for training but not for generation. In the the corpus (Begleiter, El-Yaniv, and Yona 2004). Indeed, in- framework of constraint satisfaction (CSP), we intro- creasing the Markov order produces sequences that replicate duce M AX O RDER. This global constraint ensures that larger chunks of the orig		couverture_argumentaire_complete	moyen précurseur	Première formulation de MAXORDER : l'ordre de Markov borne l'apprentissage mais non la longueur recopiée à la génération	idea_0054; idea_0150	PDF p. 1-3, 6-7
38	FP-223	2001	Other	Musical Mosaicing	input/publications-francois-pachet/zils-01a.pdf	6	4931	215	interest_attention:0/0/0/5; creation_generation:0/7/0/26; subject_preference:0/0/0/6; temporality_structure:0/7/1/104; constraint_exploration:0/5/3/168	sequence generation was introduced by Pachet [2], in the context This work addresses the issue of retrieving efficiently sound of music titles sequencing. In addition, the retrieval system used samples in large databases, in the context of digital music complete search methods which do not scale-up to very large composition. We propose a sequence generation mechanism called databases. The notion of constraints on sounds was addressed by musical mosaicing, which enables to generate automatically Schwarz [3], who proposed a system which handles continuity sequences of sound samples by specifying only high-level constraints on samples. Our music composition system offers more properties of the sequence to generate. The properties of the constraints than continuity. As we will see, many other types of sequence specified by the user are translated automatically into constraints on sounds may be useful when composing, such as constraints holding on descriptors of the samples. The system we difference, cardinality, distribution, etc. propose is able to scale up on databases containing mor	We have introduced a method for retrieving and sequencing samples out of a large database. This method spares to the user the Figure 8: Signal of the musaic task of selecting and locating individual samples. Instead, the user specifies high level properties of the targeted sequence. These The signal is now too complex to show explicit properties of the properties are interpreted by a constraint solver. The examples musaic, we need to use filters to observe its different components. show the power and flexibility of the approach. The expressive power of musaicing is determined by the nature of the available Figure 9 shows the low-pass filtered part of the signal: constraints, but the algorithm presented here makes it very easy to define new constraint classes. Current work consists in coupling the system with a more refined segmentation of source and target music titles into samples, including the detection of stable notes, percussions and singing Figure 9: Low Pass Filtered voice. Secondly, a more robust analysis of the features of the samples is under development, includ	triage lexical seulement				
39	FP-034	2008	Book chapters	Des machines à sortir de soi	input/publications-francois-pachet/Pachet-08-Stiegler.pdf	15	5422	215	interest_attention:0/0/1/13; expectation_novelty:0/0/0/1; creation_generation:0/0/2/49; interaction_reflexivity:0/0/9/94; subject_preference:0/0/0/8; temporality_structure:0/0/1/36; constraint_exploration:0/0/1/13		Nous soutenons ici l’idée que le « futur des contenus » repose autant sur la capacité pour les individus de réaliser leurs potentiel créatif, que dans la possibilité de les connecter toujours plus frénétiquement les uns aux autres. Nous proposons le cadre de l’interaction réflexive pour concevoir des outils permettant à des utilisateurs non experts de construire des objets intéressants, par l’intermédiaire de systèmes d’apprentissage. Une idée importante des interactions réflexives est que la création d’objets est un effet de bord de l’interaction entre un utilisateur et sa propre image, rendue manipulable et explorable de manière intuitive. Cette image construite artificiellement par le système peut reposer sur un modèle stylistique (le Continuateur), une ontologie (le MusicBrowser), un lexique constructif (le design combinatoire). Dans tous les cas, ces objets sont produits comme effet de bord de l’interaction, et produisent des expériences de Flow. Récemment, des expériences décrites dans (Steels & Spranger, 2008) ont exploité à leur manière des interactions réflexives comme un m	triage lexical seulement				
40	FP-258	1998	Other	A Combinatorial Pattern Generation Approach to Content-Based Music Selection	input/publications-francois-pachet/pachet-roy-RecitalComposerSRF.pdf	2	1467	214	interest_attention:0/1/0/1; expectation_novelty:0/0/0/4; creation_generation:1/1/0/13; subject_preference:0/1/0/9; temporality_structure:0/5/0/19; constraint_exploration:0/3/0/44	We describe a system to build on-the-fly music programs that satisfy user preferences, while ensuring global musical consistency. Each item in a database is described by various musical attributes, such as style or tempo. Music programs are seen as sequences of items satisfying predefined constraints. Building sequences is seen as a combinatorial pattern generation problem. We introduce three types of constraints to specify such sequences: constraints of similarity, difference and cardinality, with efficient solving algorithms for each of them. necessary to build interesting sequences are of two sorts: 1. Content-Based Music Selection 1) administrative attributes such as name of title, author, There is a growing need today for intelligent interfaces to duration, 2) musical attributes such as: musical style, type access music catalogues. First, high-speed networking of voice, type of instrumentation, instruments used, type enables large scale access to huge multimedia databases. of melody. Each attribute takes its value within a Second, record companies & broadcasters want a more p		triage lexical seulement				
41	FP-058	2009	Important Journals	Analytical Features: a Knowledge-Based Approach to Audio Feature Generation	input/publications-francois-pachet/pachet-08d.pdf	25	19889	213	interest_attention:0/0/0/29; expectation_novelty:0/0/0/5; creation_generation:1/0/4/203; interaction_reflexivity:0/0/0/44; subject_preference:0/0/0/7; temporality_structure:0/0/0/27; constraint_exploration:0/0/0/38		80 The traditional view of feature generation, inspired by supervised concept induction, is that the performance of 70 classifiers can be boosted if the “natural” features are not expressive enough. In this context, feature generation is 60 an additional method for improving classifier performance, 50 along with feature selection, kernel parameter tuning, and boosting. The situation is diﬀerent when the items to classify 40 are raw signals, as no “natural” features are known a priori. However, there is a huge body of technical knowledge 30 about particular signals types (e.g., audio) and particular 20 operators. For the most part, the link between signals and features for a particular classification task is still 10 performed heuristically and manually in the signal pro- cessing research community. Here we introduce analytical 0 features, in association with a feature generation scheme Stranger Ball Walk Alone Flight Play that produces feature sets adequate for arbitrary supervised audio classification problems. For eﬃciency, the generation of AFs exploi	triage lexical seulement				
42	FP-054	2014	Important Journals	Predicting the Composer and Style of Jazz Chord Progressions	input/publications-francois-pachet/hedges-14a.pdf	16	11396	212	interest_attention:0/0/0/4; expectation_novelty:0/0/1/10; creation_generation:1/0/2/106; interaction_reflexivity:0/0/1/17; subject_preference:0/0/0/4; temporality_structure:0/0/3/100; constraint_exploration:0/0/0/14		Downloaded by [Francois Pachet] at 02:47 13 September 2014 The machine learning techniques presented in the current study have shown that to a large extent, composers can be identi- fied computationally by their chord sequences alone. Marko- vian and novel subsequence matching classifiers (Section 4) returned similar results (accuracies of 59.0% and 55.6% re- spectively, compared to a baseline accuracy of 14.8%), reinforcing trends found in chord sequence classification of the composer collection. Multiple viewpoint representations for classifiers were implemented in Section 5 incorporating harmonic, melodic and temporal information improving clas- Fig. 4. The directed acyclic graph of all subsequences of all lengths (from 8) classified as J.C. (John Coltrane), C.P. (Charlie Parker) or sification accuracy to 67.3%. Finally, an algorithm for T.M. (Thelonious Monk). A vertex is selected for return only if it is selecting stylistically prominent subsequences within a jazz classified in a different class to both its parents. The above example standard found plausible int	triage lexical seulement				
43	FP-210	2004	Other	Children Confronting an Interactive Musical System	input/publications-francois-pachet/pachet-04a.pdf	4	2498	209	interest_attention:0/0/0/16; expectation_novelty:0/0/0/6; creation_generation:0/1/0/19; interaction_reflexivity:1/2/0/47; subject_preference:0/0/0/7; temporality_structure:0/0/0/16; constraint_exploration:0/0/0/3	the impact of existing music software on music education. Many approaches have been proposed to develop and use software technology for musical education. However, the impact on actual State of the art musical pedagogy of these works is relatively poor. We claim that It is impossible to draw a complete list of projects and approaches the main reason of this limited impact is the lack of collaboration to using software technology for music education. However, we can between the system design and educational communities. list some criticisms that we think apply to most of them, in terms of Our project deals with an area still under-studied, that of interactive their applicability in actual pedagogical musical settings: musical systems, and investigates in what ways they can affect the • The issue of fixed musical objectives: Most of learning and the musical creativity of children. In particular, we the pedagogical software are programmed with chose to study young children, 3/5 years old, because in this field, fixed musical objectives in mind: to practice ear the problem of the inter		triage lexical seulement				
44	FP-063	2008	Important Journals	The future of content is in ourselves	input/publications-francois-pachet/pachet-08a.pdf	20	7435	203	interest_attention:0/0/0/23; expectation_novelty:0/0/0/5; creation_generation:0/0/3/78; interaction_reflexivity:0/0/7/141; subject_preference:0/0/0/11; temporality_structure:0/0/1/60; constraint_exploration:0/0/0/11		We sustain here the idea that the future of content, a highly societal problem in principle, lies paradoxically in the capacity of individuals to realize their creative potential, more than in connecting them frantically together. We propose interactive reflexion as a paradigm to build tools in which the expression of this potential is achieved through the manipulation by users of their own image. This image can be a stylistic model (the Continuator), an ontology (the MusicBrowser), or a grounded, active lexicon (combinatorial design games). In all cases, objects are created as a side-effect of this interaction, and result most of the time in Flow generating experiences. Recently, experiments by Steels and Spranger (Steels & Spranger, 2008) have also exploited reflexive interactions as a way for robots to self-teach how to recognize and interpret gestures performed by other robots (see Figure 17). This last scene echoes the mirror scene of the Marx Brothers, in a context where humans have disappeared, but not reflexion: the key ingredient, so I claim, of the future of Content. Figu	triage lexical seulement				
45	FP-031	2010	Book chapters	The Future of Content is in Ourselves	input/publications-francois-pachet/pachet-10b.pdf	20	7475	203	interest_attention:0/0/0/23; expectation_novelty:0/0/0/5; creation_generation:0/0/3/78; interaction_reflexivity:0/0/7/141; subject_preference:0/0/0/11; temporality_structure:0/0/1/60; constraint_exploration:0/0/0/11		We sustain here the idea that the future of content, a highly societal problem in principle, lies paradoxically in the capacity of individuals to realize their creative potential, more than in connecting them frantically together. We propose interactive reflexion as a paradigm to build tools in which the expression of this potential is achieved through the manipulation by users of their own image. This image can be a stylistic model (the Continuator), an ontology (the MusicBrowser), or a grounded, active lexicon (combinatorial design games). In all cases, objects are created as a side-effect of this interaction, and result most of the time in Flow generating experiences. Recently, experiments by Steels and Spranger (Steels & Spranger, 2008) have also exploited reflexive interactions as a way for robots to self-teach how to recognize and interpret gestures performed by other robots (see Figure 17). This last scene echoes the mirror scene of the Marx Brothers, in a context where humans have disappeared, but not reflexion: the key ingredient, so I claim, of the future of Content. Figu	triage lexical seulement				
46	FP-104	2016	Important conferences	Enforcing Structure on Temporal Sequences: the Allen Constraint	input/publications-francois-pachet/AllenMeter.pdf	16	7107	203	interest_attention:0/0/0/1; creation_generation:0/0/2/44; interaction_reflexivity:0/0/0/2; subject_preference:0/0/0/3; temporality_structure:3/0/9/176; constraint_exploration:1/0/5/134		We have presented the Allen global constraint. Allen maintains set-variables representing events in a temporal sequence in two ways: one variable is the set of events occurring at a given position, defined by an Allen relation with a reference time interval; the other variable is the set of indexes of these events. In practice, Allen offers the possibility to control the generation of temporal sequences by constraining events defined by their index and temporal position. We proposed two models for Allen: a simple model using local propagation and a model based on MDDs and shown that the MDD representation, which achieves the global AC of the constraint, performs much better than the simple model on a temporal sequence synchronization problem. Allen makes it possible to model and solve new types of problems involving structural constraints on patterns, represented by sub-sequences. We illustrated Allen on the task of synchronizing several audio tracks. Another application is the generation of structured lead sheets with pattern repetition. Such tasks could hardly be addressed using	triage lexical seulement				
47	FP-209	2005	Other	Experiment with a musical machine	input/publications-francois-pachet/addessi-05b.pdf	6	2558	199	interest_attention:0/0/1/15; expectation_novelty:0/0/0/4; creation_generation:0/0/3/27; interaction_reflexivity:0/0/4/45; subject_preference:0/0/1/8; temporality_structure:0/0/1/18; constraint_exploration:0/0/0/3		The data analyzed until now would suggest that the Continuator is able to develop interesting child/computer interaction, very similar to those of humans, as observed in the infant-adult communication (Stern 1995, Imberty 2002), but with a more mechanical and computational approach (De Kerckhove 1991, Turkle 1984), that would explain why the children found it so exiting. From a pedagogical point of view, one of the most result is that this system is able both to develop very attentive listening, creative musical behaviors, and personal musical style improvisation, based on the ability and musical knowledge of the children. The results also suggested some reflections on what the human can learn about themselves by observing this system, e.g. the method to teach music improvisation. Therefore the data allow us to understand not only some mechanisms of child/computer interaction, but rather something about the nature of human interactions. We are now analyzing systematically all children that took part in the experiment, by means an observation grid. Observation of a larger sample woul	triage lexical seulement				
48	FP-174	2015	Other	Improving music composition through peer feedback: experiment and preliminary results	input/publications-francois-pachet/dani-15b.pdf	5	3932	199	interest_attention:0/0/0/1; expectation_novelty:0/0/0/2; creation_generation:1/0/0/92; interaction_reflexivity:1/0/0/34; subject_preference:0/0/0/9; temporality_structure:0/0/0/4; constraint_exploration:0/0/0/10			triage lexical seulement				
49	FP-269		Other	Acquisition des connaissances et improvisation: la Partition Intérieure Interactive	input/publications-francois-pachet/Jim97-final.doc.pdf	11	7362	198	expectation_novelty:0/0/0/2; creation_generation:1/0/0/102; interaction_reflexivity:1/0/0/28; subject_preference:0/0/0/10; temporality_structure:0/0/0/22; constraint_exploration:0/0/0/12			triage lexical seulement				
50	FP-213	2004	Other	The HiFi of the Future: Toward new modes of Music-ing	input/publications-francois-pachet/pachet-04i.pdf	19	4715	197	interest_attention:0/0/0/8; expectation_novelty:0/0/1/5; creation_generation:0/1/2/35; interaction_reflexivity:0/1/1/19; subject_preference:0/1/1/29; temporality_structure:0/0/0/9; constraint_exploration:0/0/1/44	His paper argues that the evolution of Hifi systems is undertaking major changes, due to the possibility of creating and manipulating metadata for large music collections. We describe here an ongoing project about the Hifi of the future, and present several innovative applications dealing with musical metadata in an integrated way. Three hitherto separated musical activities: accessing, performing and learning can be united in a single environment, allowing many new modes of “making” music. Keywords: Hifi, Music, metadata. 1 Introduction : The Diversity of Musical Activities The recent collapse of the traditional music industry (strong decrease in CD sales) is a symptom of a crisis which is not simply a commercial one. Indeed, this paper argues that it is not only the CD sales which have come to an end, but also the very traditional usages of music, in particular music listening which have now to be reconsidered. We stress on the fact here that the technologies referred to as “content technologies”, in particular metadata, offer radically new ways of envisioning music enjoym	The new possibilities offered by the systematic digitisation of popular culture, together with the power of metadata techniques makes it possible to envisage today new modes of music enjoyment. A complete list of such modes is yet to be determined, but we propose here several cases of music applications based on putting together listening, access performing and learning. The development of these modes require non trivial manipulations of a large set of computer technologies, ranging from descriptor extraction to gesture recognition. These manipulation are greatly simplified by the use of dedicated framework, such as MCM. But these applications are only a starting point and it is hoped that many more ideas can be found to create novel modes of music access and enjoyment that make use meaningfully of these huge quantities of music now being offered to us. 6 References Assayag G., Agon C., Fineberg, J., Hanappe P., “An Object Oriented Visual Environment For Musical Composition”, Proceedings of the International Computer Music Conference, pp. 364-367, Thessaloniki, 1997.	triage lexical seulement				
51	FP-267	1997	Other	L’espace dans le projet ” La partition intérieure interactive “	input/publications-francois-pachet/rousseaux-Espace-97.pdf	15	6343	193	interest_attention:0/0/0/3; creation_generation:0/3/0/85; interaction_reflexivity:1/3/0/33; subject_preference:0/0/0/2; temporality_structure:0/0/0/28; constraint_exploration:0/1/0/5	“La Partition Intérieure” est un livre sur l'improvisation musicale qui rencontre un franc succès éditorial; ce succès incite l'auteur à explorer la possibilité d'une “Partition Intérieure Interactive” au format électronique (typiquement, un site INTERNET ou un CD-ROM), qui adresserait une nouvelle demande du public tout en permettant d'élucider certains points restés dans l'ombre : Comment est utilisé l'ouvrage “La Partition Intérieure” ? Quel peut être le rapport exact d'un dire sur l'improvisation à l'acte vécu d'improviser ? Le projet de conception d'une “Partition Intérieure Interactive” est conduit autour de la notion d'espace, considéré comme détermination intentionnelle d'un ensemble visant à faire émerger des formes en masquant les attracteurs de forme dans les dimensions de l'espace. Pour concevoir l’artefact informatique qui sera commercialisé sous l'appellation de “Partition Intérieure Interactive”, il s'agit de modéliser l'environnement global au sein duquel l’artefact sera investi d'esprit, soit en d'autres termes l'environnement au sein duquel la production symboliqu		triage lexical seulement				
52	FP-212	2004	Other	Child Computer Interaction: Observations in Classroom Setting	input/publications-francois-pachet/pachet-04c.pdf	17	9362	192	interest_attention:0/0/0/47; expectation_novelty:0/0/0/21; creation_generation:0/0/0/75; interaction_reflexivity:1/0/0/126; subject_preference:0/0/0/59; temporality_structure:0/0/0/81; constraint_exploration:0/0/0/19			triage lexical seulement				
53	FP-211	2004	Other	Children’s interaction with a Musical Machine	input/publications-francois-pachet/pachet-04b.pdf	12	6973	192	interest_attention:0/0/0/19; expectation_novelty:0/0/0/10; creation_generation:0/0/0/55; interaction_reflexivity:1/0/0/85; subject_preference:0/0/0/39; temporality_structure:0/0/0/76; constraint_exploration:0/0/0/22			triage lexical seulement				
54	FP-070	2005	Important Journals	Experiments with a Musical Machine: Musical Style Replicatio	input/publications-francois-pachet/pachet-04j.pdf	26	11588	192	interest_attention:0/0/1/52; expectation_novelty:0/0/0/15; creation_generation:0/0/0/72; interaction_reflexivity:0/0/5/123; subject_preference:0/0/0/51; temporality_structure:0/0/1/119; constraint_exploration:0/0/0/29		In the two case studies presented above we can observe an interaction between the children and the system that builds up over time, passing through various dynamic states which do not necessarily follow a linear order. We shall now underline the significant aspects of these two cases, interpreting them in the light of developmental theories and more especially of musical development in children. The interpretation of these two case studies allows us to give some answers to the questions raised at the beginning of this paper regarding the nature of interaction between a child and a machine, especially with the particular system used in this experiment. Nature of the interaction The two case studies would suggest that the Continuator is able to develop interesting child/computer interaction, very similar to that between humans. This phenomenon seems to have its origins in the ability of the system to replicate the musical style of the children. The interaction based on repetition/variation allows the children to organise their musical discourse, passing, as in the case of Tom, from	couverture_argumentaire_complete	fort	États non linéaires de l'engagement, temps morts de réajustement, règles implicites et réemploi créatif de l'erreur	idea_0006; idea_0011; idea_0137; idea_0147; idea_0149	PDF p. 8-23, conclusion p. 24
55	FP-191	2008	Other	Teaching to Improvise with the Continuator	input/publications-francois-pachet/benghi-08a.pdf	1	1923	192	interest_attention:0/0/1/1; creation_generation:1/0/0/3; interaction_reflexivity:0/0/2/12; subject_preference:0/0/1/1; temporality_structure:1/0/3/8; constraint_exploration:0/0/0/3		 Th e initial res ults sh o w ho w childr e n wh o hav e us e d the syst e m in individu al s e s s i o n s hav e ac q uir e d gr e at e r skills in impr o vi s ati o n playin g, e s p e c i ally the inter a ctiv e as p e c t an d the vari ety of on e’ s mu si c al vo c a b ul ary ar e impr o v e d . Leo is studying glissato Filo is listening the  Also the syst e m is positiv ely ac c e pt e d by the childr e n as a partn er of with the Continuator Continuator’s answer study an d res e a r c h to impr o v e their perfor m a n c e skills. As w ell the particular intera cti o n b et w e e n syst e m an d childr e n en c o u r a g e s elfTh e pair that us e the Continu at or in the individu al s e s s i o n de v e l o p gr e at go v e r n m e n t in learnin g an d the childr e n activ ely actin g on their impr o vi s ati o n ability in c olle ctiv e s e s s i o n s . learnin g. We hav e cr e at e d an ob s e r v a ti o n grid to an aly s e the participant's We believe that many of the interesting properties emerging from in our experiments arise from the efficiency of the con	triage lexical seulement				
56	FP-257	1998	Other	MusicSpace: a Constraint-Based Music Spatializer	input/publications-francois-pachet/PachetDelerue-98-SRF-final.pdf	6	3710	190	interest_attention:0/0/0/3; expectation_novelty:0/0/0/1; creation_generation:0/0/0/16; interaction_reflexivity:0/0/0/3; subject_preference:0/3/1/22; temporality_structure:0/0/0/1; constraint_exploration:1/7/5/141	We describe a system in which users may control in real time the position of sound sources. We introduce the problem of mixing consistency, as the maintenance of good properties of sound source configurations, and propose a solution based on a constraint propagation mechanism. In the authoring mode, sound engineers may specify which spatialization constraints should be satisfied. In the listening mode listeners can modify the position of sources, and the constraint solver ensures the constraints are satisfied. connected to it, such as a mixing console, a Midi Spatializer, or a more sophisticated spatialization system 1. Music Spatialization such as [6]. We believe that listening environments of the future can be greatly enhanced by providing users more meaningful sound source user control. The most straightforward musical control is probably the spatialization of sound sources. Music spatialization has long been an intensive object of   study in computer music research. Most of the work so far has concentrated in building software to simulate acoustic environments for sound sig	The MusicSpace system shows that it is possible to give users new degrees of freedom in sound spatialization, while preserving some semantics on the mixing of sound sources. MusicSpace provides a high level command language for moving groups of related sound sources, and may be used to control an arbitrary spatialization system. MusicSpace was connected successfully to a Midi Spatialization system for playing midi files, to a midi-controlled audio mixing console for mixing multi- track recordings, as well as to Ircam’s spatialization system [6]. These applications promote the idea of dynamic mixing, where sound engineers can delegate safely a part of their responsibility in the mixing to listeners. Figure 10: a full configuration with 11 audio tracks and 6 handles. 8. References [1] Borning A., Anderson R., Freeman-Benson B., “Indigo: A Local Propagation Algorithm for Inequality Constraints”, Proceedings of the ACM Symposium on User Interface Software and Technology, pp. 129-136, 1996. [2] Borning A., Freeman-Benson B., “Ultraviolet: A Constraint Satisfaction Al	triage lexical seulement				
57	FP-243	1999	Other	MusicSpace: a Constraint-based Music Spatializer	input/publications-francois-pachet/pachet-99-SRF-final.pdf	6	3710	190	interest_attention:0/0/0/3; expectation_novelty:0/0/0/1; creation_generation:0/0/0/16; interaction_reflexivity:0/0/0/3; subject_preference:0/3/1/22; temporality_structure:0/0/0/1; constraint_exploration:1/7/5/141	We describe a system in which users may control in real time the position of sound sources. We introduce the problem of mixing consistency, as the maintenance of good properties of sound source configurations, and propose a solution based on a constraint propagation mechanism. In the authoring mode, sound engineers may specify which spatialization constraints should be satisfied. In the listening mode listeners can modify the position of sources, and the constraint solver ensures the constraints are satisfied. connected to it, such as a mixing console, a Midi Spatializer, or a more sophisticated spatialization system 1. Music Spatialization such as [6]. We believe that listening environments of the future can be greatly enhanced by providing users more meaningful sound source user control. The most straightforward musical control is probably the spatialization of sound sources. Music spatialization has long been an intensive object of   study in computer music research. Most of the work so far has concentrated in building software to simulate acoustic environments for sound sig	The MusicSpace system shows that it is possible to give users new degrees of freedom in sound spatialization, while preserving some semantics on the mixing of sound sources. MusicSpace provides a high level command language for moving groups of related sound sources, and may be used to control an arbitrary spatialization system. MusicSpace was connected successfully to a Midi Spatialization system for playing midi files, to a midi-controlled audio mixing console for mixing multi- track recordings, as well as to Ircam’s spatialization system [6]. These applications promote the idea of dynamic mixing, where sound engineers can delegate safely a part of their responsibility in the mixing to listeners. Figure 10: a full configuration with 11 audio tracks and 6 handles. 8. References [1] Borning A., Anderson R., Freeman-Benson B., “Indigo: A Local Propagation Algorithm for Inequality Constraints”, Proceedings of the ACM Symposium on User Interface Software and Technology, pp. 129-136, 1996. [2] Borning A., Freeman-Benson B., “Ultraviolet: A Constraint Satisfaction Al	triage lexical seulement				
58	FP-029	2012	Book chapters	Musical Virtuosity and Creativity	input/publications-francois-pachet/pachet12b.pdf	36	14325	189	interest_attention:0/0/0/31; expectation_novelty:0/0/0/7; creation_generation:1/0/0/274; interaction_reflexivity:0/0/0/21; subject_preference:0/0/0/19; temporality_structure:0/0/0/100; constraint_exploration:0/0/0/86			triage lexical seulement				
59	FP-023	2017	Book chapters	The Score Effect in Collective Jazz Improvization	input/publications-francois-pachet/Do-Jazz-Improvizers-Really-Interact.pdf	15	5471	189	interest_attention:0/0/0/2; expectation_novelty:0/0/0/3; creation_generation:0/2/1/43; interaction_reflexivity:0/6/5/95; subject_preference:0/0/0/1; temporality_structure:0/0/0/7; constraint_exploration:0/0/0/1	Musicians, critics, musicologists and even lay audience seem to agree that improvising musicians interact with each other during collective improvisation. However little is known about the nature of such interactions. In particular, a key question is to which extent this interaction involves the content of the music (rhythm, harmony, melody, expressiveness)? Such a question is crucial for designing smarter music interaction systems. In this chapter, we propose an analytical framework to identify correlates of content-based interaction. We illustrate the approach with the analysis of interaction in a typical jazz quintet. We extract audio features from the signals of the soloist and the rhythm section. We measure the dependency between those time series with correlation, cross-correlation, mutual information, and Granger causality, both when musicians play concomitantly and when they do not. We identify a significant amount of dependency, but we show it is mostly due to the use of a common musical context, which we call the score effect. Therefore, we argue that either content-based	The goal of this study is to assess to which extent human musicians improvising jazz with a shared lead sheet actually interact with each other during solos. To this aim, we proposed a framework for analysis, based on the comparison of correlation estimators computed when musicians play together and when they do not. We illustrated our approach with the analysis of multitrack audio recordings of jazz performances. We studied the correlation between the solo (saxophone) player and the rhythm section (bass and drums), as well as between the members of the rhythm section. We analyzed the audio signals corresponding to performances where the musicians played concomitantly, and when they did not. We used 72 features, and 4 types of correlation indicators. We did not find statistically significant correlates of interaction between audio signals, beyond the score effect. Therefore, we argue that either content-based 5 They are available at http://flow-machines.com/InteractionAnalysis interaction in jazz is a myth or that (more probably) interactions do take place but at yet unknown musi	triage lexical seulement				
60	FP-274	1996	Other	EpiTalk, a Platform for Epiphyte Advisor Systems Dedicated to Both Individual and Collaborative Learning. Intelligent Tutoring Systems	input/publications-francois-pachet/giroux-96a.pdf	10	4882	188	interest_attention:0/0/0/1; expectation_novelty:0/0/0/2; creation_generation:0/0/1/34; interaction_reflexivity:1/0/7/80; temporality_structure:0/0/1/16; constraint_exploration:0/0/0/5		Télé-université supplies learners with information systems that either help them to manage their on-going learning processes or that enable them to perform their tasks. Furthermore distance learning asks for resources capable to start off again a stalled learning process. That is where advisors take up their duties. In distance education, advisors have to address both individualized and collaborative learning. In this paper, we have shown how EpiTalk helps to design, generate, launch, graft and monitor advisor information systems for both individual and collaborative learning processes. Advisors produced by EpiTalk rely on agents, organizational reflection and hierarchical knowledge graphs. Hierarchical graphs help to design and structure descriptions of an advisor. Using a hierarchical knowledge graph enabled to combine Giroux et al. A Platform for Epiphyte Advisor Systems Dedicated to both individual and Collaborative Learning. Proc. of ITS’96, Montréal, Springer-Verlag Lecture Notes in Computer Science, 1086, pp. 363-371 (1996) at run-time plan recognition and the production of	triage lexical seulement				
61	FP-246	1998	Other	Annotations for Real Time Music Spatialization	input/publications-francois-pachet/pachet-98-KRIMSfinal.pdf	10	5432	187	interest_attention:0/1/0/3; expectation_novelty:0/0/0/1; creation_generation:0/0/0/21; interaction_reflexivity:0/3/0/22; subject_preference:0/3/0/43; temporality_structure:0/0/0/68; constraint_exploration:0/4/0/106	We are interested in developing multimedia technology for enriching the listening experience of average listeners. One main issue we focus on is the design and construction of software systems in which users interact with music in various ways while maintaining as much as possible the semantics of the original music. In this context, we develop a research activity concerning music spatialization. We propose a system called MidiSpace, in which users may listen to music while controlling in real time the localization and spatialization of sound sources, through a simple interface. In this paper we show how to represent various information about the musical content as annotations, and how to exploit these annotations to enrich the interaction with the user. We propose a format for these annotations, and an implementation of an interactive real time player. We further introduce a constraint propagation mechanism that ensure the spatialization always satisfies some mixing properties. We finally show that these constraints can themselves be represented as annotations in our framework. e		triage lexical seulement				
62	FP-137	2002	Important conferences	The Continuator: Musical Interaction with Style	input/publications-francois-pachet/pachet-02f.pdf	9	6346	187	interest_attention:0/0/0/5; expectation_novelty:0/0/0/2; creation_generation:0/0/0/93; interaction_reflexivity:1/0/0/61; subject_preference:0/0/0/6; temporality_structure:1/0/0/168; constraint_exploration:0/0/0/25			triage lexical seulement				
63	FP-169	2019	Other	Comment on “Assisted lead sheet composition using FlowComposer”	input/publications-francois-pachet/2016-flowcomposer.pdf	6	2451	187	interest_attention:0/0/0/7; expectation_novelty:0/0/0/2; creation_generation:1/0/4/40; interaction_reflexivity:0/0/0/14; subject_preference:0/0/0/1; temporality_structure:0/0/0/12; constraint_exploration:0/0/0/28		This paper was presented at the Application track of CP 2016. It is indeed an applied paper as it describes a system that has been used successfully to generate original music. In this note, however, we emphasise the fact that this paper is an offshoot of a more general and ambitious quest that transcends the dichotomy between “applied” and “basic” research. It is only because we had high-level, ambitious and ill-defined goals (essentially, show how AI could impact music composition) that this work was conducted, and it is only in the light of these goals that it made any sense. 4 https://www.helloworldalbum.net/press/ 5 e.g. “AI and humans collaborated to produce this hauntingly catchy pop music” by Melissa Avdeef, or ”Is this the world’s first good robot album?” by Alex Marshall Comments on “Assisted lead sheet composition using FlowComposer” 5 References 1. Aucouturier, J., Pachet, F.: Improving timbre similarity : How high’s the sky ? J. Negative Results in Speech and Audio Sciences (2004) 2. Aucouturier, J.J.: Ten Experiments on the Modelling of Polyphonic Timbre. Ph.	triage lexical seulement				
64	FP-178	2015	Other	Capturing a Musician’s Groove: Generation of Realistic Accompaniments from Single Song Recordings	input/publications-francois-pachet/ramona-15b.pdf	2	1379	186	interest_attention:0/0/0/2; creation_generation:1/3/3/21; interaction_reflexivity:0/0/1/4; subject_preference:0/0/0/1; temporality_structure:0/2/1/8; constraint_exploration:0/0/0/2	This demonstration presents a concatenative syn- thesis engine for the generation of musical accom- paniments, based on chord progressions. The sys- tem takes a player’s song recording as input, and generates the accompaniment for any other song, based on the input content. We show that work- ing on accompaniment requires a special care about temporal deviations at the border of the sliced chunks, because they make most of the rhythmic groove. We address it by discriminating acciden- Figure 1: Overview of the ReChord Player engine. tal deviations against intentional ones, in order to correct the first while keeping the second. We will used and in their progression. Because it relies on the prior provide a full demonstration of the system, from knowledge of the lead sheet chord progression, the synthesis the recording process to the generation, in various process in ReChord deals with the chords (described by their conditions, inviting the audience to participate. pitch, type and duration) to slice and concatenate the audio chunks. This chord-scale scheme raises two i	Figure 2: Accidental anticipation adjustment: the first note of This demonstration aims at convincing the audience about the the green pattern is synchronized with the beat through time- importance of temporal deviations in preserving the groove of compression. a gven accompaniment style and showing how style capture can be achieved with very sparse datasets. It also aims at showing an entertaining and creative application of AI. This approach is validated in [Ramona and Pachet, 2015] on Bossa Nova and Pop guitar strumming generation. A comparative evaluation shows that the proposed approach im- References proves the expressiveness of the generation with more diverse [Moreira et al., 2013] Julian Moreira, Pierre Roy, and and lively accompaniments. François Pachet. Virtualband: Interacting with stylistically consistent agents. In Proc. ISMIR ’13, 2013. 2 Demo Scenario [Pachet et al., 2013] François Pachet, Jeff Suzda, and Daniel Martin. A comprehensive online database of machineThe demonstration will be performed by the second author readable leadsheets for jazz standards. In	triage lexical seulement				
65	FP-103	2017	Important conferences	Sampling Variations of Sequences for Structured Music Generation	input/publications-francois-pachet/pachet-17d.pdf	7	5290	186	interest_attention:0/0/0/4; expectation_novelty:0/0/0/4; creation_generation:1/0/0/82; interaction_reflexivity:0/0/0/5; subject_preference:0/0/0/2; temporality_structure:2/0/0/107; constraint_exploration:0/0/0/13			couverture_argumentaire_complete	fort	Répétitions et variations explicites donnent direction et intention apparente, mais la structure empruntée relève du templagiarism	idea_0016; idea_0080	PDF p. 1-2, 4-7
66	FP-239	1999	Other	Constraint Satisfaction and Symbolic Reasoning for Reactive Control Systems	input/publications-francois-pachet/liret-99b.pdf	9	4042	182	interest_attention:0/0/1/1; creation_generation:0/0/1/45; subject_preference:0/0/0/3; temporality_structure:0/0/0/7; constraint_exploration:2/8/7/181	This paper proposes a an object-oriented framework for solving constraint satisfaction problem, with a collaboration between consistency methods and deductive symbolic manipulation of constraints. Objectoriented approach is adapted to the design of constraint-based control system, (for instance CDL, a control and information system for unmanned vehicles or remote surveillance). The solver is designed as a reactive object which reacts to events on variables, constraints, symbolic manipulation results and authorizes adding or removing a constraint. Combining numerical and symbolical reasoning to handle constraints improve the reaction of the system, in quality and rapidity sometimes. It detects inconsistency earlier and therefore avoids bad answer to the user. But symbolic manipulation should carefully used, in relation to the knowledge of experts and to the solver status. Thus a mechanism of extensible and combinable invariants allows to specify and enforce strategy in a declarative manner, as well as the statement of uncertain strategy thanks to heuristic rules. One uncertain strate	Representing and dealing with design knowledge in a declarative manner is promising for designing control systems and in general systems that dynamically maintain the consistency of an environment. Representation with constraints and rules is straightforward and understandable for experts. The resolution process is automatically performed, which avoids experts to consider the process in all and helps them to focus their interest on the strategies. Moreover the merits to use an object-oriented approach are threefold: 1) Application concepts and global constraints are defined and represented at high-level, 2) subclassing make simple to integrate a declarative architecture for specifying any invariant of strategy, 3) events propagation between autonomous solvers allows to combine constraints symbolic manipulation techniques with existing consistency methods and also to fine-tune resolution strategies into a reactive constraint-based control application. The collaboration between constraints and Formal Reasoning (CSP+FR) detects inconsistency earlier, solves the problem more directly an	triage lexical seulement				
67	FP-304	1992	Other	Rule Base Inheritance	input/publications-francois-pachet/pachet-92a.pdf	15	5233	181	interest_attention:0/1/1/7; expectation_novelty:0/0/0/1; creation_generation:0/2/1/25; subject_preference:0/0/0/5; temporality_structure:0/1/1/9; constraint_exploration:0/3/1/41	We study the transposition of the inheritance mechanism of class-based languages in a forward-chaining rule-based environment. This mechanism allows to specify various levels of organization for a rule base, which represent a notion of generalization/specialization. We show that this mechanism has some interesting practical effects : a conceptual one (the vision of a rule base as a specialization of other rule bases), and in relation with control (the inheritance tree is associated to a particular control structure). We describe our implementation of the mechanism in the NéOpus system, which integrates first order forward-chaining rules within Smalltalk-80. We finally give some examples of applications. Keywords : inheritance, rule-based programming, rule bases, control strategies Résumé Nous étudions la transposition du mécanisme d'héritage des langages de classes dans un environnement de règles d'inférences en chaînage avant. Ce mécanisme permet d'ajouter un niveau supplémentaire d'organisation pour les bases de règles de notre système qui représente la notion de généralisation/	We have described a transposition of the inheritance mechanism of object-oriented language in the world of rule bases. This mechanism allows to represent the notion of generality for rules, and has some interesting practical effects, such as the factorization of rules, the ability to redefine rules, and a simple and efficient control structure. We described an implementation of this mechanism in the NéOpus system, and showed practical applications. This mechanism has now proved to be useful for building rule bases. It may be considered as a methodological tool as well as a programming tool, and thus constitutes a major step towards object-oriented rulebase programming. 7. References Alizon F. Huet G. Essaim : un environnement de programmation Smalltalk destiné à la construction de systèmes experts. Note technique CNET NT/LAA/SLC/299, 1988. ART ART Reference Manual, v 3.0, January 1987, Inference Corporation. Atkinson R.,Laursen J. Opus : A Smalltalk Production System. OOPSLA '87 pp. 377-387. Brownston L. & al. Programming Expert Systems in OPS5. An Introduction to Rule-Ba	triage lexical seulement				
68	FP-195	2007	Other	EarToy: Interactions ludiques par l’audition	input/publications-francois-pachet/viaud-delmon-07a.pdf	5	3717	173	interest_attention:0/0/0/2; expectation_novelty:0/0/0/5; creation_generation:0/0/0/9; interaction_reflexivity:1/0/2/54; subject_preference:0/0/0/22; temporality_structure:0/0/0/4; constraint_exploration:0/0/2/22		Information Visualization (IV2001), IEEE Computer Society Press, 2001. L’idée centrale sous-jacente au projet EarToy est d’exploiter un principe d’interaction [10] Beilharz, K. “Wireless gesture controllers to audition/corps/espace rendu accessible par le recours affect information sonification”, Proceedings aux techniques dérivées de la réalité virtuelle. Notre of ICAD 05, 2005. démarche est radicale en ce qu’elle consiste à modifier [11] Röber, N., Masuch, M. “Leaving the screen – les modalités d’interactions usuelles en plaçant new perspectives in audio-only gaming”, l’utilisateur dans une situation d’exploration accordant Proceedings of ICAD 05, 2005. la primauté à l’audition et l’action, voire excluant la vision. Cette démarche fait l’objet de recherches et de développements dans les communautés des neurosciences et de la réalité virtuelle, notamment du jeu, mais place le domaine musical dans une position naturellement privilégiée pour aborder ces questions.	triage lexical seulement				
69	FP-088	1997	Important Journals	Reifying Constraint Satisfaction in Smalltalk	input/publications-francois-pachet/pachet-97-reifying_constraint_satisfaction_in_smalltalk.pdf	22	7461	172	interest_attention:0/1/0/6; creation_generation:0/0/0/15; interaction_reflexivity:0/0/0/2; temporality_structure:0/1/0/8; constraint_exploration:1/10/1/170	We discuss the problem of the representation of constraints in an object-oriented programming language. We focus on a particular topic - constraint satisfaction for finite domains - and propose a class library that integrates constraints within an object-oriented language. The library is based on the systematic reification of variables, constraints, problems and algorithms. The library is implemented in Smalltalk, and is used to state and solve efficiently complex constraint problems involving Smalltalk structures. 1. Introduction Constraint satisfaction programming (hereafter referred to as CSP) is a powerful paradigm for solving complex combinatorial problems, which has gained attention in recent years, particularly with work on constraint logic programming. The notion of constraint was initially seen as an algorithmic problem, e.g. by [Mackworth 77] who sees constraint graphs as networks of relations for finite domains, or in the Alice system [Laurière 78] for integrating finite domain constraints with optimization. Other techniques for non finite domains have been extensively s	Based on our experience with the system, we discuss here what we claim are the four most important characteristics of BackTalk. 5.1. Reusing class libraries as they are The first original feature of BackTalk is to allow the reusability of any library of classes, and any system class. In example 4.1 we saw how the MusES library was used to design an efficient harmonization system in BackTalk, without modifying any line of the library. Example 4.2 illustrates the reuse of system classes (here class String). Class reuse has also methodological advantages, such as reducing the number of constrained variables when expressing constraints on complex objects (see [Pachet & Roy 95b] for details). 5.2. Providing a library of algorithms The second original feature concerns the representation of algorithms. BackTalk provides several algorithms to solve CSP, organized in a class hierarchy. Because algorithms are represented as objects, they are easily interchangeable, and can be combined, for instance when different sub-problems in an application require different solving procedures. Typical	triage lexical seulement				
70	FP-082	2002	Important Journals	Playing with Virtual Musicians: the Continuator in practice	input/publications-francois-pachet/pachet-02b.pdf	7	3236	172	interest_attention:0/0/0/3; expectation_novelty:0/0/1/5; creation_generation:0/0/1/26; interaction_reflexivity:0/0/3/34; subject_preference:0/0/0/5; temporality_structure:1/0/1/52; constraint_exploration:0/0/1/14		"We have described the issues at stake for putting into practice a musical interactive system with a style learning facility. Examples of the system (audio and video extracts) can be found at our web site: http://www.cs.sony.fr/~pachet/Continuator. Many lessons learned from these real words experiments are related to the issues of setting the right values for the numerous parameters of the system. One important and unexpected conclusion is also that the complexity of the parameterization somehow hides a new musical role. Instead of trying to assign automatically consistent values to parameters and simplify the system’s interface, we now investigate better designs for a fully-fledged interface that would turn the system into a real control instrument. This role corresponds in fact to the transposition of the conductor in the world of digital collaborative music making. References Brooks, Hopkins, Neumann & Wright. ""An experiment in musical composition."" IRE Transactions on Electronic Computers, 6(1), 1957. Cope, David. Experiments in Musical Intelligence. Madison, WI: A-R Editions,"	triage lexical seulement				
71	FP-205	2006	Other	Young children musical experience with a flow machine	input/publications-francois-pachet/addessi-06c.pdf	8	4995	170	interest_attention:0/0/1/23; expectation_novelty:0/0/0/2; creation_generation:0/0/0/23; interaction_reflexivity:0/0/3/49; subject_preference:0/0/0/10; temporality_structure:0/0/1/26; constraint_exploration:0/0/3/36		In this paper we has introduced an observative study on the 0 interaction between children and a musical interactive sys- 1 2 3 tem, the Continuator, according to the theory of Flow. We can observe some children’s conducts linked to all the Figure 8. The dynamic profile of the states of Flow and variables of the observation grid (focused attention, conControl in the first three session played by each child. centration, intrinsic motivation, etc). And also we notice the presence of the Flow indicators of Custodero. The state of Flow and the other emotive states, connected to it, are The graph (fig.8) describes, in particular, the profile of the mostly present in the tasks with the system. The results Flow and of the Control in the first three tasks played by allow to assert the experience has been prevalently pleasant children from the beginning of the experience. It’s impor- and significant, especially if we consider the exploration tant to remember that the order of the tasks, in the third and learning. So it is possible to define this experience as session is random. The s	couverture_argumentaire_complete	moyen méthodologique	Grille de neuf variables de flow, comparaison avec/sans système et alternance d'états affectifs observés	idea_0011; idea_0121; idea_0149	PDF p. 3-7
72	FP-126	2005	Important conferences	Ringomatic: A Real-Time Interactive Drummer Using Constraint-Satisfaction and Drum Sound Descriptors	input/publications-francois-pachet/aucouturier-05a.pdf	8	6110	168	interest_attention:0/0/0/4; creation_generation:0/0/0/19; interaction_reflexivity:1/0/0/22; subject_preference:0/0/0/2; temporality_structure:0/0/0/22; constraint_exploration:1/0/0/88			triage lexical seulement				
73	FP-090	1997	Important Journals	EpiTalk, Generating advisor agents for existing information systems	input/publications-francois-pachet/paquette-97a.pdf	31	10946	167	interest_attention:0/0/0/4; creation_generation:1/2/0/62; interaction_reflexivity:0/1/0/111; temporality_structure:0/1/0/20; constraint_exploration:0/0/0/15	Advisor components play an important role in intelligent tutoring systems and learning environments, as well as in electronic performance support systems and help components of commercial applications. A complete advisor should go beyond mere contextual help wired in an information system. It should achieve good balance between the user’s and the advisor’s initiative. It should be able to offer suggestions at different levels of abstraction, from very domain-specific suggestions to more abstract generic problem solving methods. Finally, it should use various viewpoints on the user’s tasks, and support collaborative as well as individual activities. Indeed, this is not trivial. We present here the research results of the first phase of the ÉpiTalk project. ÉpiTalk is a generic tool designed to facilitate the development of advisor systems. It is based on a design process that formalizes task analysis results in the form of a tasks tree, further structured by progression links between progress levels associated with each task. A model of the application needs to be built		triage lexical seulement				
74	FP-263	1998	Other	Conception par objets d’un système pour combiner raisonnement formel et satisfaction de contraintes	input/publications-francois-pachet/gdr-liret-98-GDRsubmitted.pdf	10	4512	167	interest_attention:0/0/1/6; expectation_novelty:0/0/0/1; creation_generation:0/0/2/18; temporality_structure:0/0/0/1; constraint_exploration:1/5/4/86	Dans de nombreux problèmes combinatoires, il existe des situations dans lesquelles les techniques classiques de satisfaction de contraintes, s'adaptent mal : le résultat n'est obtenu qu'au prix d'une énumération combinatoire de l'ensemble des solutions potentielles. Par ailleurs, ces situations se résolvent souvent facilement par un raisonnement formel basé sur la manipulation symbolique des contraintes. Dans cette optique, le système Alice proposait de combiner les techniques de satisfaction de contraintes avec un raisonnement formel basé sur l'introduction de contraintes redondantes plus simples. Parallèlement les techniques de calcul symbolique comme les systèmes de réécriture restent difficilement intégrables, malgré leur développement. Afin d'étudier quand et comment le raisonnement formel et le filtrage de contraintes peuvent se combiner au cours d'une résolution, nous reconstruisons le système Alice, en utilisant la programmation par objets. De plus, nous proposons d'utiliser la réécriture comme support au raisonnement formel. Le système, AliceTalks, contient son	La satisfaction de contraintes attire par son formalisme général de spécification de problèmes combinatoires et pas ses nombreux algorithmes efficaces. Cependant nous avons identifié plusieurs situations dans lesquelles les techniques classiques de CSP se réduisent à une énumération brutale et systématique, tandis qu'un raisonnement formel sur les contraintes trouve la solution simplement et de manière plus directe. Il est donc intéressant de pouvoir combiner les deux stratégies, filtrage et raisonnement formel au cours d'une résolution. Le système Alice fut le premier à exploiter cette idée. La reconstruction d'Alice dans un langage à objets, a été pour nous un moyen de mettre en évidence les idées inexploitées de son auteur, J.L. Laurière. Dans notre système, AliceTalks, les techniques de déduction symbolique, comme la réécriture, sont mises au service de la résolution de problèmes combinatoires. Le raisonnement formel et le filtrage sont combinés grâce, à la fois, au traitement de toutes les contraintes dans leur forme normale, et la génération de nouvelles contraintes redondan	triage lexical seulement				
75	FP-136	2002	Important conferences	Scaling up Music Playlist Generation	input/publications-francois-pachet/pachet-02d.pdf	4	3140	165	interest_attention:0/0/0/3; expectation_novelty:0/0/0/2; creation_generation:1/0/3/25; interaction_reflexivity:0/0/0/4; subject_preference:0/0/0/4; temporality_structure:0/0/0/28; constraint_exploration:0/0/2/52		We have introduced a technique for generating playlists from large music catalogues that satisfy arbitrarily complex constraints. Our approach is based on the use of adaptive search techniques, and the design of generic constraint classes such as cardinality and distri- bution. We have illustrated our system with a non-optimized Java prototype on a realistic music catalogue, with automatically ex- tracted metadata. This playlist generation facility is a key feature of the content-based music browser developed in the context of Figure 3: Ratio between the convergence times to the first ”best” the Cuidado European Project [10]. The optimized version of our approximate solution and to the exact solution, plotted versus the system should allow almost real time solutions on realistic music database size. The median value is 26% catalogues.	triage lexical seulement				
76	FP-108	2015	Important conferences	Generating all Possible Palindromes from Ngram Corpora	input/publications-francois-pachet/papadopoulos-15a.pdf	7	5929	165	interest_attention:0/0/0/6; expectation_novelty:0/0/0/1; creation_generation:1/0/0/58; subject_preference:0/0/0/2; temporality_structure:0/0/0/27; constraint_exploration:1/0/0/20			triage lexical seulement				
77	FP-170	2017	Other	Rethinking Reflexive Looper for structured pop music	input/publications-francois-pachet/marchini-17nime.pdf	6	5288	165	interest_attention:0/0/0/3; creation_generation:0/0/0/35; interaction_reflexivity:1/0/0/39; subject_preference:0/0/0/3; temporality_structure:1/0/0/48; constraint_exploration:0/0/0/45			triage lexical seulement				
78	FP-188	2012	Other	bulletin de l’AFIA	input/publications-francois-pachet/AFIA78.pdf	63	38811	164	interest_attention:0/0/1/27; expectation_novelty:0/0/0/39; creation_generation:0/0/1/450; interaction_reflexivity:0/0/0/90; subject_preference:0/0/0/32; temporality_structure:0/0/0/46; constraint_exploration:0/0/2/87		3.6 Conception inventive et optimisation En résumé, nous avons abordé dans cet article un cer- Ces deux approches sont opposables comme nous tain nombre de perspectives ouvertes quant au dévelopl'avons vu et complémentaires. En eet, la conception in- pement de la méthode et à l'élargissement de son champ. ventive n'est intéressante pour la résolution que si toutes On a vu également qu'elle n'est pas sans connexion les optimisations possibles ont été faites. Toutefois, nous avec certains travaux d'IA. C'est pourquoi, nous pensons l'avons constaté dans une de nos applications, la phase que la communauté TRIZ gagnerait à ce que d'autres de formulation du problème (complexe) a révélé qu'une chercheurs, y compris d'autres domaines que ceux des solution d'optimisation possible n'avait pas été eectuée. sciences de la conception, investiguent certains champs L'optimisation est souvent nécessaire pour passer à décrits dans cet article, mais aussi que l'intégration d'une l'évaluation de la solution et complète ainsi la méthode. démarche similaire au raisonnement analogique utilisé en Il	triage lexical seulement				
79	FP-234	2000	Other	Logiques de Descriptions pour l’Analyse Structurelle de Film	input/publications-francois-pachet/carrive-00a.pdf	16	7167	161	interest_attention:0/0/0/2; expectation_novelty:0/0/0/3; creation_generation:0/1/1/30; interaction_reflexivity:0/0/0/2; subject_preference:0/0/0/3; temporality_structure:1/3/4/143; constraint_exploration:0/3/1/70	In the context of video indexing, we present the Clavis system in which typical video sequences of television programs are represented by templates. Templates are terminological constraint networks in which video segments coming from automatic analysis tools are represented in a description logic formalism. Templates allow to express complex classes of video sequences with temporal constraints associated to a regular expression operator. Recognizing occurrences of a template in a video program is a plan recognition problem for which efficient methods have been implemented in a constraint satisfaction problem framework. The paper describes the system and illustrates its use with several experiments that were done in the context of the DiVAN european project. Introduction An important step towards content-based indexing television programs is the segmentation of the video into independent meaningful units, intermediate between the shot and the complete program. This is an inherently ill-posed problem in general, since even experts fail to agree on a common vocabulary of those units,	We have shown in this paper that a plan recognition approach, making use of complex temporal relations between video segments can be both useful and efficient for solving a variety of video segmentation and indexing tasks. This temporal framework is obviously not sufficient for solving all problems, and should be extended to deal with other relations, such as image or sound similarity between segment classes, and numerical temporal constraints. While this paper focused on the macrosegmentation task, such extensions could be even more useful in other applications, such as the automatic generation of video abstracts. More work is also needed to determine whether this temporal framework is necessary (compared to other simpler approaches using regular expressions and finite automata) for solving the task at hand. This work should be extended in two main directions. First, experimentations showed that designing a template for a collection is not a trivial task, even for television experts, and that the quality of the results depends critically on such difficult design choices as tempor	triage lexical seulement				
80	FP-117	2012	Important conferences	Markov Constraints for Generating Lyrics with Style	input/publications-francois-pachet/barbieri-12a.pdf	6	6033	160	interest_attention:0/0/0/2; expectation_novelty:0/0/0/4; creation_generation:1/0/0/106; interaction_reflexivity:0/0/0/5; temporality_structure:0/0/0/39; constraint_exploration:1/0/0/115			couverture_argumentaire_complete	moyen à fort	Le couplage entre modèle stylistique et contraintes globales surpasse Markov pur et contraintes pures ; sélection humaine dans la réécriture de Yesterday	idea_0080; idea_0109	PDF p. 1-6
81	FP-051	2016	Important Journals	A Joyful Ode to Automatic Orchestration	input/publications-francois-pachet/pachet-16a.pdf	13	6306	160	interest_attention:0/0/1/16; expectation_novelty:0/0/0/4; creation_generation:0/0/3/87; interaction_reflexivity:0/0/1/10; subject_preference:0/0/0/4; temporality_structure:0/0/0/21; constraint_exploration:0/0/0/21		Regardless of the various outcomes, this experiment was above all an experiment in holistic research. The main lesson learned is that focusing on one dimension of music only (be it the melody, chords, harmony, rhythm, timbre, etc.) is not enough to generate anything convincing to a wide audience. The beauty (and difficulty) of music is precisely that it requires a simultaneous consideration of all its dimensions at once to make sense. By having to put together several ingredients of music generation, we identified new problems we had not thought of, some of which are mentioned in this article. Another interesting problem we found is: “how to remove notes in a melody so that you can still recognize it?” This process is at play with the melody used for the lounge style: almost all notes of the original theme were removed, but it is still somehow recognizable. This was done by hand in this project, but the question remains: how to design an algorithm that strips out notes and keeps only the essential ones so that the melody can still be recognized? A more general problem that became	triage lexical seulement				
82	FP-260	1998	Other	Logiques de Descriptions pour L’analyse Structurelle de Film	input/publications-francois-pachet/carrive-00b-1.pdf	9	7033	159	interest_attention:0/0/0/1; expectation_novelty:0/0/0/4; creation_generation:0/4/0/38; interaction_reflexivity:0/0/0/5; subject_preference:0/2/0/4; temporality_structure:1/0/0/64; constraint_exploration:0/0/0/14	prémisses des règles sont directement observables dans le Principe de l’émission : Ce magazine, présenté par L. Weil, flux vidéo et elles s’appliquent de manière générale pour est composé de présentation de sujets promotionnels sur les tout type de document. Ces règles sont essentiellement films qui vont sortir (...) fondées sur l’observation de l’alternance de différents Déroulement chronologique : Durant le premier plateau, types de transitions de plan (« cuts » et transitions xxx présente l’émission (sommaire en images). Il lance graduelles), sur la similarité des plans entre eux, avec des ensuite le premier sujet (...) mesures simples sur les histogrammes de couleurs, sur la présence ou l’absence de musique, sur la durée relative Dispositifs des plans, etc. La règle illustrée par la figure 5 signifie que Générique : début sur fond noir, incrustation du titre lorsqu’on se trouve en présence d’au moins quatre plans Dispositifs plateau : monocaméra, le siège du présentateur est (...) séparés par des « cuts » suivis d’une transition graduelle, Construction générale : p		triage lexical seulement				
83	FP-318	1992	Thesis	Représentation de connaissances par objets et règles: le système NéOpus	input/publications-francois-pachet/pachet-92b.pdf	285	77715	158	interest_attention:0/0/0/31; expectation_novelty:0/1/0/58; creation_generation:0/0/0/286; interaction_reflexivity:0/0/0/24; subject_preference:0/0/0/17; temporality_structure:0/1/0/116; constraint_exploration:0/2/0/338	"Ce travail consiste à étudier l'intégration d'un mécanisme d'inférence d'ordre un en chaînage avant dans un environnement objet, au sens strict du terme. Cette intégration est étudiée du double point de vue implémentatoire et méthodologique. Le système ainsi conçu, NéOpus, est une reprise et une continuation du système Opus [Atkinson&Laursen 87], à l'origine de nos idées. Nous énoncons les principes fondamentaux de l'intégration objet/règles (Principe de fermeture, Principe ""Tout objet"" et principe ""Tout expression""). Dans un premier temps nous en étudions les conséquences sur notre technique d'inférence, et en déduisons de nouveaux mécanismes : extensions de la notion de variable de règle (variables locales, locales déclenchantes et objets nommés), notion d'héritage transposé aux bases de règles, architecture procédurale ""objet"" de contrôle. Dans un deuxième temps, nous mettons notre système à l'épreuve pour en explorer les possibilités et les limites. Nous en déduisons un principe d'utilisation (le principe de modified), et enfin apportons un élément de réponse au problème de la r"	Séquencement des règles par instanciation V. Praxis Le séquencement des règles est opéré par l'instanciation de l'objet DeuxMains. Ainsi les règles de calcul de mois ne sont déclenchables que quand une instance de DeuxMains existe. Les mois n'ont pas à être tous présents Seul le mois de la date à calculer peut être déclaré dans le contexte. On peut écrire alors une méthode de lancement qui rend la base de règles beaucoup plus efficace: lanceAvecDate: uneDate Demain _ DateOpus new. self executeWithObjects: (Array with: uneDate mois with: uneDate). Ceci nous montre comment l'initialisation du contexte d'activation d'une base de règles contient aussi des connaissances sur le mode de fonctionnement de la base en question. Un seul demain, plusieurs aujourd'hui Le fait que le lendemain soit déclaré comme objet nommé rend impossible l'utilisation de la base pour plusieurs dates simultanément. Si on veut se permettre cette possibilité, il faut alors déclarer la date de demain comme variable d'ordre un standard. Mais on perdra du coup la possibilité de séquencement par instanci	triage lexical seulement				
84	FP-253	1998	Other	Consistency of Temporal Constraint Networks for Medical Monitoring : Binary or Nary Constraints ?	input/publications-francois-pachet/RamauxLiret-98-Ecai-final.pdf	8	6995	157	interest_attention:0/0/0/9; expectation_novelty:0/0/0/1; creation_generation:0/0/0/23; subject_preference:0/0/0/3; temporality_structure:1/0/0/38; constraint_exploration:2/0/0/113			triage lexical seulement				
85	FP-057	2011	Important Journals	Closed-loop bird-computer interactions: A new method to study the role of bird callings	input/publications-francois-pachet/lerch-10a.pdf	11	6851	156	interest_attention:0/0/0/2; expectation_novelty:0/0/1/2; creation_generation:0/0/0/16; interaction_reflexivity:1/0/2/75; subject_preference:0/0/0/5; temporality_structure:0/0/0/4; constraint_exploration:0/0/0/2		This article presents a new approach to studying bird vocal communication. Our proposal is to put the bird in a closed- loop interaction with a computer (artificial interaction). The fundamental novelty of this research is that the system, consisting of a recording device, a computer, audio anal- ysis software, and a playback device, is an active compo- nent of the experiment. In earlier attempts at using automatic audio analysis techniques, the analysis was only used after the experiment itself to process the signals recorded to help the researchers interpret the results (Der- égnaucourt et al. 2005; Giret et al. in press; Tchernichov- ski et al. 2004). In the implementation of the framework described herein, the bird is recorded and the computer uses signal- processing techniques to analyze its vocalizations in real time to produce an adapted response. Several experimental protocols can be implemented in this framework, depend- ing on various parameters, e.g., the type of response the Fig. 5 Mean ± SE rank of classification of the number of calls computer plays	triage lexical seulement				
86	FP-096	1995	Important Journals	Régularité, Génération de documents et Cyc	input/publications-francois-pachet/mili-95b.pdf	19	13282	155	interest_attention:0/0/0/27; expectation_novelty:0/0/0/3; creation_generation:1/0/0/76; interaction_reflexivity:0/0/0/3; subject_preference:0/0/0/2; temporality_structure:0/0/0/38; constraint_exploration:0/0/0/26			triage lexical seulement				
87	FP-306	1991	Other	A meta-level architecture for analysing jazz chord sequences	input/publications-francois-pachet/pachet-91-a_meta.pdf	4	2027	154	interest_attention:0/0/2/2; creation_generation:0/0/1/11; interaction_reflexivity:0/0/0/1; subject_preference:0/0/0/3; temporality_structure:1/0/5/42; constraint_exploration:0/0/1/18		"Our system is to be compared with the backward-chaining apporach described in [Steedman], that defines a set of transformation rules with which an initial chord sequence is analysed and reduced to a root sequence (such as the 12-bar blues). We are mostly interested by those chord sequences that would not be considered syntacticaly correct by such grammars, but for which there are acceptable solutions (the evidence is that musicians do analyse such chord sequences). For instance, tunes like C. Mingus's ""Good bye pork pie hat"", or even the standard D. Gillespie ""Night in Tunisia"" may not be analysed correctly with those techniques, because they are only locally syntactically correct, and do not derive from a root sequence. Our system gives plausible analyses for those tunes. However, unlike backard-chaining systems, it is not able to give multiple solutions in cases of ambiguous chords. Moreover, our system is interesting because it gives the opportunity of experiencing various control strategies on the same knowledge base. This system is an application of a general architecture for r"	triage lexical seulement				
88	FP-093	1996	Important Journals	Representing Temporal Musical Objects and Reasoning in the MusES System	input/publications-francois-pachet/pachet-96b.pdf	19	8588	151	interest_attention:0/0/0/6; expectation_novelty:0/0/0/1; creation_generation:0/0/2/50; interaction_reflexivity:0/0/0/4; subject_preference:0/0/0/5; temporality_structure:1/0/5/186; constraint_exploration:0/0/0/12		We described a framework for representing temporal objects and reasoning in the context of tonal music. The framework is based on a temporal ontology organized around three basic classes, and extended using the two main mechanisms of object-oriented programming: class inheritance and delegation. The claim that the resulting framework is use-neutral is backed up by examples of sophisticated temporal objects taken from two substantial musical knowledgebased systems. Other musical applications are in progress (automatic harmonization, pattern induction), which make full use of the temporal kernel described here, thereby validating our initial design choices. References Allen J.F. (1983) Maintaining Knowledge About Temporal intervals, Communications of the ACM, 16 (11), pp. 832-843. Allen J.F. (1984) Towards a general theory of action and time, Artificial Intelligence, vol. 23, pp. 123-154. Ames, C. & Domino, M. (1992). Cybernetic Composer: an overview, In M. Balaban, Ebicioglu K. & Laske, O. eds., Understanding Music with AI: Perspectives on Music Cognition, The AAAI Press, Califo	triage lexical seulement				
89	FP-244	1999	Other	Constraints and Multimedia	input/publications-francois-pachet/pachet-99-ALP.pdf	5	4697	151	interest_attention:0/0/0/3; expectation_novelty:0/0/0/2; creation_generation:0/0/0/20; interaction_reflexivity:0/0/1/3; subject_preference:0/0/0/29; temporality_structure:0/0/1/31; constraint_exploration:1/0/9/101		· Sampler Builder There are lots of other applications of constraints in the field of The simplest application of this technology is a system targeted at multimedia that we do not mention here for reason of space: music professionals for building music programs (so-called constraint-based drum machines, in which constraints are used to samplers) from a given database. In the application, the user can specify temporal relations between percussive instruments, specify the constraints using an interface, and launch the system on constraint-based control of sound synthesis, constraint-based a database. This system is aimed at professionals who want to classification systems for annotation of multimedia document express explicitly all the properties of the desired programs, and (ongoing DIVAN Esprit project), a etc. These applications and thus have full control on all the constraints. projects show that the new landscape of digital multimedia opens · Progressive programs new doors for interactive multimedia environments. We have In this scheme, the user only specifies the stylistic struc	triage lexical seulement				
90	FP-109	2015	Important conferences	Exact Sampling for Regular and Markov Constraints with Belief Propagation	input/publications-francois-pachet/papadopoulos-15b.pdf	11	4775	146	interest_attention:0/0/1/1; expectation_novelty:0/0/0/1; creation_generation:0/0/2/40; interaction_reflexivity:0/0/0/2; subject_preference:0/0/0/1; temporality_structure:0/0/5/94; constraint_exploration:1/0/3/55		We defined a belief propagation model for sampling Markov sequences that are accepted by a given automaton. To this aim, we introduced a tree-structured factor graph, on which belief propagation is polynomial and exact. This factor graph uses binary factors, which encode a type of conjunction between the underlying Markov model and the given automaton. We showed that this procedure allows us to sample sequences faster than equivalent CP models, and demonstrated that such sequences are sampled with their exact probabilities. This result can be used for sequence generation problems in which users want a set of solutions that are both probable in a given statistical model, and satisfy hard regular constraints. More generally, we believe that this approach offers an interesting bridge between statistical inference and constraint satisfaction. Exact Sampling for Regular and Markov constraints with BP 9 Acknowledgments. This research is conducted within the Flow Machines project funded by the ERC under the European Unions 7th Framework Programme (FP/2007-2013) / ERC Grant Agreement n.	triage lexical seulement				
91	FP-089	1997	Important Journals	NeoGanesh: A working system for the automated control of assisted ventilation in ICUs	input/publications-francois-pachet/dojat-97a.pdf	33	8404	145	interest_attention:0/0/0/6; expectation_novelty:0/0/0/4; creation_generation:0/0/0/13; interaction_reflexivity:0/0/0/9; temporality_structure:0/0/1/65; constraint_exploration:1/3/1/86	Automating the control of therapy administered to a patient requires systems which integrate knowledge of experienced physicians. This paper describes NéoGanesh, a knowledge-based system which controls, in closed-loop, the mechanical assistance provided to patients hospitalized in Intensive Care Units. We report on how new advances in knowledge representation techniques have been used to model the medical expertise. The clinical evaluation shows that such a system discharges the medical staff from routine tasks, improves the patient's care, and efficiently supports medical decision regarding weaning. To be able to work in closed-loop and to be tested in real medical situations, NéoGanesh deals with a voluntarily limited problem. However, embedded in a powerful distributed environment, it is intended to support future extensions and refinements and to support reuse of knowledge bases. Keywords: Intensive-Care Monitoring, Knowledge Representation, Distributed Architecture, Closed-Loop Control, Mechanical Ventilation. 2	NéoGanesh is based on current AI technologies: sophisticated knowledge representation and temporal reasoning in a distributed architecture. We have chosen an environment which combines actors, objects, and production rules. We fully exploit the well known mechanisms of object-oriented programming and by using the inheritance mechanism our system can be easily extended. Preliminary clinical studies performed at Henri Mondor Hospital have demonstrated that patients show less signs of respiratory discomfort with an automatic control of the ventilation (the NéoGanesh system) than without it. Moreover, the diagnosis proposed by this system, concerning the capability of the patient to breathe without external assistance, is more efficient than with the usual manual procedure. 26 The extensive use of the system will contribute to its improvement (knowledge encoded, enhancement of the data interpretation methods) and will fully validate this new technique for automatic supervision of assisted ventilation. It will directly contribute to the definition and test of guidelines	triage lexical seulement				
92	FP-062	2008	Important Journals	Classification of dog barks: a machine learning approach	input/publications-francois-pachet/molnar-08a.pdf	12	8353	145	interest_attention:0/0/0/1; expectation_novelty:0/0/0/4; creation_generation:0/0/0/19; interaction_reflexivity:1/0/0/28; subject_preference:0/0/0/11; temporality_structure:0/0/0/8; constraint_exploration:0/0/0/12			triage lexical seulement				
93	FP-041	2000	Book chapters	Computer Analysis of Jazz Chord Sequences. Is Solar a Blues?	input/publications-francois-pachet/pachet-97-Computer_Analysis_of_Jazz_Chord_Sequences.pdf	21	11951	144	interest_attention:0/0/0/12; expectation_novelty:0/0/0/3; creation_generation:0/0/0/74; interaction_reflexivity:0/0/0/1; subject_preference:0/0/0/7; temporality_structure:1/3/0/118; constraint_exploration:0/0/0/15	This chapter investigates the issue of the role of the computer in musical analysis. Starting with a survey of the main approaches in computer analysis, we focus on the particular problem of Jazz chord sequences harmonic analysis. We propose a theory of chord sequence analysis, based on an explicit conceptual hierarchy of analysis objects. We discuss the implementation of the theory and its results on a typical example (Blues for Alice, by Charlie Parker), for which the system produces an analysis which conforms exactly to human interpretation. We also exhibit a chord sequence, Solar (by Miles Davis), for which the results of the system do not conform to human perception, i.e. it does not find it is a Blues. We conclude on the issue of the role for the computer in musical analysis. Key words: harmonic analysis, Jazz, Blues, computer analysis, production rules. 1. Introduction There is a fascinating force governing musical analytical processes: the pleasure of possession. Since musical analysis became a pursuit in its own right, i.e. approximately the end of the XIXth century, vari		triage lexical seulement				
94	FP-087	1999	Important Journals	A Combinatorial approach to Content-based Music Selection	input/publications-francois-pachet/pachet-99e.pdf	6	5136	141	interest_attention:0/0/0/3; expectation_novelty:0/1/0/18; creation_generation:0/2/0/30; interaction_reflexivity:0/0/0/2; subject_preference:0/1/0/13; temporality_structure:0/1/0/49; constraint_exploration:0/0/0/90	2. Goals of Music Selection Advances in networking and transmission of digital multimedia data will bring soon huge catalogues of We define in this section the music selection problem music to users. Accessing these catalogues raises a according to the goals of the user and the content provider. problem for users and content providers, that we define as the music selection problem. We introduce three 2.1 The user’s viewpoint main goals to be satisfied in music selection: match The problem of choosing items is general in western user preferences, provide users with new music, and societies, in which there is an ever increasing number of exploit the catalogue in an optimal fashion. We propose products available. For entertainment and specially music, a novel approach to music selection, based on however, the choosing problem is specific, because the computing coherent sequences of music titles, and show underlying goals - personal enjoyment and excitement - do not that this amounts to solving a combinatorial pattern fall in the usual categories of rational decision making. generation		triage lexical seulement				
95	FP-226	2001	Other	Guitare électrique nouvelle génération	input/publications-francois-pachet/pachet-jim-01.pdf	7	3419	141	interest_attention:0/0/0/1; expectation_novelty:0/0/0/6; creation_generation:1/0/0/46; interaction_reflexivity:0/0/0/9; subject_preference:0/0/0/3; temporality_structure:0/0/0/27; constraint_exploration:0/0/0/19			triage lexical seulement				
96	FP-069	2005	Important Journals	Jamming With Plunderphonics: Interactive Concatenative Synthesis of Music	input/publications-francois-pachet/aucouturier-05c.pdf	10	9803	141	interest_attention:0/0/0/5; creation_generation:0/0/0/30; interaction_reflexivity:1/0/0/35; subject_preference:0/0/0/2; temporality_structure:0/0/0/50; constraint_exploration:0/0/0/241			triage lexical seulement				
97	FP-056	2011	Important Journals	Finding Good Acoustic Features for Parrot Vocalizations: the Feature Generation Approach	input/publications-francois-pachet/giret-09a.pdf	11	9423	141	interest_attention:0/0/0/2; expectation_novelty:0/0/0/2; creation_generation:1/0/0/56; interaction_reflexivity:0/0/0/11; subject_preference:0/0/0/13; temporality_structure:0/0/0/12; constraint_exploration:0/0/0/5			triage lexical seulement				
98	FP-171	2016	Other	Sampling Markov Models under Binary Equality Constraints is Hard	input/publications-francois-pachet/rivaud-16a.pdf	7	4238	141	interest_attention:0/0/0/3; creation_generation:0/0/1/24; interaction_reflexivity:0/0/0/2; subject_preference:0/0/1/3; temporality_structure:0/0/3/34; constraint_exploration:1/0/6/74		We have introduced a sampling problem originating Figure 7 – Left : Quotient constraint graph of example shown from a music generation problem : sampling Marin Figure 1, after marginalization of unconstrained variables. Right : Unwrapped chain correpsonding to the quotient graph. 2. The most outputed sequence being Bb, Cm, F, Bb, Bb, Mapping : (x1,5 ! y1 , y4 ) , (x2,6 ! y2 ) , (x3,7 ! y3 ). Bb, Cm, F, Bb, Cm, F, Bb. kov sequences satisfying a set of binary equality tember 16-20, 2013. Proceedings, pages 448–463, constraints. We have shown that the problem in gene- 2013. ral is #P-hard. The proof is based on the fact that a [7] Michael Morin and Claude-Guy Quimper. The binary CSP can be transformed into a Markov model markov transition constraint. In Integration of subject to equality constraints. We have empirically AI and OR Techniques in Constraint Programshown that it is possible to sample such sequences ming - 11th International Conference, CPAIOR using filtering at the price of a significant statistical 2014, Cork, Ireland, May 19-23, 2014. Proceebias. We have shown that for	triage lexical seulement				
99	FP-095	1995	Important Journals	Effective domain-dependent reuse in medical knowledge bases	input/publications-francois-pachet/dojat-95a.pdf	33	11622	139	interest_attention:0/0/0/5; expectation_novelty:0/0/0/13; creation_generation:0/3/1/22; interaction_reflexivity:0/0/0/3; subject_preference:0/0/0/5; temporality_structure:0/0/1/68; constraint_exploration:0/0/0/85	"Knowledge reuse is now a critical issue for most developers of medical knowledge-based systems. As a rule, reuse is addressed from an ambitious knowledge engineering perspective that focuses on reusable general purpose knowledge modules, concepts and methods. However, such a general goal fails to take into account the specific aspects of medical practice. From the point of view of the knowledge engineer, whose goal is to capture the specific features and intricacies of a given domain, this approach addresses the wrong level of generality. In this paper, we adopt a more pragmatic viewpoint, introducing the less ambitious goal of ""domain-dependent limited reuse"", and suggesting effective means of achieving it in practice. In a knowledge representation framework combining objects and production rules, we propose three mechanisms emerging from the combination of object-oriented programming and rule-based programming. We show how these mechanisms contribute to achieve limited reuse and to introduce useful limited variations in medical expertise."	We will discuss the disadvantages and advantages of our methodology as compared with other approaches. 7.1. Problems with Declarative Knowledge Representation Our approach directed by the classical object-oriented perspective (so-called message passing) has been challenged by knowledge representation specialists (for ex., see (38,43)). Objects are viewed as closed entities that can be addressed only via the interface defined by their class. In particular, obtaining the logical value of their properties requires the use of procedures that must be explicitly defined in their 26 26 class, whereas in a frame-based model one has direct access to the slots, which are felt to carry semantic information. Indeed, the encapsulation principle gets in the way by hiding the object structure (looked upon as mere implementation detail by software engineers) and hampers the declarative and explicative capacities of the system. This problem is visible in at least two places in the NéOpus system and requires additional information from the programmer: 1) it creates a need for declaring expl	triage lexical seulement				
100	FP-245	1999	Other	MusicSpace: a Constraint-based Control System for Music Spatialization	input/publications-francois-pachet/pachet-99-ICMC99.pdf	4	2393	139	interest_attention:0/0/0/1; creation_generation:0/1/0/11; interaction_reflexivity:0/0/0/2; subject_preference:0/2/0/15; temporality_structure:0/0/0/1; constraint_exploration:2/3/0/85	Common graphical interfaces for 3D sound spatialization systems are usually based on a direct mapping of sound sources to icons. The result is that only one sound source can be moved at a time by the user. To make these interfaces more useable, we introduce constraints, as relations between sound sources which should always be satisfied. These constraints are enforced by a constraint solver which operates in real time. We illustrate the system - MusicSpace - on a number of situations like listening, mixing and composing. sound source 1. Music Spatialization α ρ Music spatialization has long been an intensive object of study in computer music research. Most of the work so far has concentrated in building software to simulate acoustic listener’s avatar environments for existing sound signals. These techniques typically exploit difference of amplitude in sound channels, delays between sound channels to account for interaural distances, and sound filtering techniques such as Figure 1. Volume of sound_sourcei = f(distance(graphicalreverberation to recreate impressions of distance (e.		triage lexical seulement				
101	FP-202	2006	Other	New technologies for new music education: The Continuator in a classroom setting	input/publications-francois-pachet/ferrari-06a.pdf	7	4272	139	interest_attention:0/0/0/21; expectation_novelty:0/0/0/1; creation_generation:0/0/0/33; interaction_reflexivity:0/0/0/40; subject_preference:0/0/0/20; temporality_structure:1/0/0/46; constraint_exploration:0/0/0/28			triage lexical seulement				
102	FP-142	1998	Important conferences	MidiSpace: a Constraint-based Temporal Music Spatializer	input/publications-francois-pachet/pachet-98d.pdf	9	5953	137	interest_attention:0/0/0/2; expectation_novelty:0/0/0/1; creation_generation:0/0/0/26; interaction_reflexivity:0/0/0/6; subject_preference:0/0/0/42; temporality_structure:1/0/0/56; constraint_exploration:1/0/0/170			triage lexical seulement				
103	FP-097	1995	Important Journals	Des systèmes conseillers épiphytes	input/publications-francois-pachet/giroux-95a.pdf	28	9539	135	interest_attention:0/0/0/2; expectation_novelty:0/0/0/7; creation_generation:0/1/3/59; interaction_reflexivity:0/1/1/81; temporality_structure:0/1/0/25; constraint_exploration:0/0/0/7	Dans le cadre de la formation à distance, l'absence de tutorat direct exige la mise en place de ressources pour relancer un processus d'apprentissage en difficulté ainsi que des outils pour surveiller la progression des étudiants. De plus, un campus virtuel constitue l’exemple par excellence d’un environnement de formation réparti. A leur manière, les systèmes multi-fenêtres actuels sont aussi logiquement répartis. Dès lors il n’est pas surprenant qu’une même plate-forme EpiTalk serve pour le développement de systèmes conseillers dans les deux cas de figure. Cependant il faut choisir avec soin les éléments qui sous-tendent cette plate-forme. Dans EpiTalk, ce sont les agents, les organisations et les graphes hiérarchiques. Les agents consacrent l’autonomie de chaque composante du système conseiller; cette autonomie est essentielle dans les systèmes répartis. Les organisations lient les agents entre eux à l’exécution. Les graphes hiérarchiques structurent la description des systèmes conseillers et dictent à l’exécution les voies de communication entre agents. Ainsi EpiTalk sert tout a	Dans le cadre de la formation à distance, l'absence de tutorat direct exige la mise en place de ressources pour relancer un processus d'apprentissage en difficulté ainsi que des outils pour surveiller la progression des étudiants. Les systèmes conseillers constituent une composante privilégiée de l'arsenal de support pour la formation à distance. EpiTalk est une plate-forme qui permet de décrire, de générer et de gérer des systèmes conseillers multi-agents. EpiTalk propose un certain nombre de solutions aux problèmes inhérents à la construction de systèmes conseillers. Ces solutions reposent sur l’autonomie des agents conseillers, sur le regroupement des agents en organisations et sur la structuration des ces organisations par l’intermédiaire d’un graphe des tâches. Chaque graphe des tâches correspond à un point de vue particulier. Ces points de vue cohabitent grâce à l’autonomie des agents. Le graphe des tâches agit en intermédiaire entre le concepteur et le système conseiller qui sera généré. Il articule les différentes connaissances sur le conseil. Ses informations permettront au	triage lexical seulement				
104	FP-028	2015	Book chapters	Giant Steps in Jazz Practice with Social Virtual Band	input/publications-francois-pachet/ramona-15a.pdf	18	6789	135	interest_attention:0/0/0/2; expectation_novelty:0/0/0/5; creation_generation:0/0/1/58; interaction_reflexivity:0/0/5/33; subject_preference:0/0/0/5; temporality_structure:0/0/1/35; constraint_exploration:0/0/0/21		Social Virtual Band raises many issues related to jazz pedagogy and its social aspects. The system described here is a first step to provide the learning musician with an automatic feedback on his performance. Our focus here is to provide a measure of the student’s skills estimated on a solo he performed. The in-scale rate, described herebefore, is an important measure that will soon be completed by the on-beat rate and the continuity measure, as defined in Section 1.3. However, it is crucial to determine how this feedback does impact the evolution of the music student’s skills. Such information will help us define future directions for music pedagogy support, based on automatic feedback. Future experiments are planned that will involve jazz students (from jazz schools) practicing improvisation with Social Virtual Band during a long period of a few months. Interestingly, the guitar practice video game Rocksmith 2014 claims that anyone Music can engraving learn guitarbywith LilyPond their2.18.2—www.lilypond.org systemMusic engraving within only by LilyPond 2.18.2—www.lilypond	triage lexical seulement				
105	FP-116	2013	Important conferences	VirtualBand: Interacting with Stylistically Consistent Agents	input/publications-francois-pachet/moreira-13a.pdf	6	4860	134	interest_attention:0/0/0/2; expectation_novelty:0/0/0/2; creation_generation:0/0/0/31; interaction_reflexivity:1/0/0/49; subject_preference:0/0/0/3; temporality_structure:0/0/0/12; constraint_exploration:0/0/0/9			triage lexical seulement				
106	FP-292	1994	Other	Des systèmes multi-agents épiphytes	input/publications-francois-pachet/giroux-94_epitalk_2e_jours-article-edited.pdf	13	6408	133	interest_attention:0/0/0/3; expectation_novelty:0/0/0/3; creation_generation:0/1/1/54; interaction_reflexivity:0/0/1/35; subject_preference:0/0/0/4; temporality_structure:0/3/3/22; constraint_exploration:0/0/0/8	"Il existe une catégorie d'applications en informatique qui consistent non pas à créer un système d'information qui interagit directement avec un usager, mais plutôt à créer un système d'information qui observe le comportement d'un système d'information existant et qui réfléchit à partir de ses observations. Une analogie avec les plantes épiphytes est à la source de EpiTalk. EpiTalk est une plateforme qui permet de spécifier et de générer automatiquement des systèmes d'information capable de raisonner de manière introspective, distribuée et parallèle sur des architectures distribuées et parallèles. A cause de la nature même des applications envisagées, l’utilisation de systèmes multi-agents s’avérait incontournable. La structure d'un système d'information multi-agents épiphyte ""se colle"" au plus bas niveau sur la structure du système à observer. Aux niveaux supérieurs, la structure du système multi-agents épiphyte se calque sur la hiérarchie des tâches analysées. Par conséquent, la description de ces systèmes d'information est centrée sur un graphe des tâches. Un graphe des tâches ex"	"Pour raisonner de manière introspective, distribuée et parallèle sur des architectures distribuées et parallèles, nous avons défini et développé EpiTalk. A cause de la nature même des applications envisagées, l’utilisation de systèmes multi-agents s’avérait incontournable. Les SIMAE reposent sur une anologie avec les plantes épiphytes. La structure d'un SIMAE ""se colle"" sur la structure de son hôte au niveau inférieur. Aux niveaux supérieurs, la structure du SIMAE se calque sur les tâches analysées. EpiTalk est une plateforme qui permet de spécifier et de générer automatiquement de tels systèmes d'information. La description des SIMAE est centrée sur un graphe des tâches. Un graphe des tâches exprime un point de vue particulier sur un système d'information hôte. Le lien entre le système hôte et un SIMAE est réalisé par espionnage et assuré par la réflexivité organisationnelle. Finalement l'utilisation de Epitalk est esquissée à travers deux exemples, la définition de dévermineurs configurables pour systèmes à acteurs et la définition d'un système conseiller pour l'environnement de p"	triage lexical seulement				
107	FP-112	2014	Important conferences	Imitative Leadsheet Generation with User Constraints	input/publications-francois-pachet/pachet-14b.pdf	2	1898	133	expectation_novelty:0/0/0/1; creation_generation:1/0/0/50; interaction_reflexivity:0/0/0/1; temporality_structure:0/0/0/38; constraint_exploration:1/0/0/37			triage lexical seulement				
108	FP-133	2003	Important conferences	Music Interaction With Style. in SIGGRAPH 2003 Conference Abstracts and Application	input/publications-francois-pachet/pachet-03-siggraph.pdf	1	797	132	interest_attention:0/0/0/2; expectation_novelty:0/0/0/1; creation_generation:0/0/0/13; interaction_reflexivity:1/0/0/22; subject_preference:0/0/0/4; temporality_structure:0/0/0/17; constraint_exploration:0/0/0/7			triage lexical seulement				
109	FP-194	2007	Other	Exploring billions of audio features	input/publications-francois-pachet/pachet-07a.pdf	9	5783	132	interest_attention:0/0/0/3; creation_generation:0/0/4/63; interaction_reflexivity:0/0/0/6; temporality_structure:0/1/1/4; constraint_exploration:1/0/1/23	Indeed, the signal itself could in principle be used as input to classifiers, but its dimension (number of samples) is Many works in audio and image signal analysis are based usually too high with respect to the training set size, on the use of “features” to represent characteristics of resulting in overfit. Additionally, the time/amplitude sounds or images. Features are used in various ways, for representation of signals has long been acknowledged to be instance as inputs to classifiers to categorize automatically poorly adapted to represent perceptive information: audio objects, e.g. for audio scene description. Most, if not all, features used in the classification literature aim precisely at approaches focus on the development of clever classifiers capturing essential perceptive characteristics of audio and on the various processes of feature selection, classifier signals that are not obviously present in its temporal algorithms and parameter tuning. Strangely, the features representation. A source of audio features is for instance themselves are rarely justified. The p	We have introduced the notion of analytical feature for audio classification. Analytical features are created in a systematic and ad hoc way using the samples of the training database. Our feature generator is able to search in a space of about 1020 features. The main fundamental question we raised here is the nature of this space, and whether analytical features can cover characteristics of sounds that generic features cannot. To this aim we present two small experiments to compare the performance of classifiers using generic features and using analytical features. These 7 Pachet, F. Roy, P. Exploring Billions of audio features. CBMI 07, Bordeaux, 2007 [14] McAdams, S. (2002) Perspectives on the contribution of timbre to musical structure. Computer	triage lexical seulement				
110	FP-113	2013	Important conferences	Reflexive Loopers for Solo Musical Improvization	input/publications-francois-pachet/pachet-13a.pdf	4	3387	132	interest_attention:0/0/0/3; expectation_novelty:0/0/0/1; creation_generation:0/0/0/35; interaction_reflexivity:1/0/0/16; subject_preference:0/0/0/1; temporality_structure:0/0/0/12; constraint_exploration:0/0/0/12			triage lexical seulement				
111	FP-129	2004	Important conferences	Automatic Extraction of Music Descriptors from Acoustic Signals using EDS	input/publications-francois-pachet/zils-04a.pdf	12	7436	129	interest_attention:0/0/0/4; expectation_novelty:0/0/0/1; creation_generation:0/3/0/64; interaction_reflexivity:0/1/0/38; subject_preference:0/0/0/7; temporality_structure:0/0/0/7; constraint_exploration:0/1/0/12	High-Level music descriptors are key ingredients for music information retrieval systems. Although there is a long tradition in extracting information from acoustic signals, the field of music information extraction is largely heuristic in nature. We present here a heuristic-based generic approach for extracting automatically high-level music descriptors from acoustic signals. This approach is based on Genetic Programming, used to build relevant features as functions of mathematical and signal processing operators. The search of relevant features is guided by specialized heuristics that embody knowledge about the signal processing functions built by the system. Signal processing patterns are used in order to control the general processing methods. In addition, rewriting rules are introduced to simplify overly complex expressions, and a caching system further reduces the computing cost of each cycle. Finally, the features build by the system are combined into an optimized machine learning descriptor model, and an executable program is generated to compute the model on any audio signa		triage lexical seulement				
112	FP-214	2004	Other	Suonare con il Continuator è un ésperienza ottimale ?	input/publications-francois-pachet/ferrari-04a.pdf	8	4939	125	interest_attention:0/0/0/9; expectation_novelty:0/0/0/1; creation_generation:0/0/0/26; interaction_reflexivity:0/0/0/24; subject_preference:0/0/0/1; temporality_structure:1/0/0/42; constraint_exploration:0/0/0/30			triage lexical seulement				
113	FP-125	2005	Important conferences	Descriptor-based spatialization	input/publications-francois-pachet/Monceau-05-Descriptor-based-spatialization.pdf	8	4027	124	interest_attention:0/2/0/2; expectation_novelty:0/0/0/1; creation_generation:0/1/0/21; interaction_reflexivity:0/0/0/8; temporality_structure:0/0/0/1; constraint_exploration:0/2/0/17	The translation of monophonic soundtracks to new audio formats is the object of a growing demand particularly from the DVD producers. However operations like “upmixing” a monophonic track to a multi-channel format are time-consuming tasks for the sound engineer, who has to choose, adapt and tune different spatialization tools. In order to simplify the upmix, we introduce a new spatialization approach based on the use of perceptive descriptors. It consists in automatically detecting audio source characteristics, based on perceptive aspects and exploiting these characteristics to control spatialization tools. This paper presents an experimentation driven by Arkamys and Sony CSL Paris to evaluate the interest of this technique, to address the needs of sound engineers in the field of spatialization. EDS [1,2], a generic audio information extractor, was used to control the Arkamys spatializer [3]. We describe the aim and interest of this descriptor-based approach and discuss its performances and limitations. • C++, audio effects and tools,		triage lexical seulement				
114	FP-196	2007	Other	De l’intérêt des features analytiques : une étude pour la classification des sons de pandeiro	input/publications-francois-pachet/roy-07a.pdf	8	5752	124	interest_attention:0/1/0/6; expectation_novelty:0/0/0/3; creation_generation:0/1/0/33; interaction_reflexivity:0/1/0/22; constraint_exploration:0/0/0/9	L’utilisation de ces features vise essentiellement à L’analyse automatique de sons numérisés intéresse réduire la dimension du problème. En effet, le signal aujourd’hui de nombreuses applications de lui-même pourrait, en théorie, être utilisé directement en l’informatique musicale, de la classification de musique entrée d’un classifieur, mais il est en général de pour la gestion de catalogues à la musique interactive. dimension trop élevée pour être utilisé tel quel, et par Dans le cadre de la classification supervisée, nous ailleurs sa représentation (temps/amplitude) est mal présentons une méthode originale permettant adaptée aux problèmes de classification perceptive. Une d’améliorer les performances des systèmes standards. source de référence pour des features acoustiques est Cette méthode consiste à utiliser, en entrée des par exemple MPEG7-audio (Kim et al., 05) ou plus classifieurs, des features particulièrement bien adaptées spécifiquement (Peeters, 04). Ces features sont de au problème à résoudre, au contraire des systèmes dimension moindre que le signal, et contiennent de		triage lexical seulement				
115	FP-121	2008	Important conferences	Hit Song Science is Not Yet a Science	input/publications-francois-pachet/pachet-08c.pdf	6	4566	124	interest_attention:0/0/0/2; expectation_novelty:0/0/0/1; creation_generation:0/1/0/28; interaction_reflexivity:0/3/0/19; subject_preference:0/1/0/11; temporality_structure:0/0/0/2; constraint_exploration:0/1/0/6	system is trained to learn a mapping between various We describe a large-scale experiment aiming at validating musical features extracted from the acoustic signal and the hypothesis that the popularity of music titles can be from the lyrics, and the popularity of the song. They predicted from global acoustic or human features. We use conclude from this experiment that their system learns a 32.000 title database with 632 manually-entered labels something about popularity, and so that Hit Song Science per title including 3 related to the popularity of the title. is indeed possible. Our experiment uses two audio feature sets, as well as the However, the idea that popularity can be inferred from set of all the manually-entered labels but the popularity such technical features contradicts the natural intuitions of ones. The experiment shows that some subjective labels any musically-trained composer. may indeed be reasonably well-learned by these In this paper, we describe a larger-scale and more techniques, but not popularity. This contradicts recent and complete experiment designed to		triage lexical seulement				
116	FP-250	1998	Other	Constraint-Based Spatialization	input/publications-francois-pachet/pachet-98-dafx.pdf	4	2915	123	interest_attention:0/0/0/3; expectation_novelty:0/0/0/1; creation_generation:0/0/0/4; subject_preference:0/1/0/22; temporality_structure:0/0/0/1; constraint_exploration:1/6/0/82	This paper describes an application of constraint programming to interfaces for audio mixing. MidiSpace is an interface representing each sound source of a musical piece as a graphical icon, as well as an object corresponding to the listener in a window. MidiSpace is coupled to a spatialization system so that moving graphical objects modifies the audio mixing of the musical piece according to the respective position of the sound sources to the avatar. We further introduce a constraint-based mechanism which allows to maintain consistency in the overall mixing. Constraints represent properties of related sound sources, which should always remain true, and may be stated by the user through the interface. When an object is moved, a constraint solver uses the constraints to propagate changes. We describe the library of currently designed constraints, and propose an extension of the system to handle reproduction systems with multiple loudspeakers. meaningful way. Finally in Section 4 we will show 1. Music Spatialization how to extend the system to handle sound reproduction systems with		triage lexical seulement				
117	FP-067	2005	Important Journals	The Way It Sounds: Timbre Models For Analysis and Retrieval of Polyphonic Music Signals	input/publications-francois-pachet/aucouturier-06a-1.pdf	8	6965	123	interest_attention:0/0/0/9; expectation_novelty:0/0/0/7; creation_generation:0/0/0/13; interaction_reflexivity:0/0/0/7; subject_preference:0/0/0/8; temporality_structure:0/0/0/25; constraint_exploration:0/0/0/10			triage lexical seulement				
118	FP-291	1994	Other	Pluggable Advisors as Epiphyte Systems	input/publications-francois-pachet/giroux-Calisce94.pdf	10	5433	121	interest_attention:0/0/0/11; expectation_novelty:0/0/1/4; creation_generation:0/0/0/31; interaction_reflexivity:0/0/1/26; subject_preference:0/0/0/4; temporality_structure:0/0/0/25; constraint_exploration:0/0/0/1		Pachet et al. (1994) Pluggable Advisors as Epiphyte Systems, Calisce 94 (Computer Aided Learning in Science and Engineering), Paris, pp. 167-174 We presented a novel architecture for the construction of over the shoulder advisor systems. This architecture is based on a botanical metaphor, and considers advisors systems as epiphyte systems that feed on any distributed application, without damaging it. The architecture proposes a representation of the epiphyte system as a multi-agent system articulated around a task graph, which is the materialization of a particular viewpoint on the host system's activity. The main advantages of this architecture are 1) to provide a framework to organize knowledge used to produce advice which takes into account the hierarchical nature of advisors, and 2) take into account the multiplicity of viewpoints advisors may have on a given host system. Secondly, our architecture promotes software reusability in two ways: by allowing any application to be turned into a potential host system, and by allowing the construction of a libraries of reusable anatom	triage lexical seulement				
119	FP-283		Other	Mixing constraints and objects: a case study in automatic harmonization	input/publications-francois-pachet/roy-contraintes-tools95.pdf	8	5509	120	interest_attention:0/0/0/8; expectation_novelty:0/0/0/2; creation_generation:0/0/0/26; interaction_reflexivity:0/0/0/5; temporality_structure:0/0/0/26; constraint_exploration:1/0/0/138			triage lexical seulement				
120	FP-083	2001	Important Journals	Musical harmonization with constraints: A survey	input/publications-francois-pachet/pachet-01-Musical_Harmonization_with_Constraints.pdf	11	6171	120	interest_attention:0/0/0/14; creation_generation:0/0/0/51; interaction_reflexivity:0/0/0/5; subject_preference:0/0/0/3; temporality_structure:0/0/0/12; constraint_exploration:1/0/0/101			triage lexical seulement				
121	FP-135	2002	Important conferences	Music Similarity Measures: What’s the Use?	input/publications-francois-pachet/pachet-02g.pdf	7	6120	120	interest_attention:0/0/0/13; expectation_novelty:0/0/0/9; creation_generation:0/0/0/16; interaction_reflexivity:0/0/0/4; subject_preference:0/0/0/11; temporality_structure:0/0/0/10; constraint_exploration:0/0/0/21			triage lexical seulement				
122	FP-040	2004	Book chapters	Harmonisation Automatique et Programmation par Contraintes	input/publications-francois-pachet/pachet-00c.pdf	21	8520	120	interest_attention:0/0/0/14; creation_generation:0/0/0/66; interaction_reflexivity:0/0/0/7; subject_preference:0/0/0/1; temporality_structure:0/0/0/8; constraint_exploration:1/0/0/112			triage lexical seulement				
123	FP-186	2013	Other	Creativity through Style Manipulation: the Flow Machines project	input/publications-francois-pachet/pachet-13b.pdf	2	1488	120	interest_attention:0/0/0/2; expectation_novelty:0/0/0/2; creation_generation:1/0/0/50; interaction_reflexivity:0/0/0/2; subject_preference:0/0/0/2; temporality_structure:0/0/0/17; constraint_exploration:0/0/0/26			triage lexical seulement				
124	FP-179	2015	Other	Max Order: A Tale of Creativity	input/publications-francois-pachet/ghedini-15c.pdf	2	1040	119	expectation_novelty:0/0/0/7; creation_generation:1/0/0/20; interaction_reflexivity:0/0/0/6; temporality_structure:0/0/0/5; constraint_exploration:0/0/0/1			triage lexical seulement				
125	FP-078	2003	Important Journals	Noms de Fichiers: Le Nom	input/publications-francois-pachet/noms-de-fichiers-le-nom-STP.pdf	25	12816	118	interest_attention:0/0/0/16; expectation_novelty:0/0/0/18; creation_generation:0/0/0/16; interaction_reflexivity:0/0/0/3; subject_preference:0/0/0/39; temporality_structure:0/0/0/8; constraint_exploration:0/0/0/10			triage lexical seulement				
126	FP-080	2003	Important Journals	Representing Musical Genre: A State of the Art	input/publications-francois-pachet/pachet-02c.pdf	12	8765	118	interest_attention:0/0/0/8; expectation_novelty:0/0/0/2; creation_generation:0/0/0/8; interaction_reflexivity:0/0/1/16; subject_preference:0/0/0/6; temporality_structure:0/0/0/9; constraint_exploration:0/0/1/8	Musical genre is probably the most popular music descrip- view, genre is an interpretation of a title, produced and postor. In the context of large musical databases and Electronic sibly shared by a given community, much in the same way Music Distribution, genre is therefore a crucial metadata for we ascribe and interpret meanings to words in our languages. the description of music content. However, genre is intrinsi- Genre is here a linguistic category, useful for instance to talk cally ill-defined and attempts at defining genre precisely have about music titles: Yesterday by the Beatles is a “Brit-Pop” a strong tendency to end up in circular, ungrounded projec- title, because it is by the Beatles, and we all share cultural tions of fantasies. Is genre an intrinsic attribute of music knowledge about this group, the 60s, etc. titles, as, say, tempo? Or is genre a extrinsic description Alternatively, genre may be used as an extensional of the whole piece? In this article, we discuss the various concept. In this view, genre are sets of music titles. Here, approaches in representing mu	Learning Approach to Musical Style Recognition. In: We have described three approaches for extracting musical Proceedings of the 1997 International Computer Music genre. Conference. Representing musical genre 93 Deshpande, H., Nam, U., & Singh, R. (2001). Classification of Pachet, F., Westermann, G., & Laigre, D. (2001). Musical Dat- music signals in the visual domain. In Proceedings of the amining for EMD. In Proceedings WedelMusic Conference. 2001 Digital Audio Effects Workshop. Italy. Epstein, J. (1996). Growing Artificial Societies: Social Science Perrot, D., & Gjerdigen, R.O. (1999). Scanning the dial: An from the Bottom Up. Cambridge: MIT Press. exploration of factors in the identification of musical style. Ermolinskiy, A., Cook, P., & Tzanetakis, G. (2001). Musical In Proceedings of the 1999 Society for Music Perception and Genre classification based on the analysis of harmonic Cognition pp. 88 (abstract). content features in audio and midi. Work Report, Princeton Pestoni, F., Wolf, J., Habib, A., & Mueller, A. (2001). KARC: University. Radio Research. In Proceeding	triage lexical seulement				
127	FP-030	2011	Book chapters	Hit Song Science	input/publications-francois-pachet/pachet-11a.pdf	22	8196	118	interest_attention:0/0/0/13; expectation_novelty:0/0/0/6; creation_generation:0/0/0/33; interaction_reflexivity:0/0/0/25; subject_preference:0/0/0/52; temporality_structure:0/0/0/4; constraint_exploration:0/0/0/8			triage lexical seulement				
128	FP-317	1997	Thesis	Représentation de connaissances et langages à objets	input/publications-francois-pachet/pachet-97.pdf	65	29174	117	interest_attention:0/0/0/21; expectation_novelty:0/0/0/5; creation_generation:0/0/0/119; interaction_reflexivity:0/0/0/39; subject_preference:0/0/0/7; temporality_structure:0/0/0/59; constraint_exploration:0/0/0/198			triage lexical seulement				
129	FP-198	2007	Other	Some Case Studies in Automatic Descriptor Extraction	input/publications-francois-pachet/cabral-07a.pdf	14	6434	117	interest_attention:0/0/1/6; expectation_novelty:0/0/0/1; creation_generation:0/0/1/30; interaction_reflexivity:0/0/0/17; temporality_structure:0/0/0/4; constraint_exploration:0/0/3/8		EDS revealed itself as a good feature exploration mechanism, and as so it seems especially appropriate to new or scarcely explored problems. The case study three illustrated this exploratory characteristic of EDS, as the user was able to try-and-test many possibilities, some of them fairly complicated, serving to validate ideas and/or build prototypes. The results in sections 6 and 7 pointed out that EDS can achieve satisfactory results for real world well-known problems. It exceeded or improved traditional techniques, either by optimizing existing ones or launching searches from scratch. On the other hand, the system did not find any especially innovative feature. Even when started from scratch, EDS-created features corroborated those from specialists. For these specialists, EDS appeal relies on being: 1) an automatic tool to investigate interesting possibilities of work, which can afterward be refined by the specialist; as well as 2) a tool to optimize existing features. We consider the feature selection methods could be improved, for example by using the procedure described in	triage lexical seulement				
130	FP-181	2014	Other	Non-Conformant Harmonization: the Real Book in the Style of Take 6	input/publications-francois-pachet/pachet-14a.pdf	8	5662	116	interest_attention:0/0/0/14; expectation_novelty:0/0/0/9; creation_generation:0/0/0/54; interaction_reflexivity:0/0/0/3; subject_preference:0/0/0/7; temporality_structure:0/0/0/24; constraint_exploration:0/0/0/29			triage lexical seulement				
131	FP-277	1995	Other	Spying as an Object-Oriented Paradigm	input/publications-francois-pachet/giroux-Tools95.pdf	11	6798	115	interest_attention:0/0/0/8; expectation_novelty:0/1/0/1; creation_generation:0/1/0/33; interaction_reflexivity:0/1/0/20; temporality_structure:0/0/0/2; constraint_exploration:0/0/0/3	"We introduce spying, a novel way of programming with objects, based on capsule programming and reflective facilities. This programming style allows easy building of monitoring systems, such as tracers, debuggers. We point out three main problems related to this For instance, the VisualWorks environment programming style, and propose practical makes intensive use of so-called wrappers solutions to some of them. We exemplify our [VisualWorks 94] in a effort to automate claims with a system that performs master/slave interface programming in MVC. Wrappers communication across different Smalltalk provide a useful programming framework, mainly images. We conclude by proposing a typology of because they automate dependency management, applications where the spying paradigm may be and handle the ubiquitous ""changed"" message of productively used. classical MVC. Following a similar trend, the use of pluggable adaptors in VisualWorks tends to Key-words: Capsules, Proxies, Monitoring systematize the use of intermediary objects that systems, Reflexion. define generic ""monitoring"" behavior. H"		triage lexical seulement				
132	FP-310	1997	Unpublished	AliceTalks!, An object-oriented reengineering of Alice	input/publications-francois-pachet/liret-unpubllished-ALTOOLS.pdf	15	6429	114	interest_attention:0/1/0/3; creation_generation:0/1/1/29; interaction_reflexivity:0/0/0/1; temporality_structure:0/0/0/7; constraint_exploration:0/3/2/139	This work related an experiment in combinatorial problems formulation and resolution using the CSP model. We argue that the object-oriented programming provides a suitable technology for this task and the use of objects allows to extend the power of problems formulation. Constraint satisfaction programming (CSP) is a powerful paradigm for solving combinatorial problems. It provides a general and rigorous formalism which allows to state and solve a great deal of problems. This idea is exploited in the Alice system which proposes an original manner for solving CSP from a mathematical statement. The reconstruction of Alice using the objectoriented technology contributes to the system AliceTalks, which solves CSP and provides an interface that allows the user to understand the solution. 1 Introduction Constraint satisfaction programming is a powerful paradigm for solving complex combinatorial problems, which has gained attention recently. Typical constraint satisfaction problems include : allocation problems (e.g. human resource management) , scheduling problems (e.g. scheduling veh	In the range of problem resolution, it is important to be able to precisely formulate the problem in a general formalism including efficient algorithms. The CSP approach appears as the most adapted for this task. So we reconstruct Alice, an AI architecture in constraint programming, using the object-oriented technology. Classic AI architecture were designed with a closed vision of the world. Things are changing, and these architectures are no longer adapted. Object-oriented reengineering allows to open these architecture, by making them adaptable to specific domains. In our CSP formulation, we can use variables with objects domains and constraints on objects. As gain from our experiment, we built a modular and open system that allows the user to understand how the former solves some problem. References [Aoki A. 1994] Aoki A. Object-Oriented Analysis and Design Techniques. S. R. Center. Tokyo, Japan. 1994. [Avesani et al. 1990] Avesani et al. XXX. . 1990. [Brant J.M. 1995] Brant J.M. HotDraw. Ph. D. thesis, University of Illinois, UrbanaChampaign, 1995. [Caseau 1994] Caseau X	triage lexical seulement				
133	FP-334		Technical Reports	Du bon usage des méta-règles en NéOpus	input/publications-francois-pachet/pachet-91_16-DuBonUsage.pdf	29	8384	113	interest_attention:0/0/0/2; expectation_novelty:0/0/0/2; creation_generation:0/1/1/32; interaction_reflexivity:0/0/0/3; subject_preference:0/0/0/2; temporality_structure:0/0/0/17; constraint_exploration:0/5/3/71	Nous proposons ici une architecture déclarative de contrôle pour le système NéOpus. Nous allons définir les mécanismes d'évaluation de bases de règles en donnant un statut de première classe aux objets utilisés par le contrôle. Nous décrivons d'abord rapidement le système NéOpus, moteur d'inférence en marche avant intégré dans Smalltalk-80. Ce système permet d'écrire des règles de production d'ordre un portant sur tout objet Smalltalk. Les règles sont organisées en bases de règles, qui sont elle-mêmes des objets Smalltalk. Le problème du contrôle se pose alors de façon très naturelle comme l'écriture de connaissances sur l'évaluation des objets particuliers que sont les bases de règles. Pour ce faire, la notion d'évaluateur est introduite, comme objet associé à une base de règles, et représentant un certain état de son évaluation. Les connaissances de contrôle s'expriment alors comme des règles portant sur les évaluateurs. Représenter le contrôle se fait en créant d'une part un type d'évaluateur particulier, et d'autre part en écrivant une base de méta-règles opérant sur ce type d'é	Nous avons décrit l'architecture déclarative de contrôle de NéOpus. Le problème du contrôle y est envisagé de manière naturelle en donnant un statut de première classe aux objets de contrôle. La notion d'évaluateur est introduite, comme réification du mécanisme d'évaluation, et permet de représenter l'évaluation d'une base de règles de manière déclarative. Les mécanismes standards d'évaluation sont décrits avec cette architecture, en construisant une double hiérarchie : une hiérarchie d'évaluateurs et une hiérarchie de métabases. 9. Références Alvarez I. Explication comparative dans les systèmes experts. 3ièmes Journées nationales sur l'explication. Avignon 91. Brownston L. & al. Programming Expert systems in OPS5. An Introduction to rule-Based Programming. Addison-Wesley Publishing Company 1985. Charbonnel S. Etude et réalisations de l'environnement du générateur de systèmes experts NéOpus. Rapport de stage de DESS, CEMAGREF, Nantes 1990. Forgy C. L. Rete : A Fast Algorithm for the Many Pattern/Many Object Pattern Match Problem. Artificial Intelligence Vol. 19 (1982) p	triage lexical seulement				
134	FP-073	2004	Important Journals	Improving Timbre Similarity: How high is the sky?	input/publications-francois-pachet/aucouturier-04b.pdf	13	9438	112	interest_attention:0/0/0/9; expectation_novelty:0/0/0/3; creation_generation:0/0/0/11; interaction_reflexivity:0/0/0/8; subject_preference:0/0/0/12; temporality_structure:0/0/0/7; constraint_exploration:0/0/0/9			triage lexical seulement				
135	FP-038	2005	Book chapters	Knowledge Management and Musical Metadata	input/publications-francois-pachet/pachet-05a.pdf	9	4204	111	interest_attention:0/0/0/4; expectation_novelty:0/0/0/1; creation_generation:0/1/2/15; interaction_reflexivity:0/0/0/2; subject_preference:0/1/1/10; temporality_structure:0/0/0/6; constraint_exploration:0/0/0/2	The explosion of digital music has created in the recent years an urgent need for powerful knowledge management techniques and tools. Without such tools, users are confronted to huge music catalogues they cannot fully exploit. The very nature of music calls for the development of specific knowledge management techniques: on the one hand, the goals of users are ill-defined, or rather, based on enjoyment rather than on clear tasks or problems to solve. On the other hand, music in Western countries has been the subject of a long tradition of formalization and knowledge which is of crucial importance for building reasonable music information systems. The article outlines the main issues on music management, and focuses on the three main types of musical metadata being currently considered: editorial, cultural and acoustic. For each of these, the main issues are stated and the most successful techniques are discussed. 1 Introduction Is music a form of knowledge? Probably not, even if music is undoubtedly an important part of our cultural heritage. Music is not a type of knowledge, at le	"While music itself is not a form of knowledge, musical knowledge is needed to manage large-scale music collections. We have discussed a classification of musical metadata into three basic categories based on the nature of the process leading to the creation of the metadata, and their potential uses. These three categories may intersect, at least superficially, and it is important to understand the possibilities and limits of each of these categories to make full use of them. It is very likely that future applications of music content management will make increasing use of such metadata, and conversely will exert pressure for the creation of new music metadata types. 6 References Aucouturier, J.-J. and Pachet F. (2004) Improving Timbre Similarity: How high is the sky?. Journal of Negative Results in Speech and Audio Sciences, 1(1). Berenzweig, Adam, Daniel Ellis, Beth Logan, Brian Whitman. (2003) ""A Large Scale Evaluation of Acoustic and Subjective Music Similarity Measures."" In Proceedings of the 2003 International Symposium on Music Information Retrieval. 26-30 October, Baltim"	triage lexical seulement				
136	FP-114	2013	Important conferences	Enforcing Meter in Finite-Length Markov Sequences	input/publications-francois-pachet/roy-13a.pdf	8	6393	110	interest_attention:0/0/0/6; creation_generation:0/0/0/66; interaction_reflexivity:0/0/0/7; subject_preference:0/0/0/1; temporality_structure:1/0/0/70; constraint_exploration:0/0/0/100			triage lexical seulement				
137	FP-216	2003	Other	Extracting Automatically the Perceived Intensity of Music Titles	input/publications-francois-pachet/zils-03a.pdf	4	3192	106	interest_attention:0/0/0/4; creation_generation:0/0/1/19; interaction_reflexivity:0/0/0/6; subject_preference:0/2/0/10; temporality_structure:0/0/0/11; constraint_exploration:0/0/0/6	Extracting a perceptive descriptor raises two main issues: We address the issue of extracting automatically high-level - First, we have to prove the relevance and the universality of musical descriptors out of their raw audio signal. This work the descriptor, by conducting perceptive tests on a set of listeners. focuses on the extraction of the perceived intensity of music titles, - Second, once the descriptor is proven relevant, the that evaluates how energic the music is perceived by listeners. information has to be extracted automatically; the task is difficult We present here first the perceptive tests that we have conducted, because polyphonic music signals are usually highly complex in in order to evaluate the relevance and the universality of the nature. We experiment here several methods to detect relevant perceived intensity descriptor. Then we present several methods characteristics of the audio signal, enabling us to evaluate the used to extract relevant features used to build automatic intensity intensity of music titles. extractors: usual Mpeg7 low level features, empi	"example, the most correlated function of this type found by the system is ""Mean (SpectralSkewness (Split (Signal, 0.1s)))"", that We presented several methods to extract relevant features has a correlation of 0.60. This shows that EDS is able to improve concerning the problem of modelling the perceived energy of automatically usual features by adding specific signal processing, music titles out of their raw audio signal. We focused on the which is usually done by hand by researchers. presentation of our EDS system. EDS is able to both improve Second, EDS has found features close to empirically found usual low-level descriptors by adding pre- and post-processing descriptors, but improved with additional operations. The most operations, and to build automatically new relevant features, correlated of these functions is: ""Mean (Log (Variance (Split thanks to a genetic search algorithm guided by specialized (Derivation (Square (Signal)), 1s))))"" with a correlation of 0.64. heuristics. EDS is a general system that can be used to find Finally, EDS has found new features, such as """	triage lexical seulement				
138	FP-132	2004	Important conferences	Automatic Extraction of Music Descriptors from Acoustic Signals	input/publications-francois-pachet/pachet-04k.pdf	8	6316	105	interest_attention:0/0/0/4; expectation_novelty:0/0/0/1; creation_generation:0/0/2/58; interaction_reflexivity:0/0/1/26; subject_preference:0/0/0/6; temporality_structure:0/0/0/6; constraint_exploration:0/0/0/12		[9] David J Montana. Strongly typed genetic programming. In Evolutionary Computation 3-2, 1995, We have introduced a new approach for designing pp 199-230. automatically efficient extractors for high-level audio [10] David E. Goldberg. Genetic algorithms in search, descriptors. Although the proposed system, EDS, uses optimization and machine learning. Addison-Wesley for the moment a limited palette of signal processing Pub. Co. 1989. ISBN: 0201157675. functions, it already produces results that are better [11] Aymeric Zils, François Pachet. Extracting than results obtained using standard manual approaches automatically the perceived intensity of music titles. in high level descriptor extraction, in particular using Proceedings of 6th International Conference on Digital the Mpg7 palette of generic features. Audio Effects (DAFX03), London, UK, September 8The generality of the approach allows EDS to address 11, 2003. the whole class of extraction problems in the large, [12] A.L. Berenzweig, Dan P. W. Ellis. Locating including the distinction between “live” and studio singing voice se	triage lexical seulement				
139	FP-217	2003	Other	The Cuidado Music Browser: an end-to-end electronic music distribution system	input/publications-francois-pachet/pachet-03i-1.pdf	8	5334	103	interest_attention:0/0/0/9; expectation_novelty:0/0/0/4; creation_generation:0/0/0/27; interaction_reflexivity:0/0/0/3; subject_preference:0/0/0/11; temporality_structure:0/0/0/5; constraint_exploration:0/0/0/20			triage lexical seulement				
140	FP-118	2011	Important conferences	Finite-Length Markov Processes with Constraints	input/publications-francois-pachet/pachet-11b.pdf	8	6217	103	interest_attention:0/0/0/4; expectation_novelty:0/0/0/1; creation_generation:0/0/0/76; interaction_reflexivity:0/0/0/10; temporality_structure:0/0/0/73; constraint_exploration:1/0/0/125			triage lexical seulement				
141	FP-224	2001	Other	Metadata for music and sounds: The Cuidado Project	input/publications-francois-pachet/pachet-01-CBMI-final.pdf	5	2128	102	interest_attention:0/0/1/2; expectation_novelty:0/0/1/3; creation_generation:0/2/0/7; interaction_reflexivity:0/0/0/1; subject_preference:0/0/0/4; temporality_structure:0/0/0/5; constraint_exploration:0/0/0/2	The IST project CUIDADO is the result of two years of concertation at the European level in the context of the CUIDAD Working Group (Esprit 28793). CUIDADO - led by Ircam, started in January 2000 and will end in December 2003 - aims at developing content-based audio modules and applications using the MPEG-7 media representation standard. The project covers the analysis process (extraction of descriptors), the navigation process (retrieval methods and interfaces implemented in a leading database system with Web interoperability), up to the creative process (consuming and authoring tools) involving content creators and consumers at each stage. The project addresses both the audio (samples) and the music (titles) domains with the assumption that high-level descriptors for music should rely on robust lower level audio descriptors (pitch, energy or spectral features) in order to cover a wide range of applications. This approach matches the needs of record labels and copyright societies for Information management methods for both marketing and protecting their contents. CUIDA	"Cuidado is a very exciting project for a number of reasons. It is the first time that a substantial collective effort will be made to close the loop from music/sounds to users, using the whole palette of signal-processing and computer science technologies available. As a side effect, it is certain that a number of basic research issues will be reconsidered successfully thanks to the nature of the applications, and possibly new basic research issues will pop up (for instance it is expected that issues related to non stationary sounds will receive much attention). Second, the applications envisaged are, in fact, long overdue, both for the Music browser and the Sound palette: the consortium will try to capture the energy of these willing users to ensure a strong adequacy between the desires of users and the outcomes of the project. References Aigrain, Philippe (2000) New Applications of Content Processing of Music, Journal of New Music Research, 28:4. Ballet Guillaume, Borghesi Riccardo, Hoffmann Peter, Lévy Fabien, ""Studio Online 3.0: An Internet ""Killer Application for Remote Acc"	triage lexical seulement				
142	FP-172	2016	Other	The Beyond The Fence Musical and Computer Says Show Documentary	input/publications-francois-pachet/colton-16.pdf	10	7637	102	interest_attention:0/0/0/7; expectation_novelty:0/0/0/3; creation_generation:0/0/0/126; interaction_reflexivity:0/0/0/15; subject_preference:0/0/0/5; temporality_structure:0/0/0/17; constraint_exploration:0/0/0/23			triage lexical seulement				
143	FP-293	1994	Other	Report on the NeOpus System Experience	input/publications-francois-pachet/pachet-94ReportNeOpus.pdf	8	3574	99	interest_attention:0/1/0/4; creation_generation:0/0/0/6; interaction_reflexivity:0/0/0/1; subject_preference:0/0/0/1; temporality_structure:0/0/0/4; constraint_exploration:0/2/4/40	"The NéOpus system integrates production rules with Smalltalk objects in a seamless way, avoiding the so-called ""impedance mismatch problem"" by proposing a rule formalism which does not constraint the objects and expressions used in condition or action parts. We outline here the basic asumptions underlying the design of the Opus and NéOpus systems, and stress on two original features of NéOpus that proved particularily interesting: rule base inheritance, and the declarative architecture for control. 1. Introduction In 1987 Atkinson and Laursen showed how first-order, forward-chaining rules could be accommodated in Smalltalk-80 in an intimate and seamless way [2]. Their system, called Opus, can be viewed as OPS-5 revisited from a Smalltalk perspective. Opus compiles rules using an object-oriented realization of Forgy's Rete network. Among its most salient features are: (1) that rules apply to all Smalltalk objects, thus opening the way to innumerable applications ; (2) that rules are treated as Smalltalk methods and rule bases as abstract classes, which permits reusing most of the"	We described the design of the NéOpus system, emphasising on its freedom of expression, and stressed on two original features of NéOpus: rule base inheritance and a declarative architecture for control. Although this freedom of expression is paid by several inherent inefficiencies, we show how this freedom may be used to write complex (control) knowledge bases. 7. References [1] Alizon F., Huet G. Essaim: A Smalltalk Programming Environment for the Construction of Expert Systems. Technical report, CNET NT/LAA/SLC/299, Lanion, France, (1988). [2] Atkinson R., Laursen J. Opus : A Smalltalk Production System. Proc. of OOPSLA'87 pp. 377-387, (1987). [3] Batali J. Reasoning about self-control. In Meta-level Architectures and Reflection, P. Maes et D. Nardi eds. North Holland, (1988). [4] Brownston L., Farrell R., Kant E., Martin N. Programming Expert Systems in OPS5. An Introduction to Rule-Based Programming. Addison-Wesley Publishing Company, (1985). [5] Chun, R. Perry B. An Environment for the control and Software Integration of Expert Systems. Proc. of SEKE '93, pp. 499-506, (1993).	triage lexical seulement				
144	FP-222	2002	Other	Finding songs that sound the same	input/publications-francois-pachet/aucouturier-02c.pdf	8	5216	99	interest_attention:0/0/0/11; expectation_novelty:0/0/0/3; creation_generation:0/0/0/13; interaction_reflexivity:0/0/0/1; subject_preference:0/0/0/8; temporality_structure:0/0/0/10; constraint_exploration:0/0/0/12			triage lexical seulement				
145	FP-061	2008	Important Journals	A scale-free distribution of false positives for a large class of audio similarity measures	input/publications-francois-pachet/aucouturier-07-scale-free.pdf	13	9143	99	interest_attention:0/0/0/1; expectation_novelty:0/0/0/1; creation_generation:0/1/3/26; interaction_reflexivity:0/0/0/6; subject_preference:0/0/0/8; temporality_structure:0/0/0/5; constraint_exploration:0/0/0/10	The “bag-of-frames” approach (BOF) to audio pattern recognition models signals as the long-term statistical distribution of their local spectral features, a prototypical implementation of which being Gaussian Mixture Models of Mel-Frequency Cepstrum Coefﬁcients. This approach is the most predominant paradigm to extract high-level descriptions from music signals, such as their instrument, genre or mood, and can also be used to compute direct timbre similarity between songs. However, a recent study by the authors shows that this class of algorithms when applied to music tends to create false positives which are mostly always the same songs regardless of the query. In other words, with such models, there exist songs—which we call hubs—which are irrelevantly close to very many songs. This paper reports on a number of experiments, using implementations on large music databases, aiming at better understanding the nature and causes of such hub songs. We introduce two measures of “hubness”, the number of n-occurrences and the mean neighbor angle. We ﬁnd that in typical music databases, hub	This phenomenon of hubs is reminiscent of other isolated This study shows that the class of algorithms predominantly reports in different domains, such as speaker recognition or used to extract high-level music descriptions from music signals ﬁngerprint identiﬁcation, which intriguingly also typically rely J.-J. Aucouturier, F. Pachet / Pattern Recognition 41 (2007) 272 – 284 283 on the same features and pattern recognition algorithms. This directly derives from the fact that the angles of a triangle suggests that this could be an important phenomenon which sum to 2 radians (in an Euclidean geometry—which is only generalizes over the speciﬁc problem of timbre similarity, and approximated here in the general case). Given a set of N points, indicates a general structural property of the class of algorithms the number of angles whose vertex is a given point X, and are examined here, for a class of signals which is probably deﬁned formed by the lines from X to the N − 1 other points, is equal by the heterogeneity of their feature distribution. This of course to the number of combi	triage lexical seulement				
146	FP-190	2009	Other	Pandeiro Funk: Experiments on Rhythm-Based Interaction	input/publications-francois-pachet/krakowski-09a.pdf	1	938	98	creation_generation:0/0/0/6; interaction_reflexivity:1/0/0/9; subject_preference:0/0/0/1; temporality_structure:0/0/0/1; constraint_exploration:0/0/0/3			triage lexical seulement				
147	FP-271	1997	Other	Conception de problèmes par objets et contraintes	input/publications-francois-pachet/roy-97c.pdf	19	7252	97	expectation_novelty:0/0/0/1; creation_generation:0/0/1/23; interaction_reflexivity:0/0/0/5; temporality_structure:0/0/1/19; constraint_exploration:1/0/2/156		L'integration des mecanismes de satisfaction de contraintes dans les langages a objets pose d'importantes dicultes de conception. Nous avons mis en evidence, a l'aide d'un exemple simple de geometrique plane, un probleme crucial qui surgit naturellement lors de la formulation de CSPs impliquant des structures objets complexes. Nous avons presente et compare deux solutions opposees pour resoudre cette diculte, et propose une demarche de resolution permettant de combiner leurs avantages. Cette solution consiste a separer le probleme en plusieurs phases distinctes, correspondant aux divers niveaux de composition du probleme, et a resoudre chaque probleme intermediaire pour reduire le domaine des variables du probleme suivant. Cette solution permet d'obtenir un gain en ecacite, parce que certaines contraintes sont remplacees par des methodes associees aux classes d'objets mises en jeu. Elle permet aussi de reutiliser des librairies de classes non concues a priori pour resoudre le probleme. Nous avons montre que la resolution du probleme complex	triage lexical seulement				
148	FP-134	2002	Important conferences	The Cuidado Project	input/publications-francois-pachet/vinet-02-The_CUIDADO_Project.pdf	7	5441	97	interest_attention:0/0/0/3; creation_generation:0/0/0/28; interaction_reflexivity:0/0/0/10; subject_preference:0/0/0/7; temporality_structure:0/3/0/26; constraint_exploration:0/1/0/22	The CUIDADO Project (Content-based Unified Interfaces and However, in order to come up to effective results, several Descriptors for Audio/music Databases available Online) aims constraints, which form the basic methodological framework of at developing a new chain of applications through the use of the project, must be taken into account: audio/music content descriptors, in the spirit of the MPEG-7 i) the necessity of a top-down approach, aiming at deriving standard. The project includes the design of appropriate high-level descriptors, which form the basic knowledge description structures, the development of extractors for structures accessible by the user in target applications. These deriving high-level information from audio signals, and the knowledge structures must be adapted to application functions design and implementation of two applications: the Sound and consistent with the user cognition, i.e. the way his own Palette and the Music Browser. These applications include new knowledge about sound and music is organized. features, which systematically exploit high-level desc		triage lexical seulement				
149	FP-215	2003	Other	Evolving Automatically High-Level Music Descriptors From Acoustic Signals	input/publications-francois-pachet/pachet-03c.pdf	13	5027	96	interest_attention:0/0/0/5; creation_generation:0/0/1/28; interaction_reflexivity:0/0/1/7; subject_preference:0/0/0/7; temporality_structure:0/0/0/4; constraint_exploration:0/0/0/7		We have introduced a new approach for designing high level audio feature extractors, based on genetic programming. The proposed system, EDS, uses for the moment a limited palette of signal processing functions. However, EDS produces results that are comparable (as good or best) to standard manual approaches in high level descriptor extraction. Substantial increase in performance should be obtained by extending the palette of signal operators to more refined operators. New heuristics will also be found by analyzing the application of EDS to other high level descriptor problems, such as the distinction between “live” and studio recording), the discrimination between simple and generic genres (such as military music, music for children, etc.), or the danceability. Finally better fitness method can be used, including in particular a fully-fledged learning mechanism to match optimally the outputs of the functions to perceptive tests. References 1. [Scheirer, 1998] Eric D. Scheirer. Tempo and beat analysis of acoustic musical signals. J. Acoust. Soc. Am. (JASA) 103:1 (Jan 1998), pp 588	triage lexical seulement				
150	FP-071	2005	Important Journals	Young children confronting the Continuator, an interactive reflective musical system	input/publications-francois-pachet/addessi-05a.pdf	27	3	96	interaction_reflexivity:1/0/0/0; temporality_structure:1/0/0/0			triage lexical seulement				
151	FP-059	2009	Important Journals	Improving Multi-Label Analysis of Music Titles: a Large Scale Validation of the Correction Approach	input/publications-francois-pachet/pachet-08b.pdf	9	8579	96	interest_attention:0/0/0/7; creation_generation:0/0/0/35; interaction_reflexivity:0/0/0/24; subject_preference:0/0/0/13; temporality_structure:0/0/0/5; constraint_exploration:0/0/0/9			triage lexical seulement				
152	FP-092	1996	Important Journals	A framework for representing knowledge about synthesizer programming	input/publications-francois-pachet/rolland-96a.pdf	22	5232	94	interest_attention:0/0/0/6; creation_generation:0/0/0/34; interaction_reflexivity:0/0/2/7; subject_preference:0/0/0/1; temporality_structure:0/0/0/11; constraint_exploration:0/0/0/18		19 The main contribution of this work concerns the use of a sophisticated AI representation formalism, Description Logics, to capture superficial knowledge about synthesizer patch programming. This knowledge can then be exploited to help musicians browse through the timbre space of a commercial synthesizer in an intuitive way, thereby reducing the complexity of the sound making process. A prototype was built and tested with the Korg 05R/W synthesizer. This work is still in progress, and our efforts concentrate on: 1) refining the user interface, 2) improving the communication between BACK and Smalltalk (using DLL), and 3) experiment our system with novice users. We also plan to provide the system with a learning capability (e.g. based on inductive learning from examples), which will allow the definition of new sound types by presenting sets of example patches to the system. Further, transformations will be definable from sets of patch couples, each containing an example of origin sound and its associated transformed sound. References Brachman, R.J., and J.G. Schmolze	triage lexical seulement				
153	FP-203	2006	Other	Incremental Parsing for Real-Time Accompaniment Systems	input/publications-francois-pachet/cabral-06a.pdf	4	2176	94	interest_attention:0/0/0/2; creation_generation:0/1/0/10; interaction_reflexivity:0/0/0/7; subject_preference:0/0/0/2; temporality_structure:0/3/1/63; constraint_exploration:0/1/0/9	deficient in performing accompaniments. In fact, the The incremental parsing (IP) algorithm has been difficulty relies on balancing the ability to generate successfully used in real-time applications, due to its stylistic coherent musical phrases and to adapt itself to the efficiency and power to model musical style. For example, musician’s input. This work proposes some modifications musical systems using IP can continue phrases played by a in the IP algorithm hoping to better handle this problem. musician in a consistent way. This paper proposes some alterations in the original algorithm in order to adapt it to Next section exposes the core problem involved in accompaniment systems. developing our accompaniment system, identifying possible tradeoffs among adaptation, continuity, and prediction. Section 3 describes the traditional Incremental 1. Introduction Parsing used, for instance, in the Continuator. Section 4 Statistical analysis techniques have been applied to musical presents the consequent modifications in the original IP. material with the aim of modeling musica	In this work, we proposed modifications in the Incremental Parsing algorithm in order to make it work with concurrent sequences. Thus, it would be suitable to musical	triage lexical seulement				
154	FP-065	2007	Important Journals	The bag-of-frame approach to audio pattern recognition: A sufficient model for urban soundscapes but not for polyphonic music	input/publications-francois-pachet/aucouturier-07b.pdf	11	8047	89	interest_attention:0/0/0/5; expectation_novelty:0/0/0/4; creation_generation:0/0/0/23; interaction_reflexivity:0/0/0/5; subject_preference:0/0/0/6; temporality_structure:0/0/0/33; constraint_exploration:0/0/0/6			triage lexical seulement				
155	FP-308	1990	Other	Mixing Rules and Objects: an Experiment in the World of Euclidean Geometry	input/publications-francois-pachet/pachet-91-iscis-v.final_.pdf	11	3817	88	interest_attention:0/0/0/1; creation_generation:0/1/0/15; interaction_reflexivity:0/3/0/5; temporality_structure:0/1/0/4; constraint_exploration:0/0/0/23	"Objects are often used in Knowledge Representation systems because they provide powerful means for representing hierarchically both structures, and modular behaviors. On the other hand, production systems provide essential deductive mechanisms which are useful for representing certain kinds of reasoning. Combining rules and objects create rich and complex environments in which the capacities of both representation schemes interact with each other in many ways. We describe here an experiment made in order to investigate those interactions. We experimented with the system Opus [7], which adds OPS5-like first order rules to the standard Smalltalk environment. The testbed for experimenting with these techniques is a subset of Euclidean Geometry : the system finds characteristics and properties about geometrical objects defined by the user through a graphical interface, allowing interactive modifications and instant reaction of the system. The expertise of the system consists in a set of rules which infer properties about objects in a ""Euclidean"" way, i.e. without performing real computa"		triage lexical seulement				
156	FP-252	1998	Other	Using Symmetry of Global Constraints to Speed up the Resolution of Constraint Satisfaction Problems	input/publications-francois-pachet/roy-98-EcaiSymmetry.pdf	7	6278	88	expectation_novelty:0/0/0/4; creation_generation:0/0/0/23; temporality_structure:0/0/0/30; constraint_exploration:2/0/0/155			triage lexical seulement				
157	FP-085	2000	Important Journals	A Combinatorial Approach to Content-Based Music Selection	input/publications-francois-pachet/pachet-00-ieeeMM.pdf	8	5150	88	interest_attention:0/0/0/2; expectation_novelty:0/0/0/18; creation_generation:0/0/0/27; interaction_reflexivity:0/0/0/3; subject_preference:0/0/0/20; temporality_structure:0/0/0/54; constraint_exploration:0/0/0/88			triage lexical seulement				
158	FP-296	1994	Other	The MusES system: an environment for experimenting with knowledge representation techniques in tonal harmony	input/publications-francois-pachet/pachet-94-SBCMFinal.pdf	7	4026	87	interest_attention:0/0/0/3; expectation_novelty:0/0/0/1; creation_generation:0/3/0/25; interaction_reflexivity:0/0/0/1; temporality_structure:0/1/0/33; constraint_exploration:0/0/0/17	We report here on current works on the MusES environment, designed for experimenting with various object-oriented knowledge representation techniques in the field of tonal harmony. The first layer of MusES is a repository of consensus knowledge about tonal harmony, including an explicit representation of enharmonic spelling, as well as representation of intervals, scales and chords that support standard computations. We give an overview of several systems built on top of MusES: a system for the analysis of jazz chord sequences, a system for the automatic generation of harmonizations, and a system that generates real-time jazz improvisations. We give an overview of MusES and its extensions and discuss several representation issues and their solutions in MusES. 1. Introduction: yet another Smalltalk music representation system Music analysis has long been a favorite domain for researchers in Artificial Intelligence. Within AI, Object-Oriented Programming (OOP) has traditionally been a favorite paradigm to build complex musical systems, especially oriented towards synthesis, from t		triage lexical seulement				
159	FP-232	2000	Other	Rhythm as Emerging Structures	input/publications-francois-pachet/pachet-00-rhythm.pdf	4	2327	85	interest_attention:0/0/0/3; creation_generation:0/0/0/21; interaction_reflexivity:0/0/0/2; subject_preference:0/0/0/1; temporality_structure:1/0/0/18; constraint_exploration:0/0/0/8			triage lexical seulement				
160	FP-176	2015	Other	(Manufac) Turing Tests for Music	input/publications-francois-pachet/pachet-15c.pdf	2	1681	85	interest_attention:0/0/0/6; expectation_novelty:0/0/0/6; creation_generation:0/0/0/32; interaction_reflexivity:0/0/0/4; subject_preference:0/0/0/4; temporality_structure:0/0/0/4; constraint_exploration:0/0/0/1			triage lexical seulement				
161	FP-302	1992	Other	Extended version	input/publications-francois-pachet/dojat-92-ieee.pdf	13	5441	84	interest_attention:0/0/0/3; creation_generation:0/2/0/27; interaction_reflexivity:0/0/0/3; subject_preference:0/0/0/3; temporality_structure:0/0/0/13; constraint_exploration:0/1/0/47	Nous décrivons un système à base de connaissances en cours de validation à l'hôpital Henri Mondor (Créteil, France). Le système NéoGanesh est destiné à adapter l’assistance ventilatoire mécanique fournit à un patient insuffisant respiratoire selon ses besoins physiologiques. Le système acquiert des données physiologiques en temps réel, établit un diagnostic, et agit directement sur les réglages du ventilateur connecté au patient. Il développe un raisonnement pour sevrer le patient du ventilateur. Le malade est ventilé avec une aide inspiratoire en pression. Nous utilisons l'environnement de programmation à objets Smalltalk -80 pour représenter les objets du domaine. Un moteur d'inférences d'ordre 1, NéOpus, écrit en Smalltalk, est utilisé pour implémenter le raisonnement. L'architecture complète de contrôle du déclenchement des règles est présentée. Nous insistons finalement sur les aspects génériques de notre système. Intégré dans un environnement sophistiqué, NéoGanesh constitue un premier pas vers un système générique de représentation d'expertises médicales utilisées en réanima		triage lexical seulement				
162	FP-064	2007	Important Journals	The influence of polyphony on the dynamical modelling of musical timbre	input/publications-francois-pachet/aucouturier-07a.pdf	17	6253	84	interest_attention:0/0/0/2; expectation_novelty:0/0/0/3; creation_generation:0/0/1/20; interaction_reflexivity:0/0/0/2; subject_preference:0/0/0/5; temporality_structure:0/2/1/34; constraint_exploration:0/0/0/5	This letter addresses the problem of pattern recognition of polyphonic musical timbre. Frame-level dynamics of audio features are particularly difficult to model, although they have been identified as crucial perceptive dimensions of timbre perception. Recent studies seem to indicate that traditional means to model data dynamics, such as delta-coefficients, texture windows or Markov modelling, do not provide any improvement over the best static models for real-world, complex polyphonic textures of several seconds’ length. This contradicts experimental data on the perception of individual instrument notes. This letter describes an experiment to identify the cause of this contradiction. We propose that the difficulty of modelling the dynamics of full songs results either from the complex structure of the temporal succession of notes, or from the vertical polyphonic nature of individual notes. We discriminate between both hypothesis by comparing the performance of static and dynamical algorithms on several specially designed datasets, namely monophonic individual notes, polyphonic indi	The observation that dynamic algorithms overperform their static counterparts on DB1, but are ranked in inverse order on DB2 gives strong evidence that polyphony ruins attempts at modelling dynamics even within the constrained time-scale of individual notes (H2). This conclusion therefore generalizes all the more so to longer textures (i.e. sequences of notes), and explains the poor performance of dynamical algorithms for the timbre similarity of full songs. Note that we are only concerned here about measures of timbre similarity, and that we do not claim that our results extend to other types of music similarity (e.g. structural (Dannenberg and Hu, 2003) or rhythmic (Gouyon and Dixon, 2005)) or the modelling of complex, multi-faceted descriptions like musical genre (Aucouturier and Pachet, 2003), which may benefit from information captured by dynamical techniques at the time-scales considered in this study. Moreover, polyphony seem to make difficult the training of involved static algorithms such as several-component GMMs. These perform less accurately than simplistic euclidean c	triage lexical seulement				
163	FP-298	1994	Other	extended version	input/publications-francois-pachet/pachet-94f.pdf	27	9610	83	interest_attention:0/0/0/9; creation_generation:0/0/0/40; interaction_reflexivity:0/0/0/1; temporality_structure:0/1/1/40; constraint_exploration:0/0/0/35	The MusES system is intended to provide an explicit representation of musical knowledge involved in tonal music chord sequences analysis. We describe in this paper the first layer of the system, which provides an operational representation of pitch classes and their algebra, as well as standard calculus on scales, intervals and chords. The proposed representation takes enharmonic spelling into account, i.e differentiates between equivalent pitch-classes (e.g. C# and Db ). This first layer is intended to provide a solid foundation for musical symbolic knowledge-based systems. As such, it provides an ontology to describe the basic units of harmony. This first layer of the MusES system may also be used as a pedagogical example for those wishing to apply object-oriented techniques to musical knowledge representation. Résumé Le système MusES a comme objectif de représenter les connaissances musicales nécessaires à l'analyse harmonique de séquences d'accords en musique tonale. Nous décrivons ici la première couche du système qui propose une représentation opérationnelle des notes et de l	"The first layer of the MusES system sets the foundations for the study of various harmonic analysic mechanisms. The basic entites of harmony notes, intervals, scales and chords are defined as by set of classes, having a structure and a behavior. Our approach is validated by the ""friendly"" feel of the overall system and the almost physical presence of the musical entites, that allow the user to think more naturally, and by the reusability of these entities, and their capacity to support extensions. 9. References [Cointe&Briot 89] Cointe P., Briot J.-P. Programming with ObjVlisp metaclasses in Smalltalk-80, OOPSLA '89, New Orleans, USA. [Ebcioglu 92] Ebcioglu K. An expert system for harmonizing chorales in the style of Bach. In Understanding Music with A.I. AAAI Press/ MIT Press, 1992. Ed. by Balaban M., Ebcioglu K., Laske O. [Goldberg&Robson 89] Goldberg A., Robson D. Smalltalk-80 : the language and its implementation. Addison-Wesley 1989 (revised edition). [MacLaughlin 76] J. McLaughlin. John McLaughlin and the Mahavishnu Orchestra. Warner-Tamerlane publishing, Warner Bros. Publ"	triage lexical seulement				
164	FP-264	1996	Other	Contraintes, objets et connaissances	input/publications-francois-pachet/roy-97-GDR.pdf	5	2153	83	interest_attention:0/0/0/2; creation_generation:0/0/0/10; temporality_structure:0/0/0/1; constraint_exploration:1/0/4/51		We have described a framework for expressing and solving combinatorial problems, that is designed to accommodate various kinds of domain-specific knowledge. We illustrate the framework and three types of knowledge on a crossword solver. 5. References Avesani, P. Perini, A. Ricci, F. (1990) COOL: An Object System with Constraints. Proc. of TOOLS'2, Paris (France), June 1990. Caseau, Y. (1994) Constraint Satisfaction with an Object-Oriented Knowledge Representation Language. Journal of Applied Artificial Intelligence, 4, pp. 157-184. Colmerauer, A. (1990) An introduction to Prolog-III. CACM, 33 (7): 69. Deville, Y. Van Hentenryck, P. (1991) An efficient arc-consistency algorithm for a class of CSP problems. Proc. of IJCAI '91, Chambéry (France), pp. 325-330. Glover, F. (1989) Tabu search - Part I. ORSA Journal on Computing, 1 (3), pp. 190-206. Haralick, R.M. Elliot, G.L. (1980) Increasing Tree Search Efficiency for Constraint Satisfaction Problems. Artificial Intelligence, vol. 14, pp. 263-313. Jaffard, J. Lassez, J.-L. (1987). Constraint logic programming. Proc. of 14th PO	triage lexical seulement				
165	FP-280		Other	Building plan recognition systems on arbitrary applications: the spying technique	input/publications-francois-pachet/giroux-95-ijcai-planrecognition-final.pdf	6	4787	82	interest_attention:0/0/0/6; expectation_novelty:0/0/0/2; creation_generation:0/0/0/31; interaction_reflexivity:0/0/0/10; temporality_structure:0/0/0/6; constraint_exploration:0/0/0/12			triage lexical seulement				
166	FP-231	2000	Other	MusicSpace goes Audio	input/publications-francois-pachet/pachet-00-space.pdf	3	1888	82	interest_attention:0/0/0/1; creation_generation:0/0/0/6; subject_preference:0/1/0/9; temporality_structure:0/0/0/1; constraint_exploration:0/6/0/75	The MusicSpace project aims at providing high-level user control on music spatialization, i.e. the position of sound sources and the position of the listener’s avatar. This is done by introducing a constraint system in a graphical user interface representing the sound sources, and connected to a spatializer. The constraint system allows to express various sorts of properties on configuration of sound sources. When the user moves one source - through the interface or via a control language - the constraint system is activated and tries to satisfy the constraints that may have been violated. A first Midi version of the MusicSpace has already been designed and proved very successful. We describe here a second version of MusicSpace which now handles full-fledged multi-track audio files. We report on the design of the system and preliminary experiments. 3. Mixing Consistency 1. Music Spatialization The problem with allowing users to change the Music spatialization has long been an intensive object of configuration of sound sources, and hence, the mixing, is study in computer music res		triage lexical seulement				
167	FP-086	2000	Important Journals	The Framework Approach for Constraint Satisfaction	input/publications-francois-pachet/roy98a.pdf	5	2183	82	interest_attention:0/0/0/2; creation_generation:0/0/0/9; constraint_exploration:1/0/4/65		The framework paradigm offers a smooth and efficient integration of CSP with objects. One way to assess the relevance of this approach, as opposed to the language-based approach, is to compare it with two extreme cases: CHIP and CLAIRE. The main difference with CHIP is that since BACKTALK provides the relevant concepts of CSP, including algorithms, as classes, it allows to redefine them by inheritance, thus gaining flexibility. The difference with CLAIRE is that BACKTALK imposes the main control-loop, whereas CLAIRE leaves it to the responsibility of the user: since CLAIRE has all the abilities of a complete hybrid language, it is suitable for highly specific applications. Table 1 illustrates the position of the framework approach. 3 ACM Computing Surveys 32 (1es) Approach Main characteristics Examples Library Parameterized high-level constraints CHIP Framework Control-loop, simple constraints BACKTALK, ILOGSOLVER Language Low-level language constructs CLAIRE Table 1 The three approaches in proposing CSP mechanisms to a user The framework approach is claimed more comfortab	triage lexical seulement				
168	FP-060	2009	Important Journals	Description-Based Design of Melodies	input/publications-francois-pachet/pachet-08f.pdf	13	6705	80	interest_attention:0/0/0/2; expectation_novelty:0/0/0/2; creation_generation:0/0/0/85; interaction_reflexivity:0/0/0/30; subject_preference:0/0/0/11; temporality_structure:0/0/0/23; constraint_exploration:0/0/0/30			triage lexical seulement				
169	FP-251	1998	Other	Using Description Logics for Indexing Audiovisual Documents	input/publications-francois-pachet/pachet-89-dl98.pdf	6	2749	79	interest_attention:0/0/0/2; creation_generation:0/0/1/15; temporality_structure:0/0/9/94; constraint_exploration:0/0/0/5		We have defined the problem of indexing audiovisual documents, and have shown that it involves classifying temporal structures using multi-layered information. The classification problem is made even more complex by the fact that only subsets of the initial temporal structures must be classified, and that these subsets are not known a priori. We have presented a method in the framework of description logics, to retrieve temporal structure of audiovisual documents by expressing temporal structure types as grouping rules of temporal concepts. The implementation with CLASSIC of the ideas expressed above is in progress, and shows the validity of our approach on small examples. Some work is left to do, particularly to identify useful sub-types of grouping rules, and ensuring that the approach may be used on real world, full size documents. 4. Bibliography 1. Simonnot, B., Modélisation multi-agents d'un système de recherche d'information multimédia à forte composante vidéo, . 1996, Université Henri Poincaré - Nancy I. p. 259. 2. Katz, S.D., Film Directing Shot by Shot. 1991: Michael Wie	triage lexical seulement				
170	FP-183	2013	Other	MIROR IMPRO and COMPO Software: the User Guide	input/publications-francois-pachet/khatchatourov-13b.pdf	66	18799	79	interest_attention:0/0/0/4; expectation_novelty:0/0/0/1; creation_generation:0/0/0/134; interaction_reflexivity:0/0/0/30; subject_preference:0/0/0/2; temporality_structure:0/0/1/153; constraint_exploration:0/0/0/69		"This output type will continue from the previous chunk and will end on the note which was the first note of the piece (i.e. the first note of the first chunk). 13.3 Record/Export/Import MIROR COMPO functionalities 13.3.1 The Trace of user’s actions The button Trace opens a Trace window that you can keep open during the experiment (it is then updated dynamically). The trace is recorded automatically in any case, you need to use the button only to visualize it. This Trace window contains the list of actions made by the user:  Each action/chunk done by the user is labeled (Rest, Backtrack, Conclusion, Play, MelodyAdded, FailedAction, etc.),  Each label (except backtrack) opens the corresponding chunk in a standard piano roll panel inside the Trace window,  From this piano roll panel you can play back or export arbitrary chunks to a MIDI or MP3 file with a user-defined name (the ""save"" button in the trace interface: one-click operation). The Trace list automatically scrolls down to the last action. Figure 42. The Trace window with the list of actions and the piano roll pane"	triage lexical seulement				
171	FP-297	1994	Other	An Object-Oriented Representation of Pitch-Classes, Intervals, Scales and Chords	input/publications-francois-pachet/pachet-94-jim-final.pdf	16	6873	78	interest_attention:0/0/0/7; creation_generation:0/0/0/37; interaction_reflexivity:0/0/0/1; temporality_structure:0/1/1/22; constraint_exploration:0/0/0/25	The MusES system is intended to provide an explicit representation of musical knowledge involved in tonal music chord sequences analysis. We describe in this paper the first layer of the system, which provides an operational representation of pitch classes and their algebra, as well as standard calculus on scales, intervals and chords. The proposed representation takes enharmonic spelling into account, i.e differentiates between equivalent pitch-classes (e.g. C# and Db). This first layer is intended to provide a solid foundation for musical symbolic knowledge-based systems. As such, it provides an ontology to describe the basic units of harmony. This first layer of the MusES system may also be used as a pedagogical example for those wishing to apply object-oriented techniques to musical knowledge representation. A document describing the system in full details is available on request. Résumé Le système MusES a comme objectif de représenter les connaissances musicales nécessaires à l'analyse harmonique de séquences d'accords en musique tonale. Nous décrivons ici la première couche d	"The first layer of the MusES system sets the foundations for the study of various harmonic analysic mechanisms. The basic entites of harmony notes, intervals, scales and chords are defined as by set of classes, having a structure and a behavior. Our approach is validated by the ""friendly"" feel of the overall system and the almost physical presence of the musical entities, that allow the user to think more naturally, and by the reusability of these entities, and their capacity to support extensions. 9. References [Cointe&Briot 89] Cointe P., Briot J.-P. Programming with ObjVlisp metaclasses in Smalltalk-80, OOPSLA '89, New Orleans, USA. [Ebcioglu 92] Ebcioglu K. An expert system for harmonizing chorales in the style of Bach. In Understanding Music with A.I. AAAI Press/ MIT Press, 1992. Ed. by Balaban M., Ebcioglu K., Laske O. [Goldberg&Robson 89] Goldberg A., Robson D. Smalltalk-80 : the language and its implementation. Addison-Wesley 1989 (revised edition). [MacLaughlin 76] J. McLaughlin. John McLaughlin and the Mahavishnu Orchestra. Warner-Tamerlane publishing, Warner Bros. Publis"	triage lexical seulement				
172	FP-138	2001	Important conferences	A Naturalist Approach to Music File Name Analysis	input/publications-francois-pachet/pachet-01a.pdf	8	6082	78	interest_attention:0/0/0/1; creation_generation:0/0/1/8; interaction_reflexivity:0/0/2/5; subject_preference:0/0/0/2; temporality_structure:0/0/0/6; constraint_exploration:0/1/0/9	Music title identification is a key ingredient of content- Content-based music access requires, between other based electronic music distribution. Because of the lack things, the ability of extracting features from the signal, of standards in music identification – or the lack of of gathering descriptions of various source of textual enforcement of existing standards – there is a huge information, of modelling user profiles and matching amount of unidentified music files in the world. We these profiles to music descriptors, etc. (see Pachet, propose here an identification mechanism that exploits 2001a for a survey). Among these requirements, one key the information possibly contained in the file name itself. issue is music identification: how to identify in a nonWe study large corpora of files whose names are decided ambiguous way music files. This identification is crucial by humans without particular constraints other than to allow the management of metadata, copyrights, readability, and draw various hypotheses concerning the profiles, recommendation systems, etc. Without a solid	We described a method for parsing music file names without knowing their syntax a priori. The method is based on a set of justified heuristics which are validated by a prior analysis of a large corpora of “natural” file names, and by a working system integrated in a large scale EMD project. The success of the approach lies mainly in the local consistency hypothesis, which states that syntaxes are usually consistent within related groups of music files. This hypothesis allows to solve a number of ambiguity by making choices based on statistical properties of file clusters rather than on individual files. Extensions of the approach for handling other types of music (e.g. Classical) or non-Western filenames are under study, and may require different sets of heuristics, but we believe the approach in general is still valid. Lastly, we plan to integrate a learning module to FNI that is able to learn automatically new syntaxes from errors, in the spirit of (Petasis et al., 2001). 7 References Beeferman, D. Berger, A. Lafferty, J. (1999) Statistical Models for Text Segmentation, Machine	triage lexical seulement				
173	FP-131	2004	Important conferences	From Sound Sampling To Song Sampling	input/publications-francois-pachet/aucouturier-04d.pdf	8	5514	78	interest_attention:0/0/0/3; expectation_novelty:0/0/0/1; creation_generation:0/0/0/23; interaction_reflexivity:0/0/0/30; subject_preference:0/0/0/6; temporality_structure:0/0/0/13; constraint_exploration:0/0/0/9			triage lexical seulement				
174	FP-115	2013	Important conferences	A Comprehensive Online Database of Machine-Readable Lead Sheets for Jazz Standards	input/publications-francois-pachet/pachet-13c.pdf	6	4454	73	interest_attention:0/0/0/1; expectation_novelty:0/0/0/2; creation_generation:0/0/3/48; interaction_reflexivity:0/0/0/2; subject_preference:0/0/0/1; temporality_structure:0/0/0/23; constraint_exploration:0/0/0/9		(empty) 2 5 6 m + 7 9 11 13 We described the motivation and rationale for a com- +7 m6 69 M7 m9 m7 M9 7b9 7#11 aug prehensive online database of machine-readable leadAlt m13 m#5 m69 m11 sheets of jazz standards1. The specification of the dataDim 7#5 7#9 9b5 7b5 base is simple because its goals are very clear: provide a mb6 9#5 7#4 M13 7b6 #11 Sus 7b13 add9 11b9 machine-readable representation of melodies and chord 7alt 6#11 m7#5 M7b9 +7#9 progressions as found in reference, published fake books, +7b9 m9M7 (b5) 7sus 13b9 and following a “closed-world” approach. The database is 9#11 mM7 dim7 9sus 4sus M7#5 M7#4 m9b5 M9#5 13b5 already being used by several projects dealing with analsus2 sus4 M9b5 M7#9 7#9b5 ysis and generation of jazz compositions. 7#5b5 7#4#5 13#11 M9#11 13sus The closed-world approach does not mean that this 7b9#9 7#5#9 pedal +add9 7b5#9 (#11) m(M9) dimM7 7#9#5 7b9b5 database effort is to be stopped soon. First, new composiM7#11 7b9#5 aug#4 +(b9) 6sus4 tions are regularly been published, such as the European m11b5 madd9 5add9 7#5#11 7b9#11 Real Book [5], though n	triage lexical seulement				
175	FP-335		Technical Reports	Pour en finir avec le singe et les bananes	input/publications-francois-pachet/pachet-91_15_pour_en_finir.pdf	36	8135	71	interest_attention:0/0/0/2; expectation_novelty:0/0/0/1; creation_generation:0/0/0/47; temporality_structure:0/0/0/6; constraint_exploration:0/4/2/25	"We describe here two versions of the legendary rule base ""the Monkey and the bananas"", originally introduced by [Brownston], written in the NéOpus system. The first version is a direct translation of the original version in NéOpus and uses all the Object-Oriented features of the system. We criticize this version by stressing on its lack of extensibility, and by showing that control is coded in a very implicit way. A second version, using the declarative control architecture of NéOpus is then introduced. By using the notion of assertion, we separate clearly the two levels of representation : domain objects (the monkey, the bananas ...) and control objects (the goals of the monkey). Résumé Nous présentons ici deux versions de la base de règles du singe et des bananes, présentée originellement par [Brownston], dans le système NéOpus. Une première version est la traduction directe en NéOpus de la version originale, utilisant pleinement l'intégration de NéOpus dans Smalltalk. Nous critiquons cette première base de règles en montrant qu'elle n'est pas extensible, et que le contrôle y est"	"Ces deux exemples complets de base de règles en NéOpus ont un caractère essentiellement démonstratif. Dans la première version on met en oeuvre toute la technologie objet de Smalltalk appliquée à l'écritre de règles. Dans la deuxième on donne au contrôle un statut de première classe en utilisant l'architecture de contrôle déclarative, ainsi que l'héritage de bases de règles. 7. Annexes 7.1. Annexe 1 : La base de règles complète (première version) : OpusRuleSet subbase: #MonkeyRulesEnglish globalObjects: '' category: 'Monkey-rules'! MonkeyRulesEnglish comment: 'Le singe et les bananes, transposition directe de la version en OPS5' !MonkeyRulesEnglish methodsFor: 'at'! atMonkey ""si le but est que le singe soit qq part et que le singe est ailleurs ne tenant rien alors le singe y va"" | MonkeyGoal b. Monkey s| b isActive. b type = #at. b objet isNil. s isNotAt: b to. s holdsNothing. actions s goTo: b to. b becomeSatisfied. s modified. b modified.! atMonkeyObject ""si le but est que le singe soit qq part et que le singe est ailleurs tenant qq chose alors le"	triage lexical seulement				
176	FP-140	2000	Important conferences	A Language for Audiovisual Template Specification and Recognition	input/publications-francois-pachet/carrive-00c.pdf	17	6798	71	interest_attention:0/0/0/3; creation_generation:0/0/1/14; temporality_structure:0/0/2/132; constraint_exploration:0/0/2/66		We have described a CSP formulation of a template matching problem in the context of audio visual document indexing. The formulation yields a language for expressing templates which is flexible enough to accommodate for most of the regularities occurring in high level structures. The implementation of the language using the CSP formalism yields an efficient and sound solving procedure. The resulting system improves on existing approach in macro-segmentation, by providing an efficient yet general framework to the issue. Various aspects of the system may benefit from improvements. For instance, the template completion could be avoided and a graph analysis could allow to propagate only necessary temporal constraints, thereby limiting the number of redundant constraints. Finally, the experiments showed that templates specified using simple primitives produce macrosegmentations which are useful for documentalists. Current work focus on the definition of templates for other classes of audiovisual documents, to validate the approach on a large scale. 5 References 1. Brunelli, R., O. Mich	triage lexical seulement				
177	FP-256	1998	Other	Conception par objets d’un système pour combiner raisonnement formel et satisfaction de contraintes	input/publications-francois-pachet/Liret-JFLA98.pdf	14	5341	70	expectation_novelty:0/0/0/1; creation_generation:0/0/0/5; temporality_structure:0/0/0/1; constraint_exploration:1/0/4/91		La satisfaction de contraintes attire par ses nombreux algorithmes ecaces. Cependant nous avons identi e plusieurs situations dans lesquelles les techniques classiques de CSP se reduisent a une enumeration systematique, tandis qu'un raisonnement formel sur les contraintes trouve la solution de maniere plus directe. Il est donc interessant de pouvoir combiner les deux strategies, ltrage et raisonnement formel au cours d'une resolution. En reconstruisant le systeme Alice, dans un langage a base d'objets, nous avons pu mettre en evidence deux supports au raisonnement formel: les regles de production et les regles de reecriture. Toutes les contraintes sont traitees dans leur forme normale et les regles de production generent de nouvelles contraintes redondantes. Par ailleurs, la programmation par objets apporte un avantage certain : les modules sont clairement de nis et independants. En particulier, notre systeme, AliceTalks, comprend un module de manipulation symbolique et numerique des expressions arithmetiques et logiques. Les systemes de re	triage lexical seulement				
178	FP-236	2000	Other	Metamodeling for Multidimensional Reuse	input/publications-francois-pachet/mili-00-MCSEAI.pdf	10	5471	70	interest_attention:0/0/0/2; creation_generation:0/1/0/36; interaction_reflexivity:0/0/0/7; temporality_structure:0/1/0/11; constraint_exploration:0/0/0/7	Metamodeling refers to the practice of representing objects at more instantiation levels than the usual two, instance and class. The need for representing computational entities in general, and objects in particular, at several levels of instantiation arises in many occasions. When properly recognized as a case of metamodeling, it may lead to a better understanding of the underlying application logic, and to a more reusable and efficient implementation. In this paper, we look at manifestations of metamodeling through the study of three classes of problems and describe design patterns that support the implementation of the most common instances of metamodeling. We conclude by highlighting directions for further research. Keywords: Metamodeling, design patterns, metaclasses, domain models, process models. 1. Introduction Object-oriented structural modeling uses classes to represent the structure of similar application objects, and associations to represent patterns of connections between application objects. Applications where the representation of objects has to be queried	Abstraction and separation of concerns are key strategies for managing the complexity of systems. Domain engineering is concerned with building a set of software constructs that can accommodate a set of application within an application domain, with different functional needs, different configurations, and different operational requirements. Abstraction comes in two flavors, which we might call omission, and factorisation/parametrization. Abstraction by omission ignores the details that might differentiate between two instances of the abstraction; by doing so, using the abstraction requires putting that information back in, each time, i.e. costs engineering effort for each use. Abstraction through parametrization embodies variations in concrete interchangeable subcomponents. We showed in this paper a set of techniques, which we collectively call metamodeling, which lead to more reusable components, and more efficient implementations. We sketched the common theoretical foundations of these techniques, illustrated by a set of proven design solutions. Acknowledgements: This work bene	triage lexical seulement				
179	FP-225	2001	Other	Musical Data Mining for Electronic Music Distribution	input/publications-francois-pachet/pachet-01-wedel-final.pdf	6	4230	70	interest_attention:0/0/0/6; expectation_novelty:0/0/0/2; creation_generation:0/0/0/11; subject_preference:0/0/0/4; temporality_structure:0/0/0/4; constraint_exploration:0/0/0/6			triage lexical seulement				
180	FP-272	1997	Other	A Framework for Expressing Knowledge about Constraint Satisfaction Problems	input/publications-francois-pachet/roy-97d.pdf	5	3237	69	interest_attention:0/0/0/2; expectation_novelty:0/0/0/1; creation_generation:0/0/0/10; constraint_exploration:1/0/0/79			triage lexical seulement				
181	FP-247	1998	Other	A Mixed 2D/3D Interface for Music Spatialization	input/publications-francois-pachet/pachet-98-VirtualWorlds.pdf	10	3527	69	interest_attention:0/0/0/3; creation_generation:0/0/0/19; interaction_reflexivity:0/0/0/3; subject_preference:0/0/0/29; temporality_structure:0/0/0/17; constraint_exploration:0/0/0/28			triage lexical seulement				
182	FP-081	2003	Important Journals	Content Management for Electronic Music Distribution: The Real Issues	input/publications-francois-pachet/pachet-03a.pdf	5	3236	69	interest_attention:0/0/0/4; expectation_novelty:0/0/0/1; creation_generation:0/0/0/7; interaction_reflexivity:0/0/0/2; subject_preference:0/0/0/6; temporality_structure:0/0/0/11; constraint_exploration:0/0/0/10		Music content management technologies are a key ingredient for EMD. These techniques, including title identification and feature and similarity extrac- © 2003 ACM 0002-0782/03/0400 $5.00 COMMUNICATIONS OF THE ACM April 2003/Vol. 46, No. 4 75	triage lexical seulement				
183	FP-197	2007	Other	Analytical Features for the Classification of Percussive Sounds: The Case of the Pandeiro	input/publications-francois-pachet/roy-07b.pdf	8	6373	69	interest_attention:0/0/0/5; creation_generation:0/0/0/47; interaction_reflexivity:0/0/0/13; temporality_structure:0/0/0/4; constraint_exploration:0/0/0/14			triage lexical seulement				
184	FP-068	2005	Important Journals	Editorial Metadata in Electronic Music Distribution Systems: Between Universalism and Isolationism	input/publications-francois-pachet/pachet-05c-1.pdf	12	7516	68	interest_attention:0/0/0/5; creation_generation:0/0/0/21; interaction_reflexivity:0/0/0/2; subject_preference:0/0/0/4; temporality_structure:0/0/0/15; constraint_exploration:0/0/0/7	enjoy the new tune, you do not know much about We address the problem of metadata management in the Bjork: you have only been able to classify the artist in context of future Electronic Music Distribution (EMD) your walkman’s local genre taxonomy as ‘‘Electronica / systems, and propose a classiﬁcation of existing musical Icelandic’’. editorial systems in two categories: the isolationists and As you walk by a café in Reykjavik, you decide that the universalists. Universalists propose shared informa- you would like to see what information the local tion at the expense of consensuality, while isolationist community has to oﬀer about Bjork (she’s Icelandic, approaches allow individual parameterization at the isn’t she?) You turn on your walkman, which immediexpense of the lack of reusability. We propose an ately connects to the nearby metadata server at the café architecture and a system for managing editorial and download locally available information. Unfortumetadata that lies in the middle of these two extremes: nately, access to the music ﬁles is copyrighted and we organize music		triage lexical seulement				
185	FP-311		Unpublished	Using Software Engineering Techniques to Build Complex Knowledge Based Systems	input/publications-francois-pachet/Revault-isac93.pdf	12	6002	67	interest_attention:0/0/0/5; expectation_novelty:0/0/0/2; creation_generation:0/0/0/44; interaction_reflexivity:0/0/0/2; temporality_structure:0/0/0/11; constraint_exploration:0/0/0/36	"This paper studies the properties of complex systems that are built by reusing an existing object-oriented software in the framework of a knowledge-based system. More precisely, the problem can be stated as : if S is a piece of procedural software that yields some ""good"" software engineering properties P (such as extensibility and modularity) and we wish to add a knowledge-based component to it (KB(S)), then what are the conditions for the resulting system (the target, S + KB(S)) to retain the properties P of the original software S ? We give a sufficient condition for this integration to be successful, that is based on the uniformity of the language used to express the knowledge with the object language. We exemplify our claim by an example of a complex application that performs the transformation of semantic networks into normal form relations. Key Words Reusable knowledge bases, object-oriented rule-based programming, software reuse, pluggability, semantic networks, database design, normalization, meta-modelling, inference mechanism, Smalltalk. 1. Introduction This paper a"	Building a big system is not difficult. What is difficult is to build a big system that yields good software properties. We advocated that encapsulation is the key mechanism of object-orientation that helps in producing reusable software. But this encapsulation is jeopardized by the very nature of artificial intelligence systems, and particularily rule-based programming. We claim that in the particular case of object-oriented rule-based programming, this problem is solved by using a rule language that allows to express rules in the object language itself. The resulting system is therefore by nature extensible, in the sense of object-oriented programming : new classes can be added to the system without breaking its consistency, the implementation of existing classes may be redefined without having to change all the rules that access them, and new rules can be added to the rule base without having to reconsider the design of the classes. Future work will focuss on the application of our approach to other types of transformations, including transformation from relational database mo	triage lexical seulement				
186	FP-265	1996	Other	An example of a crossword generated by BackTalk	input/publications-francois-pachet/CrossWordLaforia.pdf	3	505	67	creation_generation:1/0/0/0; subject_preference:0/0/0/1; temporality_structure:0/0/0/1			triage lexical seulement				
187	FP-124	2006	Important conferences	Automatic Recognition of Urban Sound Sources	input/publications-francois-pachet/Defreville-06-Automatic_Recognition_of_Urban_Sound_Sources.pdf	9	5488	67	interest_attention:0/0/0/1; creation_generation:0/3/0/29; interaction_reflexivity:0/0/0/3; subject_preference:0/0/0/2; temporality_structure:0/0/0/5; constraint_exploration:0/0/0/1	The goal of the FDAI project is to create a general system that computes an efficient representation of the acoustic environment. More precisely, FDAI has to compute a noise disturbance indicator based on the identification of six categories of sound sources. This paper describes experiments carried out to identify acoustic features and recognition models that were implemented in FDAI. This framework is based on EDS – Extractor Discovery System – an innovative acoustic feature extraction system for sound feature extraction. The design and development of FDAI raised two critical issues. Completeness: it is very difficult to design descriptors that identify every sound source in urban environments, and Consistency: some sound sources are not acoustically consistent. We solved the first issue with a conditional evaluation of a family of acoustic descriptors, rather than the evaluation of a single general-purpose extractor. Indeed, a first hierarchical separation between vehicles (moped, bus, motorcycle and car) and non-vehicles (bird and voice) significantly raised the accuracy of iden		triage lexical seulement				
188	FP-288	1994	Other	Vers un modèle du raisonnement dans les langages à objets	input/publications-francois-pachet/pachet-94a.pdf	14	5557	66	interest_attention:0/0/0/5; expectation_novelty:0/0/0/1; creation_generation:0/0/0/19; interaction_reflexivity:0/0/0/1; temporality_structure:0/0/0/14; constraint_exploration:0/0/1/12	Ce papier est une proposition de modèle du raisonnement dans les langages hybrides, intégrant un langage de programmation par objets avec des règles de production. Nous proposons de différencier entre deux catégories d'objets, les objet du monde perçu et ceux du monde conçu. Le raisonnement est alors considéré comme un processus qui crée ou modifie le monde conçu à partir d'observations du monde perçu. Nous nous appuyons sur un exemple, l'analyse harmonique de grilles d'accords de Jazz. Dans ce système, les objets perçus sont les objets graphiquement représentables (les notes, les accords, et dans une moindre mesure les intervalles). Les objets conçus sont les tonalités, les degrés, les formes harmoniques identifiées par l'expert. Le raisonnement est représenté par deux types de règles : des règles dites de reconnaissance, et des règles de remplissage. Ces deux types de règles sont réinterprétés dans notre cadre, pour montrer qu'ils respectent notre distinction. Nous concluons sur la validité de notre proposition comme embryon de méthode pour la construction de bases de connaissance	"Le système décrit permet effectivement d'analyse les grilles de Jazz les plus courantes, en faisant aussi bien qu'un expert sur les cas consensuels. Ce résultat en lui même mérite d'être mentionné, car nous ne connaissons pas de système comparable ayant d'aussi bonnes performances. Mais notre présentation est à prendre, ici, comme un proposition de méthode. En particulier, il manque à ce schéma des règles plus précises expliquant le ""passage"" du perçu au conçu, et, certainement une catégorisation plus fine des ""effets"" des règles, sur les deux mondes modélisés. Cependant, cette proposition est le résultat d'analyses - non terminées - de plusieurs gros systèmes à base de connaissances utilisant le formalisme des objets (au sens de la PPO) et des règles de production. Le système NéoGanesh [DOJA&PACH 91] est une grosse base de connaissances réalisée en Smalltalk/NéOpus, qui contrôle des ventilateurs d'unités de soins intensifs en temps réel. Cette base de connaissances suit admirablement le schéma présenté ici. Dans ce système, le monde perçu (par les médecins) contient tous les objets"	triage lexical seulement				
189	FP-127	2005	Important conferences	Exploiting the Tradeoff Between Precision and Cpu-time to Speed Up Nearest Neighbor Search	input/publications-francois-pachet/roy-05b.pdf	8	6259	66	interest_attention:0/0/0/5; expectation_novelty:0/0/0/1; creation_generation:0/0/0/11; interaction_reflexivity:0/0/0/3; subject_preference:0/0/0/1; temporality_structure:0/0/0/19; constraint_exploration:0/0/0/6			triage lexical seulement				
190	FP-279		Other	Three compatible mechanisms for representing medical context implicitly	input/publications-francois-pachet/dojat-95-ijcai-final.pdf	9	4147	65	interest_attention:0/0/0/2; expectation_novelty:0/0/0/7; creation_generation:0/0/0/8; interaction_reflexivity:0/0/0/1; temporality_structure:0/0/0/33; constraint_exploration:0/0/0/12	"An important aspect of context in medical reasoning is the notion of ""variation"" of a chunk of knowledge according to various contingencies, such as course of patient's disease, response to therapies, or team specificity. Our position is to represent these variations implicitly, by proposing mechanisms to factor knowledge and to refine it. We propose three mutually compatible mechanisms that effectively contribute to represent slight variations of knowledge in a representation framework integrating object-oriented programming and rule-based programming. We illustrate them with examples extracted from various knowledge bases for the management of mechanical ventilation. Key words: Context, Knowledge Representation, Object-Oriented Programming, Rule-Based Programming. 1. Introduction In medical reasoning, the notion of context is central for interpreting physiological parameters and is relevant at all levels of expertise. [Brézillon 93] showed that, within the community of researchers working on context issues, two main tendencies emerge: 1) Context as a ""situation"" Context co"	"We have introduced three mutually compatible mechanisms that take context into account. In our approach, unlike the approach of [Guha 91], context is not represented explicitely, as a first-class object. We illustrated the mechanisms by instanciation of context-dependency for availability of data (class inheritance), representing reference values (natural typing in forward-chaining rules), and representing different perception to changes (rule base inheritance). Object-orientation casts a new light on the classical distinction between the two notions of context (situation versus set of beliefs). Because our representation model is uniform (everything is represented by an object), the notion of a ""logical fact"" disappears, making it difficult to represent ""sets of beliefs"". However, we think that this distinction is still relevant, and propose to take it into account by distinguish between two categories of domain objects: - perceived objects (symptoms, devices, patient's status and history), that represent the world as it is ""perceived"" by the clinician expert. These objects repres"	triage lexical seulement				
191	FP-307	1991	Other	Reasoning with objects: the NéOpus environment	input/publications-francois-pachet/pachet-91-easteuroope.final_.pdf	19	4231	64	interest_attention:0/0/0/3; expectation_novelty:0/0/0/2; creation_generation:0/0/0/14; subject_preference:0/0/0/2; constraint_exploration:0/3/0/24	In this paper, we present an overview of the reasoning capacities of the NéOpus system, a forward chaining first-order inference engine, integrated in the Smalltalk environment. NéOpus is a complete rewriting of the Opus system described in [Atkinson&Laursen], which itself is a translation of the OPS5 rule-based system in Smalltalk. We describe here some major improvements that were added to NéOpus in order to make it operational in a wide range of contexts. We start by a brief description of the original Opus system, and then describe our extensions, such as the use of class inheritance in variable typing, local variables, the introduction of zero-order variables, rule base inheritance, and a declarative architecture for control. We conclude on the operational use of NéOpus as a knowledge representation tool. 1 2 Reasoning with objects : the NéOpus environment François Pachet I. Introduction The aim of our work is to explore the reasoning capacities of Object-oriented languages to represent deductive knowledge. Smalltalk offers a ideal environment to explore those capacit		triage lexical seulement				
192	FP-221	2002	Other	The Cuidado Project: New Applications Based on Audio and Music Content Description	input/publications-francois-pachet/vinet-02b.pdf	4	2928	64	interest_attention:0/0/0/2; creation_generation:0/0/0/17; interaction_reflexivity:0/0/0/6; subject_preference:0/0/0/5; temporality_structure:0/0/0/15; constraint_exploration:0/0/0/15			triage lexical seulement				
193	FP-199	2007	Other	Sistemas musicais interativos-reflexivos para a educação musical	input/publications-francois-pachet/addessi-07b.pdf	11	0	64	interaction_reflexivity:1/0/0/0			triage lexical seulement				
194	FP-187	2012	Other	Créativité individuelle et style	input/publications-francois-pachet/pachet-12a.pdf	4	0	64	creation_generation:1/0/0/0			triage lexical seulement				
195	FP-282		Other	Knowledge representation on synthesizer patch programming	input/publications-francois-pachet/rolland-95-final.pdf	5	3413	63	interest_attention:0/0/0/5; creation_generation:0/0/0/10; interaction_reflexivity:0/0/0/5; subject_preference:0/0/0/1; temporality_structure:0/0/0/3; constraint_exploration:0/0/0/7		The integration scheme needed to link these two The main contribution of this work concerns the use of a representations is based on two principles: fundamental sophisticated AI representation formalism, Description concepts on one hand are represented by Smalltalk classes. Logics, to capture superficial knowledge about synthesizer Each role of a concept is represented by an instance patch programming. This knowledge, mainly related to variable of the corresponding class. An actual sound is sound transformations, can then be exploited to help represented by an instance of class CurrentSound, and musicians browse through the timbre space of a commercial synthesizer in an intuitive way, thereby Hoppe, T. C, Kindermann, J. Quantz, A. Schmiedel, M. reducing the complexity of the sound making process. Fischer. 1993. Back V5 Tutorial & Manual, Institut fûr Software und theoretische Informatik, W-1000 Berlin A prototype was built and tested with the Korg 05R/W 10, Germany, march 1993. synthesizer. In a typical session the user iteratively selects KORG. Undated. Korg 05R/W Manuel d'utilis	triage lexical seulement				
196	FP-281		Other	Numeric vs symbolic controversy in automatic analysis of tonal music	input/publications-francois-pachet/mouton-95-Ijcaifinal.pdf	10	6542	63	interest_attention:0/0/0/4; expectation_novelty:0/0/0/1; creation_generation:0/0/0/21; interaction_reflexivity:0/0/0/3; subject_preference:0/0/0/1; temporality_structure:0/0/0/41; constraint_exploration:0/0/0/12			triage lexical seulement				
197	FP-295	1994	Other	What is needed to bridge the gap between real book and real jazz performance?	input/publications-francois-pachet/ramalho-94a.pdf	5	1193	63	interest_attention:0/0/0/1; creation_generation:0/0/3/12; interaction_reflexivity:0/0/1/2; subject_preference:0/0/0/2; temporality_structure:0/0/0/1; constraint_exploration:0/0/0/1		We have proposed a model based on the explicit representation of musicians’ intentions or potential actions coupled with the notion of Musical Memory. Although we do not use randomness in our model, there is no predefined path to generate music. Music is generated gradually through the interaction between PACTs activated by the context and those retrieved from memory. The notion of PACTs was early implemented to the problem of generating live bass line and piano voicing (PACHET 87). At this time, the results have been encouraging but we have encountered the problem of assembling a playable PACT for some configurations of PACTs. This first system is currently being reconsidered and re-implemented to take into account the Musical Memory and a larger repertoire of PACTs.	triage lexical seulement				
198	FP-053	2014	Important Journals	Human-Made Rock Mixes Feature Tight Relations Between Spectrum And Loudness	input/publications-francois-pachet/deruty-14c.pdf	11	7644	63	interest_attention:0/0/0/1; expectation_novelty:0/0/0/1; creation_generation:0/0/0/8; interaction_reflexivity:0/0/1/3; subject_preference:0/0/0/10; temporality_structure:0/0/0/1; constraint_exploration:0/0/0/12		−1 15 25 35 45 55 65 75 85 ELC level (phon) Mixing is often considered a mysterious activity. In the Fig. 15. Correlations between loudness and OML based on the like of old-fashioned guild artisans, engineers and producdegraded corpus. The top diagram shows correlations evaluated ers reputedly learn “tricks of the trade” from the “Greatest on all single couples of values. The bottom diagram shows corre- Teachers” or “mentors” [50]–[51], masters who share the lations evaluated on the 7 couples of values corresponding to the mysteries of their craft with their disciples. This attitude track classes. has complicated the task of researchers who want to ratio- nalize mixing. Potential myths have to be debunked, and disagreement settled [15]. This paper suggests that as far as this particular cormainstream rock music. We then follow the same protocol pus is concerned, there exist constant underlying trends as in Sections 2.1 and 2.2. Results are shown in Figs. 14 enforced by human mixers that have not been previously and 15. For comparison purposes, the scale for the vertical hig	triage lexical seulement				
199	FP-143	1994	Important conferences	Rule Firing with Metarules	input/publications-francois-pachet/pachet-94b.pdf	8	5241	62	interest_attention:0/0/0/2; expectation_novelty:0/0/0/2; creation_generation:0/0/0/23; interaction_reflexivity:0/0/0/5; subject_preference:0/0/0/2; temporality_structure:0/0/0/14; constraint_exploration:0/0/0/77			triage lexical seulement				
200	FP-185	2013	Other	The JGuido Library: Real-Time Score Notation from Raw MIDI Inputs	input/publications-francois-pachet/fober-13a.pdf	8	4398	61	interest_attention:0/0/0/1; expectation_novelty:0/0/0/2; creation_generation:0/0/0/18; interaction_reflexivity:0/0/0/21; subject_preference:0/0/0/1; temporality_structure:0/0/0/46; constraint_exploration:0/0/0/12			triage lexical seulement				
201	FP-276	1995	Other	Représentation de connaissances sur la programmation de synthétiseurs	input/publications-francois-pachet/rolland-95-jim95-final.pdf	12	4330	60	expectation_novelty:0/0/0/6; creation_generation:0/0/1/24; interaction_reflexivity:0/0/0/4; temporality_structure:0/0/0/6; constraint_exploration:0/0/0/4	"Le problème de l'interface homme-machine est aujourd'hui critique dans le domaine des synthétiseurs du commerce. Nous nous attachons à capturer la couche superficielle de connaissances—le savoir-faire des ""experts en programmation de sons (ou patches)"". Nous proposons un cadre conceptuel et fonctionnel pour représenter ce savoir superficiel dans le but de fournir une aide aux musiciens non-experts : leur permettre de créer des patches de synthétiseur du commerce de manière plus intuitive qu'avec les interfaces actuelles. L'idée centrale de notre architecture est celle d'une classification des sons en fonctions des transformations que l'expert sait leur appliquer. Notre cadre conceptuel est fondé sur une représentation des sons à deux niveaux, combinant programmation par objets (Smalltalk) et mécanismes de classification (BACK). Nous proposons un schéma d'intégration des deux paradigmes, et illustrons notre approche par un système prototype d'aide à la programmation pour synthétiseurs de la famille Korg 0xx/W. 1. De la synthèse assistée à la programmation assistée Métapho"	La contribution principale de notre travail de recherche concerne l'implémentation d'un formalisme de représentation sophistiqué, celui des logiques descriptives, en vue de capturer les connaissances superficielles se rapportant à la programmation de synthétiseurs. L'exploitation de ces connaissances permet de proposer au musicien de naviguer dans l'espace des timbres d'un synthétiseur du commerce de façon intuitive, réduisant ainsi la complexité de l'acte de création de sons. Nous avons conçu et testé sur le synthétiseur Korg 05R/W un prototype. Ce travail est en cours, et nos efforts se concentrent actuellement sur : 1) le raffinement de l'interface utilisateur, 2) l'amélioration de la communication entre BACK et Smalltalk, et 3) l'expérimentation avec des utilisateurs novices. Références Brachman, R.J., and Schmolze, J.G., 1985. An overview of the KL-ONE knowledge representation system. Cognitive Science, 9 (2). p. 171-216. Chowning, J. Bristow, D. 1986. FM Theory & applications by musicians for musicians. Yamaha Music foundation, cop. 1986. Goldberg, A., Robson, D. 1983. Sm	triage lexical seulement				
202	FP-182	2014	Other	Automatic Classification of Guitar Playing Modes	input/publications-francois-pachet/foulon2013classification.pdf	14	5168	60	interest_attention:0/0/0/1; expectation_novelty:0/0/0/1; creation_generation:0/0/0/15; interaction_reflexivity:0/0/0/19; temporality_structure:0/0/0/8; constraint_exploration:0/0/1/12		We have shown that YIN features, that represent half of our feature set, are efficient to classify guitar playing modes: our classifier is accurate, robust to variations in guitar type, and able to cope with real-time computational constraints, thanks to a small feature set. We also showed that although the accuracy depends on the size of the analyzed audio, this classifier can be used with realistic window sizes. Three points can be improved, to further extend its applicability. 6.1 Features The method also raises issues when dealing with long chord decays (say, more than 5s), when only one note keeps sounding. This case falls off the boundaries of our algorithm and feature set. One solution would be to add a robust onset detector to our algorithm, and restrict the mode computation on the first seconds that follow an onset (we did no implement such a solution). Another limitation comes from the feature set: we work with a feature set that answers a specific problem, but it may not be efficient to distinguish efficiently yet other playing modes, such as strums or octaves. The algo	triage lexical seulement				
203	FP-301	1992	Other	An extendable Knowledge-Based System for the Control of Mechanical Ventilation	input/publications-francois-pachet/Dojat-92-IEEE-engineering-medicine.pdf	2	1555	59	interest_attention:0/0/0/1; creation_generation:0/0/0/3; interaction_reflexivity:0/0/0/1; subject_preference:0/0/0/2; temporality_structure:0/0/0/2; constraint_exploration:1/0/0/27			triage lexical seulement				
204	FP-173	2015	Other	LeadsheetJS: A Javascript Library for Online Lead Sheet Editing	input/publications-francois-pachet/dani-15a.pdf	9	5485	59	expectation_novelty:0/0/0/1; creation_generation:0/0/0/66; interaction_reflexivity:0/0/0/49; subject_preference:0/0/0/6; temporality_structure:0/0/0/22; constraint_exploration:0/0/0/4			triage lexical seulement				
205	FP-207	2005	Other	Impact of distance in pitch class profile computation	input/publications-francois-pachet/cabral-05c.pdf	6	2275	58	interest_attention:0/0/0/5; expectation_novelty:0/0/0/4; creation_generation:0/0/0/3; interaction_reflexivity:0/0/0/6; subject_preference:0/0/0/1; constraint_exploration:0/0/0/1			triage lexical seulement				
206	FP-123	2007	Important conferences	Signal + Context = Better Classification	input/publications-francois-pachet/aucouturier-07e.pdf	6	4946	58	expectation_novelty:0/0/0/2; creation_generation:0/0/0/8; interaction_reflexivity:0/0/0/9; subject_preference:0/0/0/7; temporality_structure:0/0/0/1; constraint_exploration:0/0/0/5			triage lexical seulement				
207	FP-168	2024	Other	Four figures of the Parisian AI research and 4 questions to ask them	input/publications-francois-pachet/WHAI_Pachet_Perrot.pdf	2	1918	58	interest_attention:0/0/0/4; creation_generation:0/0/0/7; interaction_reflexivity:0/0/0/8; temporality_structure:0/0/0/1; constraint_exploration:0/0/0/7		This article aims to shed light on four French researchers who had considerable influence on the AI of their time. In a way, they were	triage lexical seulement				
208	FP-084	2001	Important Journals	Introduction to the Special Issue on Constraints for Multimedia Artistic Applications	input/publications-francois-pachet/pachet-00b.pdf	2	625	56	interest_attention:0/0/0/2; temporality_structure:0/0/0/6; constraint_exploration:1/0/0/19			triage lexical seulement				
209	FP-177	2015	Other	Maximum Entropy Model for Melodic Patterns	input/publications-francois-pachet/sakellariou-15a.pdf	4	2510	56	interest_attention:0/0/0/1; expectation_novelty:0/0/0/2; creation_generation:0/0/0/17; interaction_reflexivity:0/0/0/12; temporality_structure:0/0/0/24; constraint_exploration:0/0/0/5			triage lexical seulement				
210	FP-336		Technical Reports	NéOpus User Guide	input/publications-francois-pachet/pachet-91-NeOpus-manual.pdf	21	7408	55	interest_attention:0/0/0/1; expectation_novelty:0/0/0/2; creation_generation:0/0/0/36; interaction_reflexivity:0/0/0/4; subject_preference:0/0/0/2; temporality_structure:0/0/0/9; constraint_exploration:0/0/0/17			triage lexical seulement				
211	FP-139	2000	Important conferences	On-The-Fly Multi-Track Mixing	input/publications-francois-pachet/pachet-00aa.pdf	10	5027	55	interest_attention:0/0/0/2; creation_generation:0/0/0/22; interaction_reflexivity:0/0/0/1; subject_preference:0/0/0/26; temporality_structure:0/0/0/3; constraint_exploration:0/0/0/100			triage lexical seulement				
212	FP-218	2003	Other	Editorial Metadata in the Cuidado Music Browser: Between Universalism and Autism	input/publications-francois-pachet/pachet-03e.pdf	8	5136	55	interest_attention:0/0/0/5; creation_generation:0/0/0/18; interaction_reflexivity:0/0/0/1; subject_preference:0/0/0/2; temporality_structure:0/0/0/4; constraint_exploration:0/0/0/4			triage lexical seulement				
213	FP-286	1995	Other	Un mécanisme hiérarchique de répétition et prédiction de tâches	input/publications-francois-pachet/karsenty-95-ihm95-submitted.pdf	5	3103	53	interest_attention:0/0/0/1; creation_generation:0/0/1/18; interaction_reflexivity:0/0/0/13; subject_preference:0/0/0/1; temporality_structure:0/0/0/4; constraint_exploration:0/0/0/2		il peut choisir l'une des deux commandes: répéter ou prédire. Nous avons présenté une technique qui peut être appliquée La répétition re-exécute la séquence d'actions désignée par le à des applications existantes sans modifier leur code source, noeud. Si le noeud est terminal, seule l'action correspondante et qui fournit à l'utilisateur une vue sur l'interprétation par le est re-exécutée avec les mêmes arguments que ceux système de ses actions, selon un ensemble d'arbres de tâches enregistrés. Si le noeud est à un niveau intermédiaire, typiques prédéfinis. représentant une tâche de plus haut niveau, alors toutes les actions comprises sont re-exécutées (cf. par exemple la tâche Etant donné que l'implémentation est aisée, cela facilite le makeDialogBox). prototypage en utilisant des arbres incomplets qui peuvent être enrichis au fur et à mesure de l'utilisation du système. En L'opération de prédiction est en quelque sorte une donnant à l'utilisateur un accès explicite à la représentation opération de prédiction généralisée [2] qui est de la tâche en cours, nous lui permetto	triage lexical seulement				
214	FP-043	1998	Book chapters	Objets et Musique	input/publications-francois-pachet/pachet-98h.pdf	14	6692	51	expectation_novelty:0/0/0/3; creation_generation:0/0/0/17; interaction_reflexivity:0/0/0/4; subject_preference:0/0/0/1; temporality_structure:0/0/0/21; constraint_exploration:0/0/0/28			triage lexical seulement				
215	FP-230	2000	Other	Dynamic Audio Mixing	input/publications-francois-pachet/pachet-00-dynamicMixing.pdf	4	2278	51	interest_attention:0/0/0/1; expectation_novelty:0/0/0/1; creation_generation:0/0/0/10; subject_preference:0/0/0/18; temporality_structure:0/0/0/3; constraint_exploration:0/0/0/31			triage lexical seulement				
216	FP-294		Other	Report on the OOPSLA’94 Workshop on EOOPS	input/publications-francois-pachet/Pachet-Perrot-94_24_reporteoops.pdf	10	2660	50	expectation_novelty:0/0/0/2; creation_generation:0/0/1/9; interaction_reflexivity:0/0/0/1; subject_preference:0/0/0/2; temporality_structure:0/0/0/2; constraint_exploration:0/0/1/9	"This report is a compilation of the nine presentations of the OOPSLA'94 workshop on embedded object-oriented production systems, held in Portland, Oregon, in October 1994. This workshop was the first to address issues in integrating object-oriented programming with first order, forward-chaining rule-base programming. Résumé Ce rapport est une compilation des neuf propositions présentées au workshop sur les ""EOOPS"" (Embedded Object-Oriented Production Systems), à OOPSLA '94, Portland, Oregon, en octobre 1994. Ce workshop était le premier à traiter du problème de l'intégration des mécanismes de la programmation par objets avec ceux des règles de production d'ordre un, en chaînage avant. Table of contents Report (addendum of the OOPSLA proceedings) p. 5 Charles L. Forgy Embedded Object-Oriented Production Systems p. 11 Patrick Albert Ilog Rules, embedding Rules in C++ : results and limits p. 17 Daniel Miranker Encapsulating Rules p. 23 Jeff McAffer, Ted O'Grady and Brian Barry ENVY/Expert: An embedded reasoning system in Smalltalk p. 27 François Pachet, Jean-François Perrot Re"	The notification problem appeared as the main technical issue for the implementation of EOOPS, and is still not solved in its generality. There does not seem to be a consensus on the possibility or impossibility of technically solving it either, and each system imposes specific constraints on the language to solve the problem. Future A synthesis article is in progress. A next workshop with the same people could concentrate on methodological issues of EOOPS, as well as on the latest exciting developments of the systems presented here.	triage lexical seulement				
217	FP-044	1997	Book chapters	A Framework for Object-Oriented Constraint Satisfaction Problems	input/publications-francois-pachet/roy_97a.pdf	23	2291	50	creation_generation:0/0/0/5; constraint_exploration:1/0/0/18			triage lexical seulement				
218	FP-206	2005	Other	Recognizing chords with EDS: Part one	input/publications-francois-pachet/cabral-05b.pdf	11	4022	50	expectation_novelty:0/0/0/4; creation_generation:0/0/0/20; interaction_reflexivity:0/0/0/17; constraint_exploration:0/0/0/6			triage lexical seulement				
219	FP-128	2005	Important conferences	Automatic X traditional descriptor extraction: The case of chord recognition	input/publications-francois-pachet/cabral-05a.pdf	6	3671	49	expectation_novelty:0/0/0/4; creation_generation:0/0/0/16; interaction_reflexivity:0/0/0/14; constraint_exploration:0/0/0/5			triage lexical seulement				
220	FP-094	1995	Important Journals	On the embeddability of production rules in object-oriented languages	input/publications-francois-pachet/pachet-95a.pdf	18	5828	48	interest_attention:0/0/0/3; expectation_novelty:0/0/0/1; creation_generation:0/0/0/6; interaction_reflexivity:0/0/0/1; temporality_structure:0/0/0/12; constraint_exploration:0/0/0/25	This article addresses the problem of embeddability of object-oriented production systems. We propose five important practical issues concerning embeddability, among which the impedance mismatch problem. We described an extension of Smalltalk to support production rules (the NéOpus system) and discuss its embeddability according to these criteria. I. Introduction The combination of rules and objects to produce integrated hybrid systems was pioneered by the seminal LOOPS system [Bobrow&Stefik 83]. A number of integrated systems were consequently developped which propose a combination of various inference mechanisms and knowledge representation paradigms, such as KEE, Knowledge Craft and ART. These systems have traditionally been designed as self-contained inference factories, with few concerns about inter-software communication and reusability. A recent expert panel [AIII90] showed that the lack of impact of Artificial Intelligence in the field of software engineering was partly due to these isolationist attitudes, and proposed that efforts should be made not only to produce autono		triage lexical seulement				
221	FP-119	2010	Important conferences	Is there a relation between the syntax and the fitness of an audio feature?	input/publications-francois-pachet/barbieri-10a.pdf	6	4926	48	interest_attention:0/0/0/2; creation_generation:0/0/0/37; interaction_reflexivity:0/0/0/6; temporality_structure:0/0/0/2; constraint_exploration:0/0/0/12			triage lexical seulement				
222	FP-033	2010	Book chapters	Preliminary version in French	input/publications-francois-pachet/pachet-08_EnergieBienCulturel.pdf	5	2646	48	interest_attention:0/0/0/3; expectation_novelty:0/0/0/4; creation_generation:0/0/0/6; subject_preference:0/0/0/3; temporality_structure:0/0/0/3		Considérer l’énergie secondaire (l’électricité en l’occurrence) comme un bien culturel a un intérêt pratique clair : cela permet de s’inspirer de certaines success stories de l’industrie de la culture numérique pour les transposer dans le domaine énergétique. En particulier, la notion de « longue traîne » maintenant bien établie et observée, peut être transposée au domaine de l’électricité. Nous proposons de réaliser cette transposition en développant, toujours de manière parallèle à l’industrie de la culture numérique, la notion de métadonnée énergétique. Ces métadonnées sont transmises en même temps que les flux énergétiques dans un réseau appelé Pi-network et développé par ailleurs. Nous étendons la notion traditionnelle rencontrée par exemple dans le domaine de la vidéo/musique, en considérant aussi les métadonnées produites par les consommateurs (et pas uniquement les source, comme dans le multimédia). En faisant circuler de telles informations de haut-niveau sur la nature et l’usage des sources d’énergie, on peut envisager que le réseau, via des brokers spécialisés, produise d	triage lexical seulement				
223	FP-130	2004	Important conferences	Tools and Architecture for the Evaluation of Similarity Measures : Case Study of Timbre Similarity	input/publications-francois-pachet/aucouturier-04c.pdf	6	4249	45	interest_attention:0/0/0/4; creation_generation:0/0/0/17; subject_preference:0/0/0/3; temporality_structure:0/0/0/1; constraint_exploration:0/0/0/2			triage lexical seulement				
224	FP-120	2008	Important conferences	Direct and Inverse Inference in Music Databases: How to Make a Song Funk?	input/publications-francois-pachet/rabbat-08a.pdf	6	4564	45	creation_generation:0/0/1/6; interaction_reflexivity:0/0/0/7; subject_preference:0/0/0/2; temporality_structure:0/0/0/1; constraint_exploration:0/0/0/6		y' |,} The product is just the estimated value of Pr 4 We have presented an attribute inference algorithm for ) 4 |$ )$  . large-scale Boolean databases. The algorithm produces optimally plausible inferences in reasonable time. The Do algorithm can also be used to perform inverse inference, flip = get next authorized flip i.e. answering questions about how to modify a description If ( fitness(flip) is one of the M best fitness’s of order 1 ) to make it fit optimally a given attribute. The algorithm is Then add flip to M best flip list particularly well suited to the exploitation of metadata Until no more authorized flips of order 1 For k=2..max order Do databases, both for traditional search applications, and for flip = get next authorized flip applications that exploit these databases for creation If flip contains same attributes as at least purposes. As such, it can be seen as a first step in turning an element of M best flip list And fitness(flip) is one of the M best these databases into knowledge bases. Then add flip to temporary M best flip list Until n	triage lexical seulement				
225	FP-184	2013	Other	The JGuido Library: Java API	input/publications-francois-pachet/fober-13b.pdf	59	11207	45	expectation_novelty:0/0/0/2; creation_generation:0/0/0/21; interaction_reflexivity:0/0/0/4; temporality_structure:0/0/0/40; constraint_exploration:0/0/0/7			triage lexical seulement				
226	FP-305	1991	Other	Representing Knowledge Used by Jazz Musicians	input/publications-francois-pachet/pachet-91-representing_k.pdf	4	2416	44	expectation_novelty:0/0/0/3; creation_generation:0/0/0/12; interaction_reflexivity:0/0/0/2; subject_preference:0/0/0/2; temporality_structure:0/0/0/24; constraint_exploration:0/0/0/3		This representation scheme allows for representing a great deal of what a Musician (actually the author) can say about its own playing. It provides a good framework to differentiate between different types of Knowledge. Objects provide a very good and flexible representation framework. Rules give a good representation for potential actions to be performed, independently of their contexts of activation, and strategies, acting as an abstract representation of those rules, allow to separate between the description of actions, and the decisions related to those actions. However all Knowledge is not well represented. Notions related to time are poorly handled. A representation of rhythm is essential here, and should be described as a component of an other object. Our system does not have the ability of handling rhythm as a first class object. It is accessible only through the time properties of the objects. The level of abstraction is not sufficient now in this concern, and such notions as swing, on the beat, slighlty ahead, are not easily represented (they are accessed only by costly a	triage lexical seulement				
227	FP-077	2004	Important Journals	Presentation slides	input/publications-francois-pachet/pachet-transparents.pdf	22	765	43	expectation_novelty:0/0/2/4; temporality_structure:0/0/0/3; constraint_exploration:0/0/0/4		• Les nouveaux objets du « monde réel » que nous devons maintenant représenter ne sont plus « déjà-là », ils sont à construire: On a fait Lex, maintenant faut faire Yacc • Besoin de primitives d’extraction de formes sémantiques, de catégories, de « méta-données » pour construire les objets des nouveaux programmes. • Besoin de langages de programmation de haut niveau permettant de manipuler ces catégories. Conclusion Pour ce faire, une approche unilatérale n’est pas adaptée: • Les traiteurs du signal ont une vue réductrice des problèmes (en particulier ontologiques) • Les objeticiens reconvertis U/XML ont une vision essentiellement syntaxique et n’abordent pas frontalement les difficultés (e.g. le signal) Une approche holistique, technique, expérimentale, métaphorique est plus que jamais d’actualité Perrot C’est des mots C’est des démos C’est démodé ? Non !, C’est demain	triage lexical seulement				
228	FP-122	2007	Important conferences	Improving the Classification of Percussive Sounds with Analytical Features: a Case Study	input/publications-francois-pachet/roy-07c.pdf	4	3360	43	interest_attention:0/0/0/1; creation_generation:0/0/0/23; interaction_reflexivity:0/0/0/10; temporality_structure:0/0/0/2; constraint_exploration:0/0/0/4			triage lexical seulement				
229	FP-273	1996	Other	Propriétés des intervalles circulaires et application à l’analyse harmonique automatique	input/publications-francois-pachet/carrive-jim96-publie.pdf	18	7110	42	interest_attention:0/0/0/1; expectation_novelty:0/0/0/1; creation_generation:0/0/0/23; interaction_reflexivity:0/0/0/1; temporality_structure:0/0/0/9; constraint_exploration:0/0/0/10			triage lexical seulement				
230	FP-235	2000	Other	Extracting Rhythm from Audio Signals	input/publications-francois-pachet/pachet-00-SRF2000final.pdf	6	3707	33	interest_attention:0/0/0/2; creation_generation:0/0/0/7; subject_preference:0/0/0/1; temporality_structure:0/0/0/5; constraint_exploration:0/0/0/2			triage lexical seulement				
231	FP-193	2008	Other	Musical style again: A mathematical analysis of musical intertext	input/publications-francois-pachet/Addessi-Degli-Esposti-abstractCIM08.pdf	4	1351	32	expectation_novelty:0/0/0/3; creation_generation:0/0/0/4; interaction_reflexivity:0/0/0/2; temporality_structure:0/0/0/5; constraint_exploration:0/0/0/6			triage lexical seulement				
232	FP-219	2002	Other	Automatic Extraction of Drum Tracks from Polyphonic Music Signals	input/publications-francois-pachet/zils-02.pdf	5	3828	30	interest_attention:0/0/0/2; creation_generation:0/0/0/5; temporality_structure:0/0/0/11; constraint_exploration:0/0/0/2		We have presented a new approach to automatically describe the rhythm of percussive Popular music titles, by extracting a drum track representing the occurrences of its 2 most relevant percussive sounds. Our method provides 5 View publication stats	triage lexical seulement				
233	FP-228	2000	Other	On the use of zero crossing rate for an application of classification of percussive sounds	input/publications-francois-pachet/gouyon-00-dafx00.pdf	6	4060	21	creation_generation:0/0/0/5; subject_preference:0/0/0/1; temporality_structure:0/0/0/10; constraint_exploration:0/0/0/1			triage lexical seulement				
234	FP-110	2015	Important conferences	The Mir Perspective On The Evolution Of Dynamics In Mainstream Music	input/publications-francois-pachet/deruty-15a.pdf	6	4266	20	interest_attention:0/0/0/1; creation_generation:0/0/0/4; subject_preference:0/0/0/1; temporality_structure:0/0/0/2; constraint_exploration:0/0/0/3		1.5 median (dB) distance to 1 Mainstream music dynamics are thought to be conditioned by genre, in terms of overall track loudness 0.5 [36], microdynamics [9], [37], macrodynamics [15], [38] or amount of dynamic processing applied to music pieces 0 0 1 2 3 4 5 6 7 during the production stage [7], [39, p. 121]. However, 0.15 using a MIR perspective, we have shown that dynamics and overall loudness depend more on the track’s year of 0.1 release than on its genre. We have also found, as distance to median 0.05 suspected by [40], that the loudness war has influenced all mainstream genres indiscriminately. A notable 0 exception lies in macrodynamics as measured by the 0 1 2 3 4 5 6 7 ln(number of tracks per genre) EBU3342 Loudness Range, which are more independent from both genre and year of release. In other words, Figure 5. Top, distance between each genre and the all- dynamic range in the musical sense (pianissimo to genre median value for the RMS descriptor, against genre fortissimo) is only marginally dependent on either representation. Bottom, result of the s	triage lexical seulement				
235	FP-045	1997	Book chapters	LIP6 Report version	input/publications-francois-pachet/liret-97-report.pdf	23	11545	18	creation_generation:0/0/0/5; constraint_exploration:0/0/0/20			triage lexical seulement				
236	FP-208	2005	Other	Parsing incremental para acompanhamento em tempo real	input/publications-francois-pachet/cabral-05d.pdf	5	1616	11	interaction_reflexivity:0/0/0/1; temporality_structure:0/0/0/26; constraint_exploration:0/0/0/1			triage lexical seulement				
237	FP-192	2008	Other	Different Acoustic Analysis Methods Yield Different Results	input/publications-francois-pachet/alain-08a.pdf	1	629	11	interaction_reflexivity:0/0/0/2; subject_preference:0/0/0/3; temporality_structure:0/0/0/1		EDS identifies specific acoustic features (by combining basic features) to separate sound samples into different Our study suggests that these methods are promising categories. Weka allows to evaluated the relevance of the to conduct powerful and faster categorization of features determined by EDS. acoustics signals	triage lexical seulement				
238	FP-266		Other	Advice with Part-Whole and Precedence Relations in Task Graphs for Intelligent Tutoring Systems	input/publications-francois-pachet/djamen-flairs97.pdf	5	135	2	interaction_reflexivity:0/0/0/1			triage lexical seulement				
239	FP-309	1989	Other	A Practical Use of Metaclasses	input/publications-francois-pachet/pachet-89-Tools89.pdf	10	0	0				triage lexical seulement				
240	FP-278	1995	Other	bulletin de l’AFIA	input/publications-francois-pachet/AFIA23.pdf	35	0	0				triage lexical seulement				
241	FP-270	1997	Other	Combining Formal Reasoning Techniques and CSP	input/publications-francois-pachet/liret-97-Ercim-combining-formal-reasoning-techniques.pdf	6	5533	0				triage lexical seulement				
242	FP-242	1999	Other	Scan des proceedings	input/publications-francois-pachet/pachet-99f.pdf	10	0	0				triage lexical seulement				
243	FP-032	2010	Book chapters	Energy, a Cultural Good	input/publications-francois-pachet/PachetEnergyCulturalGood.pdf	1	0	0				triage lexical seulement				
