id	page_index	section	scientific_scope	year	title	citation	pdf_url	other_urls	local_target	existing_paths	download_status	review_status	relevance	thesis_use
FP-001	4	Medias	non	2026	Les llms sont des google maps du langage	Pachet, F. IA: Les llms sont des google maps du langage, Les Echos, février 2026.		https://www.lesechos.fr/idees-debats/cercle/les-llms-sont-des-google-maps-du-langage-ils-trouvent-toujours-un-chemin-meme-quand-il-ne-mene-nulle-part-2218066			lien indirect à résoudre	hors corpus articles		
FP-002	5	Medias	non	2026	Des données aux populations, un angle mort politique	Pachet, F. IA: Des données aux populations, un angle mort politique, Les Echos, janvier 2026.		https://www.lesechos.fr/idees-debats/cercle/on-ne-croit-plus-aux-sondages-lia-peut-generer-des-populations-synthetiques-entieres-pour-mieux-gouverner-2213612			lien indirect à résoudre	hors corpus articles		
FP-003	6	Medias	non	2026	Pourquoi tant de haine?	Pachet, F. IA: Pourquoi tant de haine?, Les Echos, 25 Janvier 2026.		https://www.lesechos.fr/idees-debats/cercle/les-critiques-sont-surtout-une-reaction-de-defense-face-au-vertige-ia-pourquoi-tant-de-haine-2211711			lien indirect à résoudre	hors corpus articles		
FP-004	7	Medias	non	2025	The paradox of creators	Pachet, F. The paradox of creators, publication of Europ’IA in the form of an interview by FreD Martin, November 2025.		https://instituteuropia.eu/fr/nos-articles/exploring-the-paradox-of-creation-insights-from-francois-pachet			lien indirect à résoudre	hors corpus articles		
FP-005	8	Medias	non	2025	Non, l’IA ne se nourrit pas des oeuvres	Pachet, F. Non, l’IA ne se nourrit pas des oeuvres. Les Echos, Août 2025.		http://Ma tribune dans les Echos à propos de l'IA générative et de la malédiction - méritée - qu'elle représente: https://lesechos.fr/idees-debats/cercle/non-lia-ne-se-nourrit-pas-des-oeuvres-dart-2183208			lien indirect à résoudre	hors corpus articles		
FP-006	9	Medias	non	2025	Pourquoi l’AI Act est-il raté	Pachet, F. Pourquoi l’AI Act est-il raté ? Maddyness, 10 avril 2025		https://www.maddyness.com/2025/04/10/pourquoi-lai-act-est-il-rate/			lien indirect à résoudre	hors corpus articles		
FP-007	10	Medias	non	2024	Numérique: l’enfer est taxé de bonnes intentions	Pachet,F. Numérique: l’enfer est taxé de bonnes intentions, Causeur, 23 janvier 2024.		https://www.causeur.fr/numerique-lenfer-est-taxe-de-bonnes-intentions-274933			lien indirect à résoudre	hors corpus articles		
FP-008	11	Monographs	non	2027	De l’impossibilité de créer quoi que ce soit	Pachet, F. De l’impossibilité de créer quoi que ce soit. Matériologiques, 2027.					aucun lien	hors corpus articles		
FP-009	12	Monographs	non	2027	La virtuosité à portée des caniches. Essai sur la prolifération des fantasmagories politiques à l’ère des réseaux sociaux	Pachet, F. La virtuosité à portée des caniches. Essai sur la prolifération des fantasmagories politiques à l’ère des réseaux sociaux. Hermann, 2027.					aucun lien	hors corpus articles		
FP-010	13	Monographs	non	2018	Histoire d’une oreille	François Pachet, Histoire d’une oreille, Buchet-Chastel, 2018. See the associated web site.		https://books.google.fr/books/about/Histoire_d_une_oreille.html?id=R4dSDwAAQBAJ&redir_esc=y | http://www.histoireduneoreille.fr			lien indirect à résoudre	hors corpus articles		
FP-011	14	Monographs	non	2020	Deep Learning Techniques for Music Generation	Jean-Pierre Briot, Gaëtan Hadjeres, François-David Pachet, Deep Learning Techniques for Music Generation, Computational Synthesis and Creative Systems series, Springer 2020		https://www.springer.com/gp/book/9783319701622			lien indirect à résoudre	hors corpus articles		
FP-012	15	Monographs	non	2016	Children’s Creative Music Making: Adventures with Reflexive Interactive Technology	Victoria Rowe, Angeliki Triantafyllaki, François Pachet, Children’s Creative Music Making: Adventures with Reflexive Interactive Technology. Routledge, 2016		https://www.routledge.com/Childrens-Creative-Music-Making-with-Reflexive-Interactive-Technology/Rowe-Triantafyllaki-Pachet/p/book/9781138931084			lien indirect à résoudre	hors corpus articles		
FP-013	16	Monographs	non	2008	Comment je n’ai pas rencontré Paul McCartney	Pachet, F. Comment je n’ai pas rencontré Paul McCartney, www.publie.net, 2008		https://www.publie.net/livre/comment-je-nai-pas-rencontre-paul-mccartney/			lien indirect à résoudre	hors corpus articles		
FP-014	17	Edited books	non	2016	Proceedings of the Seventh International Conference on Computational Creativity (ICCC 2016)	François Pachet, Amilcar Cardoso, Vincent Corruble, Fiammetta Ghedini, Proceedings of the Seventh International Conference on Computational Creativity (ICCC 2016). June 2016 Sony CSL Paris, France.	http://www.computationalcreativity.net/iccc2016/wp-content/uploads/2016/08/Proceedings_ICCC16.pdf		input/publications-francois-pachet/Proceedings_ICCC16.pdf	input/publications-francois-pachet/Proceedings_ICCC16.pdf	déjà présent	hors corpus articles		
FP-015	18	Edited books	non	2016	Creativity and Universality in Language	Degli Esposti, M., Altmann, E. and Pachet, F. Creativity and Universality in Language, Morphogenesis series, Springer, 2016		http://www.springer.com/la/book/9783319244013			lien indirect à résoudre	hors corpus articles		
FP-016	19	Edited books	non	2004	Du signal au signe musical	Pachet, F and Briot, J.-P. Du signal au signe musical. Hermès, 2004		https://www.lavoisier.fr/livre/informatique/informatique-musicale-du-signal-au-signe-musical/pachet/descriptif-9782746208254			lien indirect à résoudre	hors corpus articles		
FP-017	20	Edited books	non	1998	Recherches et applications en informatique musicale	Chemillier, M. and Pachet, F. Recherches et applications en informatique musicale, Collection Informatique Musicale, Hermès, 1998	https://www.francoispachet.fr/wp-content/uploads/2025/12/Informatique-Musicale-HAL-2025.pdf		input/publications-francois-pachet/Informatique-Musicale-HAL-2025.pdf	input/publications-francois-pachet/Informatique-Musicale-HAL-2025.pdf	déjà présent	hors corpus articles		
FP-018	21	Edited books	non	1997	ISSN: 1262-1137, Numéro spécial sur Smalltalk, Hermès, Lavoisier	François Pachet et Hafedh Mili, L’Objet, 3(4):379–391, décembre 1997. ISSN: 1262-1137, Numéro spécial sur Smalltalk, Hermès, Lavoisier.					aucun lien	hors corpus articles		
FP-019	22	Edited books	non	1995	Brown, F. Mouton, R. Actes des Deuxièmes journées d’Informatique Musicale. Rapport LAFORIA n. 95/13, April 1995	Pachet, F. Brown, F. Mouton, R. Actes des Deuxièmes journées d’Informatique Musicale. Rapport LAFORIA n. 95/13, April 1995.					aucun lien	hors corpus articles		
FP-020	23	Edited books	non	1994	Proceedings of the OOPSLA’94 workshop on EOOPS (Embedded Object-Oriented Production Systems), rapport LAFORIA n. 94/24, décembre 1994	Pachet, F. Proceedings of the OOPSLA’94 workshop on EOOPS (Embedded Object-Oriented Production Systems), rapport LAFORIA n. 94/24, décembre 1994.					aucun lien	hors corpus articles		
FP-021	24	Book chapters	oui	2026	Roy, P. (2026). Markov Constraints and Controlled Sequence Generation, in Analysis Techniques for Mathematical Physics, Geometry, and Music, Lecture Notes in Mathematics series. Edited by Nicholas D. Alikakos and Cédric Villani, to appear	Pachet, F. Roy, P. (2026). Markov Constraints and Controlled Sequence Generation, in Analysis Techniques for Mathematical Physics, Geometry, and Music, Lecture Notes in Mathematics series. Edited by Nicholas D. Alikakos and Cédric Villani, to appear.					aucun lien	à examiner		
FP-022	25	Book chapters	oui	2021	Handbook of Artificial Intelligence for Music	Pachet, F. Roy, P. Carré, B. Assisted music creation with Flow Machines: towards new categories of new. Chapter 18 of the book “Handbook of Artificial Intelligence for Music“, Eduardo Miranda ed., Springer, 2021. See also the arxiv version and examples.		https://www.springer.com/gp/book/9783030721152 | https://www.francoispachet.fr/flow-machines-synthesis-paper/			lien indirect à résoudre	à examiner		
FP-023	26	Book chapters	oui	2017	The Score Effect in Collective Jazz Improvization	Pachet, F. Roy, P. Do Jazz Improvizers Really Interact? The Score Effect in Collective Jazz Improvization. In Micheline Lesaffre, Pieter-­Jan Maes and Marc Leman, eds., editor, Routledge Companion to Embodied Music Interaction, Routledge, 2017	https://www.francoispachet.fr/wp-content/uploads/2021/01/Do-Jazz-Improvizers-Really-Interact.pdf		input/publications-francois-pachet/Do-Jazz-Improvizers-Really-Interact.pdf	input/publications-francois-pachet/Do-Jazz-Improvizers-Really-Interact.pdf	déjà présent	à examiner		
FP-024	27	Book chapters	oui	2016	Generating non-plagiaristic Markov sequences with max order Sampling	Papadopoulos, A., Pachet, F. and Roy, P. Generating non-plagiaristic Markov sequences with max order Sampling. In Degli Esposti, M. and Altmann, E. and Pachet, F., editor, Creativity and Universality in Language, Springer, 2016	https://www.francoispachet.fr/wp-content/uploads/2021/01/max_order.pdf		input/publications-francois-pachet/max_order.pdf	input/publications-francois-pachet/max_order.pdf	déjà présent	à examiner		
FP-025	28	Book chapters	oui	2016	The creative process in lead sheet composition	Daniel Martín, François Pachet and Benjamin Frantz, The creative process in lead sheet composition. In Lubart, T. ed, editor, The Creative Process: Perspectives from multiple domains, Palgrave Macmillan, 2016	https://www.francoispachet.fr/wp-content/uploads/2021/01/martin-16a.pdf		input/publications-francois-pachet/martin-16a.pdf	input/publications-francois-pachet/martin-16a.pdf	déjà présent	à examiner		
FP-026	29	Book chapters	oui	2015	Creating Music and Texts with Flow Machines	Ghedini, F., Pachet, F. and Roy, P. Creating Music and Texts with Flow Machines. In Corazza, G.E., and Agnoli, S., editor, Multidisciplinary Contributions to the Science of Creative Thinking (Creativity in the Twenty First Century), Springer, September 2015	https://www.francoispachet.fr/wp-content/uploads/2021/01/ghedini-15b.pdf		input/publications-francois-pachet/ghedini-15b.pdf	input/publications-francois-pachet/ghedini-15b.pdf	déjà présent	à examiner		
FP-027	30	Book chapters	oui	2015	Improving music composition through peer feedback: experiment and preliminary results	Martín, D., Frantz, B. and Pachet, F. Improving music composition through peer feedback: experiment and preliminary results. In Luc Steels, editor, Music Learning with Massive Open Online Courses (MOOCs), pages 195-204, Ios Press. November 2015	https://www.francoispachet.fr/wp-content/uploads/2021/01/dani-15c.pdf		input/publications-francois-pachet/dani-15c.pdf	input/publications-francois-pachet/dani-15c.pdf	déjà présent	à examiner		
FP-028	31	Book chapters	oui	2015	Giant Steps in Jazz Practice with Social Virtual Band	Ramona, M, Pachet, F. and Gorlow, S. Giant Steps in Jazz Practice with Social Virtual Band. In Luc Steels, editor, Music Learning with Massive Open Online Courses (MOOCs), pages 101-118, Ios Press, November 2015	https://www.francoispachet.fr/wp-content/uploads/2021/01/ramona-15a.pdf		input/publications-francois-pachet/ramona-15a.pdf	input/publications-francois-pachet/ramona-15a.pdf	déjà présent	à examiner		
FP-029	32	Book chapters	oui	2012	Musical Virtuosity and Creativity	Pachet, F. Musical Virtuosity and Creativity. In McCormack, J and d’Inverno, M, editor, Computers and Creativity, Springer, 2012	https://www.francoispachet.fr/wp-content/uploads/2021/01/pachet12b.pdf		input/publications-francois-pachet/pachet12b.pdf	input/publications-francois-pachet/pachet12b.pdf	déjà présent	à examiner		
FP-030	33	Book chapters	oui	2011	Hit Song Science	Pachet, F. Hit Song Science. In Tao, Tzanetakis & Ogihara, editor, Music Data Mining, pages 305-326, Chapman & Hall / CRC Press. 2011	https://www.francoispachet.fr/wp-content/uploads/2021/01/pachet-11a.pdf		input/publications-francois-pachet/pachet-11a.pdf	input/publications-francois-pachet/pachet-11a.pdf	déjà présent	à examiner		
FP-031	34	Book chapters	oui	2010	The Future of Content is in Ourselves	Pachet, F. The Future of Content is in Ourselves. In M. Tokoro, editor, Open System Science, pages 133-158, IOS Press. 2010	https://www.francoispachet.fr/wp-content/uploads/2021/01/pachet-10b.pdf		input/publications-francois-pachet/pachet-10b.pdf	input/publications-francois-pachet/pachet-10b.pdf	déjà présent	à examiner		
FP-032	35	Book chapters	oui	2010	Energy, a Cultural Good	Pachet, F. Energy, a Cultural Good. In Wynants, M. and Engelen, S., editor, We Can Change the Weather, 100 Cases of Changeability, Crosstalks. 2010. Preliminary version in French.	https://www.francoispachet.fr/wp-content/uploads/2021/01/PachetEnergyCulturalGood.pdf	https://www.francoispachet.fr/wp-content/uploads/2021/01/pachet-08_EnergieBienCulturel.pdf	input/publications-francois-pachet/PachetEnergyCulturalGood.pdf	input/publications-francois-pachet/PachetEnergyCulturalGood.pdf	déjà présent	à examiner		
FP-033	35	Book chapters	oui	2010	Preliminary version in French	Pachet, F. Energy, a Cultural Good. In Wynants, M. and Engelen, S., editor, We Can Change the Weather, 100 Cases of Changeability, Crosstalks. 2010. Preliminary version in French.	https://www.francoispachet.fr/wp-content/uploads/2021/01/pachet-08_EnergieBienCulturel.pdf	https://www.francoispachet.fr/wp-content/uploads/2021/01/PachetEnergyCulturalGood.pdf	input/publications-francois-pachet/pachet-08_EnergieBienCulturel.pdf	input/publications-francois-pachet/pachet-08_EnergieBienCulturel.pdf	déjà présent	à examiner		
FP-034	36	Book chapters	oui	2008	Des machines à sortir de soi	Pachet, F. Des machines à sortir de soi. In Bernard Stiegler, editor, Le design de nos existences à l’époque de l’innovation ascendante, pages 229-251, Mille et une nuits, Fayard. 2008	https://www.francoispachet.fr/wp-content/uploads/2021/01/Pachet-08-Stiegler.pdf		input/publications-francois-pachet/Pachet-08-Stiegler.pdf	input/publications-francois-pachet/Pachet-08-Stiegler.pdf	déjà présent	à examiner		
FP-035	37	Book chapters	oui	2006	Creativity Studies and Musical Interaction	Pachet, F. Creativity Studies and Musical Interaction. In Deliège, I. and Wiggins, G., editor, Musical Creativity: Multidisciplinary Research in Theory And Practice, Psychology Press. 2006	https://www.francoispachet.fr/wp-content/uploads/2021/01/Pachet-06-Creativity_Studies.pdf		input/publications-francois-pachet/Pachet-06-Creativity_Studies.pdf	input/publications-francois-pachet/Pachet-06-Creativity_Studies.pdf	déjà présent	à examiner		
FP-036	38	Book chapters	oui	2006	Enhancing Individual Creativity with Interactive Musical Reflective Systems	Pachet, F. Enhancing Individual Creativity with Interactive Musical Reflective Systems. In Deliège, I. and Wiggins, G., editor, Musical Creativity: Multidisciplinary Research in Theory And Practice, Psychology Press. 2006	https://www.francoispachet.fr/wp-content/uploads/2021/01/pachet-06-Enhancing_Individual_Creativity.pdf		input/publications-francois-pachet/pachet-06-Enhancing_Individual_Creativity.pdf	input/publications-francois-pachet/pachet-06-Enhancing_Individual_Creativity.pdf	déjà présent	à examiner		
FP-037	39	Book chapters	oui	2006	Les clefs d’une mélodie intéressante	Pachet, F. Les clefs d’une mélodie intéressante. La Naissance de l’Art, pages 193-201, Tallandier, 2006	https://www.francoispachet.fr/wp-content/uploads/2021/01/pachet-06c.pdf		input/publications-francois-pachet/pachet-06c.pdf	input/publications-francois-pachet/pachet-06c.pdf	déjà présent	à examiner		
FP-038	40	Book chapters	oui	2005	Knowledge Management and Musical Metadata	Pachet, F. Knowledge Management and Musical Metadata. In Schwartz, D., editor, Encyclopedia of Knowledge Management, Idea Group. 2005	https://www.francoispachet.fr/wp-content/uploads/2021/01/pachet-05a.pdf		input/publications-francois-pachet/pachet-05a.pdf	input/publications-francois-pachet/pachet-05a.pdf	déjà présent	à examiner		
FP-039	41	Book chapters	oui	2004	On the Design of Flow Machines	Pachet, F. On the Design of Flow Machines. In Tokoro, M. and Steels, L, editor, A Learning Zone of One’s Own, The Future of Learning, IOS Press. Amsterdam, 2004	https://www.francoispachet.fr/wp-content/uploads/2021/01/pachet-04-designflowmachines.pdf		input/publications-francois-pachet/pachet-04-designflowmachines.pdf	input/publications-francois-pachet/pachet-04-designflowmachines.pdf	déjà présent	à examiner		
FP-040	42	Book chapters	oui	2004	Harmonisation Automatique et Programmation par Contraintes	Pachet, F. and Roy, P. Harmonisation Automatique et Programmation par Contraintes. Du Signal au Signe Musical, Hermes, 2004	https://www.francoispachet.fr/wp-content/uploads/2021/01/pachet-00c.pdf		input/publications-francois-pachet/pachet-00c.pdf	input/publications-francois-pachet/pachet-00c.pdf	déjà présent	à examiner		
FP-041	43	Book chapters	oui	2000	Computer Analysis of Jazz Chord Sequences. Is Solar a Blues?	Pachet, F. Computer Analysis of Jazz Chord Sequences. Is Solar a Blues?. In Miranda, E., editor, Readings in Music and Artificial Intelligence, Harwood Academic Publishers, 2000	https://www.francoispachet.fr/wp-content/uploads/2021/01/pachet-97-Computer_Analysis_of_Jazz_Chord_Sequences.pdf		input/publications-francois-pachet/pachet-97-Computer_Analysis_of_Jazz_Chord_Sequences.pdf	input/publications-francois-pachet/pachet-97-Computer_Analysis_of_Jazz_Chord_Sequences.pdf	déjà présent	à examiner		
FP-042	44	Book chapters	oui	1999	Active Listening: What is in the Air?	Pachet, F. Active Listening: What is in the Air?. In Miranda, E., editor, Musica y Nuevas Tecnologias: Perspectivas para el Siglo XXI, L’Angelot. 1999	https://www.francoispachet.fr/wp-content/uploads/2021/01/pachet-99a.pdf		input/publications-francois-pachet/pachet-99a.pdf	input/publications-francois-pachet/pachet-99a.pdf	déjà présent	à examiner		
FP-043	45	Book chapters	oui	1998	Objets et Musique	Pachet, F. Objets et Musique. In R. Ducournau et al., editor, Langages et modèles à objets, Etat et perspectives de la recherche, Collection Didactique (vol. 19), pages 383-396, INRIA, 1998	https://www.francoispachet.fr/wp-content/uploads/2021/01/pachet-98h.pdf		input/publications-francois-pachet/pachet-98h.pdf	input/publications-francois-pachet/pachet-98h.pdf	déjà présent	à examiner		
FP-044	46	Book chapters	oui	1997	A Framework for Object-Oriented Constraint Satisfaction Problems	Roy, P., Liret, A. and Pachet, F. A Framework for Object-Oriented Constraint Satisfaction Problems. In Fayad, M. and Schmidt, D. and Johnson, R., editor, Implementing Application Frameworks : Object-Oriented Frameworks at Work, pages 369-402, John Wiley & Sons. 1997. LIP6 Report version.	https://www.francoispachet.fr/wp-content/uploads/2021/01/roy_97a.pdf	https://www.francoispachet.fr/wp-content/uploads/2021/01/liret-97-report.pdf	input/publications-francois-pachet/roy_97a.pdf	input/publications-francois-pachet/roy_97a.pdf	déjà présent	à examiner		
FP-045	46	Book chapters	oui	1997	LIP6 Report version	Roy, P., Liret, A. and Pachet, F. A Framework for Object-Oriented Constraint Satisfaction Problems. In Fayad, M. and Schmidt, D. and Johnson, R., editor, Implementing Application Frameworks : Object-Oriented Frameworks at Work, pages 369-402, John Wiley & Sons. 1997. LIP6 Report version.	https://www.francoispachet.fr/wp-content/uploads/2021/01/liret-97-report.pdf	https://www.francoispachet.fr/wp-content/uploads/2021/01/roy_97a.pdf	input/publications-francois-pachet/liret-97-report.pdf	input/publications-francois-pachet/liret-97-report.pdf	déjà présent	à examiner		
FP-046	47	Book chapters	oui	1995	Regularity, document generation and Cyc	Mili, H. and Pachet, F. Regularity, document generation and Cyc. In R. Rada and K. Tochtermann, editor, ExpertMedia – Expert Systems and Hypermedia, pages 171-206, World Scientific Publishing. 1995	https://www.francoispachet.fr/wp-content/uploads/2021/01/mili-95a-Regularity_Document_Generation_and_Cyc.pdf		input/publications-francois-pachet/mili-95a-Regularity_Document_Generation_and_Cyc.pdf	input/publications-francois-pachet/mili-95a-Regularity_Document_Generation_and_Cyc.pdf	déjà présent	à examiner		
FP-047	48	Important Journals	oui	2026	Sharedit link: https://rdcu.be/ftvXD	Pachet, F. Roy, P. (2026) Comment on “Harmonization with constraints: a survey”, Constraints, https://doi.org/10.1007/s10601-026-09400-w Sharedit link: https://rdcu.be/ftvXD		https://rdcu.be/ftvXD			lien indirect à résoudre	à examiner		
FP-048	49	Important Journals	oui	2026	Roy, P. (2026) Comment on “Markov Constraints: Steerable Generation of Markov Sequences”, Constraints, to appear	Pachet, F. Roy, P. (2026) Comment on “Markov Constraints: Steerable Generation of Markov Sequences”, Constraints, to appear					aucun lien	à examiner		
FP-049	50	Important Journals	oui	2020	The skipping behavior of users of music streaming services and its relation to musical structure	Montecchio N, Roy P, Pachet F (2020) The skipping behavior of users of music streaming services and its relation to musical structure. PLOS ONE 15(9): e0239418. See also the arxiv version.		https://journals.plos.org/plosone/article?id=10.1371/journal.pone.0239418 | https://arxiv.org/abs/1903.06008			lien indirect à résoudre	à examiner		
FP-050	51	Important Journals	oui	2017	Maximum entropy models capture melodic style	Sakellariou, J., Tria, F., Loreto, V. and Pachet, F. Maximum entropy models capture melodic styles. Scientific Reports, 7(9172), August 2017		https://www.nature.com/articles/s41598-017-08028-4#:~:text=Abstract,of%20a%20given%20musical%20corpus.			lien indirect à résoudre	à examiner		
FP-051	52	Important Journals	oui	2016	A Joyful Ode to Automatic Orchestration	Pachet, F. A Joyful Ode to Automatic Orchestration. ACM Transactions on Intelligent Systems and Technology, Special Issue on Intelligent Music Systems and Applications, 8(2), October 2016, Article 18 (invited contribution)	https://www.francoispachet.fr/wp-content/uploads/2021/01/pachet-16a.pdf		input/publications-francois-pachet/pachet-16a.pdf	input/publications-francois-pachet/pachet-16a.pdf	déjà présent	à examiner		
FP-052	53	Important Journals	oui	2016	Action Identity in Style Simulation Systems: Do Players Consider Machine-generated Music as of Their Own Style?	Armen Khatchatourov, François Pachet, Victoria Rowe. Action Identity in Style Simulation Systems: Do Players Consider Machine-generated Music as of Their Own Style?. Frontiers in Psychology, 7(474), 2016		https://www.frontiersin.org/articles/10.3389/fpsyg.2016.00474/full			lien indirect à résoudre	à examiner		
FP-053	54	Important Journals	oui	2014	Human-Made Rock Mixes Feature Tight Relations Between Spectrum And Loudness	Deruty, E., Roy, P. and Pachet, F. Human-Made Rock Mixes Feature Tight Relations Between Spectrum And Loudness. Journal of the Audio Engineering Society, 62(10):643-653, October 2014	https://www.francoispachet.fr/wp-content/uploads/2021/01/deruty-14c.pdf		input/publications-francois-pachet/deruty-14c.pdf	input/publications-francois-pachet/deruty-14c.pdf	déjà présent	à examiner		
FP-054	55	Important Journals	oui	2014	Predicting the Composer and Style of Jazz Chord Progressions	Hedges, T., Roy, P. and Pachet, F. Predicting the Composer and Style of Jazz Chord Progressions. Journal of New Music Research, Special issue on Music and Machine Learning, 43(3):276-290, 2014	https://www.francoispachet.fr/wp-content/uploads/2021/01/hedges-14a.pdf		input/publications-francois-pachet/hedges-14a.pdf	input/publications-francois-pachet/hedges-14a.pdf	déjà présent	à examiner		
FP-055	56	Important Journals	oui	2011	Markov constraints: steerable generation of Markov sequences	Pachet, F. and Roy, P. Markov constraints: steerable generation of Markov sequences. Constraints, 16(2):148-172, March 2011	https://www.francoispachet.fr/wp-content/uploads/2021/01/pachet-09c.pdf		input/publications-francois-pachet/pachet-09c.pdf	input/publications-francois-pachet/pachet-09c.pdf	déjà présent	à examiner		
FP-056	57	Important Journals	oui	2011	Finding Good Acoustic Features for Parrot Vocalizations: the Feature Generation Approach	Giret, N., Roy, P., Albert, A., Pachet, F., Kreutzer, M. and Bovet, D. Finding Good Acoustic Features for Parrot Vocalizations: the Feature Generation Approach. Journal of the Acoustical Society of America, 129(2):1089-1099, February 2011	https://www.francoispachet.fr/wp-content/uploads/2021/01/giret-09a.pdf		input/publications-francois-pachet/giret-09a.pdf	input/publications-francois-pachet/giret-09a.pdf	déjà présent	à examiner		
FP-057	58	Important Journals	oui	2011	Closed-loop bird-computer interactions: A new method to study the role of bird callings	Lerch, A., Roy, P., Pachet, F. and Nagle, L. Closed-loop bird-computer interactions: A new method to study the role of bird callings. Animal Cognition, 14(2):203-211, March 2011	https://www.francoispachet.fr/wp-content/uploads/2021/01/lerch-10a.pdf		input/publications-francois-pachet/lerch-10a.pdf	input/publications-francois-pachet/lerch-10a.pdf	déjà présent	à examiner		
FP-058	59	Important Journals	oui	2009	Analytical Features: a Knowledge-Based Approach to Audio Feature Generation	Pachet, F. and Roy, P. Analytical Features: a Knowledge-Based Approach to Audio Feature Generation. EURASIP Journal on Audio, Speech, and Music Processing, 2009(1), February 2009	https://www.francoispachet.fr/wp-content/uploads/2021/01/pachet-08d.pdf		input/publications-francois-pachet/pachet-08d.pdf	input/publications-francois-pachet/pachet-08d.pdf	déjà présent	à examiner		
FP-059	60	Important Journals	oui	2009	Improving Multi-Label Analysis of Music Titles: a Large Scale Validation of the Correction Approach	Pachet, F. and Roy, P. Improving Multi-Label Analysis of Music Titles: a Large Scale Validation of the Correction Approach. IEEE Transactions on Audio, Speech, and Language Processing, 17(2):335-343, 2009	https://www.francoispachet.fr/wp-content/uploads/2021/01/pachet-08b.pdf		input/publications-francois-pachet/pachet-08b.pdf	input/publications-francois-pachet/pachet-08b.pdf	déjà présent	à examiner		
FP-060	61	Important Journals	oui	2009	Description-Based Design of Melodies	Pachet, F. Description-Based Design of Melodies. Computer Music Journal, 33(4):56-68, Winter 2009	https://www.francoispachet.fr/wp-content/uploads/2021/01/pachet-08f.pdf		input/publications-francois-pachet/pachet-08f.pdf	input/publications-francois-pachet/pachet-08f.pdf	déjà présent	à examiner		
FP-061	62	Important Journals	oui	2008	A scale-free distribution of false positives for a large class of audio similarity measures	Aucouturier, J.-J. and Pachet, F. A scale-free distribution of false positives for a large class of audio similarity measures. Pattern Recognition, 41(1):272-284, 2008	https://www.francoispachet.fr/wp-content/uploads/2021/01/aucouturier-07-scale-free.pdf		input/publications-francois-pachet/aucouturier-07-scale-free.pdf	input/publications-francois-pachet/aucouturier-07-scale-free.pdf	déjà présent	à examiner		
FP-062	63	Important Journals	oui	2008	Classification of dog barks: a machine learning approach	Molnár, Csaba, Kaplan, Frédéric, Roy, Pierre, Pachet, François, Pongrácz, Péter, Dóka, Antal and Miklósi, Ádám. Classification of dog barks: a machine learning approach. Animal Cognition, 11(3):389-400, 2008	https://www.francoispachet.fr/wp-content/uploads/2021/01/molnar-08a.pdf		input/publications-francois-pachet/molnar-08a.pdf	input/publications-francois-pachet/molnar-08a.pdf	déjà présent	à examiner		
FP-063	64	Important Journals	oui	2008	The future of content is in ourselves	Pachet, F. The future of content is in ourselves. ACM Journal of Computers in Entertainment, 6(3), 2008	https://www.francoispachet.fr/wp-content/uploads/2021/01/pachet-08a.pdf		input/publications-francois-pachet/pachet-08a.pdf	input/publications-francois-pachet/pachet-08a.pdf	déjà présent	à examiner		
FP-064	65	Important Journals	oui	2007	The influence of polyphony on the dynamical modelling of musical timbre	Aucouturier, J.-J and Pachet, F. The influence of polyphony on the dynamical modelling of musical timbre. Pattern Recognition Letters, 28(5):654-661, 2007	https://www.francoispachet.fr/wp-content/uploads/2021/01/aucouturier-07a.pdf		input/publications-francois-pachet/aucouturier-07a.pdf	input/publications-francois-pachet/aucouturier-07a.pdf	déjà présent	à examiner		
FP-065	66	Important Journals	oui	2007	The bag-of-frame approach to audio pattern recognition: A sufficient model for urban soundscapes but not for polyphonic music	Aucouturier, J.-J, Defreville, B., Pachet, F. The bag-of-frame approach to audio pattern recognition: A sufficient model for urban soundscapes but not for polyphonic music. Journal of the Acoustical Society of America, 122(2):881-891, 2007	https://www.francoispachet.fr/wp-content/uploads/2021/01/aucouturier-07b.pdf		input/publications-francois-pachet/aucouturier-07b.pdf	input/publications-francois-pachet/aucouturier-07b.pdf	déjà présent	à examiner		
FP-066	67	Important Journals	oui	2006	The Cuidado Music Browser: an end-to-end Electronic Music Distribution System	Pachet, F., Aucouturier, J.-J., La Burthe, A., Zils, A. and Beurive, A. The Cuidado Music Browser: an end-to-end Electronic Music Distribution System. Multimedia Tools and Applications, 30(3):331-349, 2006 Special Issue on the CBMI03 Conference	https://www.francoispachet.fr/wp-content/uploads/2021/01/pachet-03i.pdf		input/publications-francois-pachet/pachet-03i.pdf	input/publications-francois-pachet/pachet-03i.pdf	déjà présent	à examiner		
FP-067	68	Important Journals	oui	2005	The Way It Sounds: Timbre Models For Analysis and Retrieval of Polyphonic Music Signals	Aucouturier; J.-J., Pachet, F. and Sandler, M. The Way It Sounds: Timbre Models For Analysis and Retrieval of Polyphonic Music Signals. IEEE Transactions of Multimedia, 7(6):1028-1035, December 2005	https://www.francoispachet.fr/wp-content/uploads/2021/01/aucouturier-06a-1.pdf		input/publications-francois-pachet/aucouturier-06a-1.pdf	input/publications-francois-pachet/aucouturier-06a-1.pdf	déjà présent	à examiner		
FP-068	69	Important Journals	oui	2005	Editorial Metadata in Electronic Music Distribution Systems: Between Universalism and Isolationism	Pachet, François, La Burthe, Amaury, Aucouturier, Jean-Julien and Beurivé, Anthony. Editorial Metadata in Electronic Music Distribution Systems: Between Universalism and Isolationism. Journal of New Music Research, 34(2):173-184, June 2005	https://www.francoispachet.fr/wp-content/uploads/2021/01/pachet-05c-1.pdf		input/publications-francois-pachet/pachet-05c-1.pdf	input/publications-francois-pachet/pachet-05c-1.pdf	déjà présent	à examiner		
FP-069	70	Important Journals	oui	2005	Jamming With Plunderphonics: Interactive Concatenative Synthesis of Music	Aucouturier, J.-J. and Pachet, F. Jamming With Plunderphonics: Interactive Concatenative Synthesis of Music. Journal of New Music Research, 35(1):35-50, March 2005	https://www.francoispachet.fr/wp-content/uploads/2021/01/aucouturier-05c.pdf		input/publications-francois-pachet/aucouturier-05c.pdf	input/publications-francois-pachet/aucouturier-05c.pdf	déjà présent	à examiner		
FP-070	71	Important Journals	oui	2005	Experiments with a Musical Machine: Musical Style Replicatio	Addessi, A.-R. and Pachet, F. Experiments with a Musical Machine: Musical Style Replication in 3/5 year old Children. British Journal of Music Education, 22(1):21-46, March 2005	https://www.francoispachet.fr/wp-content/uploads/2021/01/pachet-04j.pdf		input/publications-francois-pachet/pachet-04j.pdf	input/publications-francois-pachet/pachet-04j.pdf	déjà présent	à examiner		
FP-071	72	Important Journals	oui	2005	Young children confronting the Continuator, an interactive reflective musical system	Addessi, A.-R. and Pachet, F Young children confronting the Continuator, an interactive reflective musical system. Musicae Scientiae, pages 19-39, 2005	https://www.francoispachet.fr/wp-content/uploads/2021/01/addessi-05a.pdf		input/publications-francois-pachet/addessi-05a.pdf	input/publications-francois-pachet/addessi-05a.pdf	déjà présent	à examiner		
FP-072	73	Important Journals	oui	2004	Popular Music Access: The Sony Music Browser	Pachet, F. Laburthe, A., Zils, A., Aucouturier, J.-J. Popular Music Access: The Sony Music Browser. Journal of the American Society for Information Science, 55(12):1037 – 1044, 2004	https://www.francoispachet.fr/wp-content/uploads/2021/01/pachet-03k.pdf		input/publications-francois-pachet/pachet-03k.pdf	input/publications-francois-pachet/pachet-03k.pdf	déjà présent	à examiner		
FP-073	74	Important Journals	oui	2004	Improving Timbre Similarity: How high is the sky?	Aucouturier, J.-J. and Pachet F. Improving Timbre Similarity: How high is the sky?. Journal of Negative Results in Speech and Audio Sciences, 1(1), 2004	https://www.francoispachet.fr/wp-content/uploads/2021/01/aucouturier-04b.pdf		input/publications-francois-pachet/aucouturier-04b.pdf	input/publications-francois-pachet/aucouturier-04b.pdf	déjà présent	à examiner		
FP-074	75	Important Journals	oui	2004	When Children Reflect on Their Playing Style: The Continuator	Pachet, F., Addessi, Anna-Rita. When Children Reflect on Their Playing Style: The Continuator. ACM Computers in Entertainment, 1(2), 2004	https://www.francoispachet.fr/wp-content/uploads/2021/01/pachet-04-When.pdf		input/publications-francois-pachet/pachet-04-When.pdf	input/publications-francois-pachet/pachet-04-When.pdf	déjà présent	à examiner		
FP-075	76	Important Journals	oui	2004	Beyond the Cybernetic Jam fantasy: The Continuator	Pachet, F. Beyond the Cybernetic Jam fantasy: The Continuator. IEEE Computers Graphics and Applications, 4(1):31-35, January/February 2004 special issue on Emerging Technologies	https://www.francoispachet.fr/wp-content/uploads/2021/01/pachet-03g.pdf		input/publications-francois-pachet/pachet-03g.pdf	input/publications-francois-pachet/pachet-03g.pdf	déjà présent	à examiner		
FP-076	77	Important Journals	oui	2004	Les nouveaux enjeux de la réification	Pachet, F. Les nouveaux enjeux de la réification, in Des octets aux modèles – Vingt ans après, où en sont les objets ? – En l’honneur de Jean-François Perrot, Jean-Pierre Briot, editor, L’Objet, 10:4:33-60, ISBN: 2-7462-1073-8. ISSN: 1262-1137, December 2004.Presentation slides and abstract.	https://www.francoispachet.fr/wp-content/uploads/2021/01/pachet-04f.pdf	https://www.francoispachet.fr/wp-content/uploads/2025/12/pachet-transparents.pdf	input/publications-francois-pachet/pachet-04f.pdf	input/publications-francois-pachet/pachet-04f.pdf	déjà présent	à examiner		
FP-077	77	Important Journals	oui	2004	Presentation slides	Pachet, F. Les nouveaux enjeux de la réification, in Des octets aux modèles – Vingt ans après, où en sont les objets ? – En l’honneur de Jean-François Perrot, Jean-Pierre Briot, editor, L’Objet, 10:4:33-60, ISBN: 2-7462-1073-8. ISSN: 1262-1137, December 2004.Presentation slides and abstract.	https://www.francoispachet.fr/wp-content/uploads/2025/12/pachet-transparents.pdf	https://www.francoispachet.fr/wp-content/uploads/2021/01/pachet-04f.pdf	input/publications-francois-pachet/pachet-transparents.pdf	input/publications-francois-pachet/pachet-transparents.pdf	déjà présent	à examiner		
FP-078	78	Important Journals	oui	2003	Noms de Fichiers: Le Nom	Pachet, F. Noms de Fichiers: Le Nom. In Maison des Sciences de l’Homme, editor, STP (Du Sujet: Théorie et Praxis), vol. 6, 2003, Maison des Sciences de l’Homme	https://www.francoispachet.fr/wp-content/uploads/2026/03/noms-de-fichiers-le-nom-STP.pdf		input/publications-francois-pachet/noms-de-fichiers-le-nom-STP.pdf	input/publications-francois-pachet/noms-de-fichiers-le-nom-STP.pdf	déjà présent	à examiner		
FP-079	79	Important Journals	oui	2003	The Continuator: Musical Interaction with Style	Pachet, F. The Continuator: Musical Interaction with Style. Journal of New Music Research, 32(3):333-341, 2003		https://www.francoispachet.fr/the-continuator-musical-interaction-with-style-pachet-2003/			lien indirect à résoudre	à examiner		
FP-080	80	Important Journals	oui	2003	Representing Musical Genre: A State of the Art	Aucouturier, J.J and Pachet, F. Representing Musical Genre: A State of the Art. Journal of New Music Research, 32(1):83-93, 2003	https://www.francoispachet.fr/wp-content/uploads/2021/01/pachet-02c.pdf		input/publications-francois-pachet/pachet-02c.pdf	input/publications-francois-pachet/pachet-02c.pdf	déjà présent	à examiner		
FP-081	81	Important Journals	oui	2003	Content Management for Electronic Music Distribution: The Real Issues	Pachet, F. Content Management for Electronic Music Distribution: The Real Issues. Communications of the ACM, 46(4):71-75, April 2003	https://www.francoispachet.fr/wp-content/uploads/2021/01/pachet-03a.pdf		input/publications-francois-pachet/pachet-03a.pdf	input/publications-francois-pachet/pachet-03a.pdf	déjà présent	à examiner		
FP-082	82	Important Journals	oui	2002	Playing with Virtual Musicians: the Continuator in practice	Pachet, F. Playing with Virtual Musicians: the Continuator in practice, IEEE Multimedia, 9(3):77-82, 2002	https://www.francoispachet.fr/wp-content/uploads/2021/01/pachet-02b.pdf		input/publications-francois-pachet/pachet-02b.pdf	input/publications-francois-pachet/pachet-02b.pdf	déjà présent	à examiner		
FP-083	83	Important Journals	oui	2001	Musical harmonization with constraints: A survey	Pachet, F. and Roy, P. Musical harmonization with constraints: A survey. Constraints, 6(1):7-19, 2001	https://www.francoispachet.fr/wp-content/uploads/2021/01/pachet-01-Musical_Harmonization_with_Constraints.pdf		input/publications-francois-pachet/pachet-01-Musical_Harmonization_with_Constraints.pdf	input/publications-francois-pachet/pachet-01-Musical_Harmonization_with_Constraints.pdf	déjà présent	à examiner		
FP-084	84	Important Journals	oui	2001	Introduction to the Special Issue on Constraints for Multimedia Artistic Applications	Pachet, F., and Codognet, P. Introduction to the Special Issue on Constraints for Multimedia Artistic Applications. Constraints, 6(1):5-6, 2001	https://www.francoispachet.fr/wp-content/uploads/2021/01/pachet-00b.pdf		input/publications-francois-pachet/pachet-00b.pdf	input/publications-francois-pachet/pachet-00b.pdf	déjà présent	à examiner		
FP-085	85	Important Journals	oui	2000	A Combinatorial Approach to Content-Based Music Selection	Pachet, F., Roy, P. and Cazaly, D. A Combinatorial Approach to Content-Based Music Selection. IEEE Multimedia, 7(1):44-51, March 2000	https://www.francoispachet.fr/wp-content/uploads/2021/01/pachet-00-ieeeMM.pdf		input/publications-francois-pachet/pachet-00-ieeeMM.pdf	input/publications-francois-pachet/pachet-00-ieeeMM.pdf	déjà présent	à examiner		
FP-086	86	Important Journals	oui	2000	The Framework Approach for Constraint Satisfaction	Roy, P., Liret, A. and Pachet, F. The Framework Approach for Constraint Satisfaction. ACM Computing Surveys, 32(1es), 2000	https://www.francoispachet.fr/wp-content/uploads/2021/01/roy98a.pdf		input/publications-francois-pachet/roy98a.pdf	input/publications-francois-pachet/roy98a.pdf	déjà présent	à examiner		
FP-087	87	Important Journals	oui	1999	A Combinatorial approach to Content-based Music Selection	Pachet, F., Roy, P. and Cazaly. D. A Combinatorial approach to Content-based Music Selection. Proceedings of IEEE Multimedia Computing and Systems International Conference 1999, pages 457-462, Firenze, Italy, 1999	https://www.francoispachet.fr/wp-content/uploads/2021/01/pachet-99e.pdf		input/publications-francois-pachet/pachet-99e.pdf	input/publications-francois-pachet/pachet-99e.pdf	déjà présent	à examiner		
FP-088	88	Important Journals	oui	1997	Reifying Constraint Satisfaction in Smalltalk	Roy, Pierre and Pachet, F. Reifying Constraint Satisfaction in Smalltalk. Journal of Object-Oriented Programming, 10(4):43-51, July/August 1997	https://www.francoispachet.fr/wp-content/uploads/2021/01/pachet-97-reifying_constraint_satisfaction_in_smalltalk.pdf		input/publications-francois-pachet/pachet-97-reifying_constraint_satisfaction_in_smalltalk.pdf	input/publications-francois-pachet/pachet-97-reifying_constraint_satisfaction_in_smalltalk.pdf	déjà présent	à examiner		
FP-089	89	Important Journals	oui	1997	NeoGanesh: A working system for the automated control of assisted ventilation in ICUs	Dojat M, Pachet F, Guessoum Z, Touchard D, Harf A and Brochard L. NeoGanesh: A working system for the automated control of assisted ventilation in ICUs. Artificial Intelligence in Medicine, 11:97-117, 1997	https://www.francoispachet.fr/wp-content/uploads/2021/01/dojat-97a.pdf		input/publications-francois-pachet/dojat-97a.pdf	input/publications-francois-pachet/dojat-97a.pdf	déjà présent	à examiner		
FP-090	90	Important Journals	oui	1997	EpiTalk, Generating advisor agents for existing information systems	Paquette, G., Pachet, F., Giroux, S. and Girard, J. EpiTalk, Generating advisor agents for existing information systems. Artificial Intelligence in Education, 7(3-4):349-379, 1997	https://www.francoispachet.fr/wp-content/uploads/2021/01/paquette-97a.pdf		input/publications-francois-pachet/paquette-97a.pdf	input/publications-francois-pachet/paquette-97a.pdf	déjà présent	à examiner		
FP-091	91	Important Journals	oui	1996	Un mécanisme de production de conseils exploitant les relations de composition et de précédence dans un arbre de tâches	Pachet, F. Djamen, J.-Y, Frasson, C. and Kaltenbach, M. Un mécanisme de production de conseils exploitant les relations de composition et de précédence dans un arbre de tâches. Sciences et Techniques Educatives, 3(1):43-75, 1996	https://www.francoispachet.fr/wp-content/uploads/2021/01/pachet-96-STE_num_3_1_1280.pdf		input/publications-francois-pachet/pachet-96-STE_num_3_1_1280.pdf	input/publications-francois-pachet/pachet-96-STE_num_3_1_1280.pdf	déjà présent	à examiner		
FP-092	92	Important Journals	oui	1996	A framework for representing knowledge about synthesizer programming	Rolland, P.-Y. and Pachet, F. A framework for representing knowledge about synthesizer programming. Computer Music Journal, 20(3):47-58, Fall 1996	https://www.francoispachet.fr/wp-content/uploads/2021/01/rolland-96a.pdf		input/publications-francois-pachet/rolland-96a.pdf	input/publications-francois-pachet/rolland-96a.pdf	déjà présent	à examiner		
FP-093	93	Important Journals	oui	1996	Representing Temporal Musical Objects and Reasoning in the MusES System	Pachet, F. Ramalho, G. and Carrive, J. Representing Temporal Musical Objects and Reasoning in the MusES System. Journal of New Music Research, 25(3):252-275, 1996	https://www.francoispachet.fr/wp-content/uploads/2021/01/pachet-96b.pdf		input/publications-francois-pachet/pachet-96b.pdf	input/publications-francois-pachet/pachet-96b.pdf	déjà présent	à examiner		
FP-094	94	Important Journals	oui	1995	On the embeddability of production rules in object-oriented languages	Pachet, F. On the embeddability of production rules in object-oriented languages. Journal of Object-Oriented Programming, 8(4):19-24, 1995	https://www.francoispachet.fr/wp-content/uploads/2021/01/pachet-95a.pdf		input/publications-francois-pachet/pachet-95a.pdf	input/publications-francois-pachet/pachet-95a.pdf	déjà présent	à examiner		
FP-095	95	Important Journals	oui	1995	Effective domain-dependent reuse in medical knowledge bases	Dojat, M. and Pachet, F. Effective domain-dependent reuse in medical knowledge bases. Computers and Biomedical Research, 28:403-432, 1995	https://www.francoispachet.fr/wp-content/uploads/2021/01/dojat-95a.pdf		input/publications-francois-pachet/dojat-95a.pdf	input/publications-francois-pachet/dojat-95a.pdf	déjà présent	à examiner		
FP-096	96	Important Journals	oui	1995	Régularité, Génération de documents et Cyc	Mili, H. and Pachet, F. Régularité, Génération de documents et Cyc. Revue d’intelligence Artificielle, 9(2):139-164, 1995	https://www.francoispachet.fr/wp-content/uploads/2021/01/mili-95b.pdf		input/publications-francois-pachet/mili-95b.pdf	input/publications-francois-pachet/mili-95b.pdf	déjà présent	à examiner		
FP-097	97	Important Journals	oui	1995	Des systèmes conseillers épiphytes	Giroux, S., Pachet, F., Paquette, G. and Girard, J. Des systèmes conseillers épiphytes. Revue d’Intelligence Artificielle, 9(2):165-190, 1995	https://www.francoispachet.fr/wp-content/uploads/2021/01/giroux-95a.pdf		input/publications-francois-pachet/giroux-95a.pdf	input/publications-francois-pachet/giroux-95a.pdf	déjà présent	à examiner		
FP-098	98	Important Journals	oui	1994	EpiTalk : un outil générique pour la construction de systèmes conseillers	Paquette G., Pachet F. and Giroux S. EpiTalk : un outil générique pour la construction de systèmes conseillers. Revue Sciences et Techniques Educatives, 1(3):305-336, 1994	https://www.francoispachet.fr/wp-content/uploads/2021/01/paquette-94a.pdf		input/publications-francois-pachet/paquette-94a.pdf	input/publications-francois-pachet/paquette-94a.pdf	déjà présent	à examiner		
FP-099	99	Important Journals	oui	1992	Pachet, F. NéoGanesh, un système extensible à base de connaissances pour la ventilation artificielle des patients. Innovation et Technologie en Biologie et Médecine, vol. 14, pp. 267-279, 1992	Dojat, M. Pachet, F. NéoGanesh, un système extensible à base de connaissances pour la ventilation artificielle des patients. Innovation et Technologie en Biologie et Médecine, vol. 14, pp. 267-279, 1992.					aucun lien	à examiner		
FP-100	100	Important Journals	oui	1992	Pachet, F. From Object-Oriented Design to Visual Programming. European Journal of Engineering and Education, Vol. 17, n. 2, 1992, pp. 195-201	Borne, I. Pachet, F. From Object-Oriented Design to Visual Programming. European Journal of Engineering and Education, Vol. 17, n. 2, 1992, pp. 195-201.					aucun lien	à examiner		
FP-101	101	Important conferences	oui	2026	and Régin, J.-C., Constraining Generative Models:A Survey from the Constraint Programming Perspective, 35th International Joint Conference on Artificial Intelligence (IJCAI 2026), Bremen (Germany), August 2026	Bonlarron, A., Pachet, F., Roy, P. and Régin, J.-C., Constraining Generative Models:A Survey from the Constraint Programming Perspective, 35th International Joint Conference on Artificial Intelligence (IJCAI 2026), Bremen (Germany), August 2026					aucun lien	à examiner		
FP-102	102	Important conferences	oui	2017	DeepBach: a Steerable Model for Bach Chorales Generation	Hadjeres, G., Pachet, F. and Nielsen, F. DeepBach: a Steerable Model for Bach Chorales Generation. In Doina Precup and Yee Whye Teh, editor, Proceedings of the 34th International Conference on Machine Learning (ICML), Proceedings of Machine Learning Research (vol. 70), pages 1362-1371, International Convention Centre, Sydney, Australia, August 2017 PMLR.		https://www.francoispachet.fr/deepbach-a-steerable-model-for-bach-chorales-generation/			lien indirect à résoudre	à examiner		
FP-103	103	Important conferences	oui	2017	Sampling Variations of Sequences for Structured Music Generation	Pachet, F., Papadopoulos, A. and Roy, P. Sampling Variations of Sequences for Structured Music Generation. Proceedings of the International Conference on Music Information Retrieval (ISMIR), pages 23-27, Suzhou, China, October 2017.	https://www.francoispachet.fr/wp-content/uploads/2021/01/pachet-17d.pdf		input/publications-francois-pachet/pachet-17d.pdf	input/publications-francois-pachet/pachet-17d.pdf	déjà présent	à examiner		
FP-104	104	Important conferences	oui	2016	Enforcing Structure on Temporal Sequences: the Allen Constraint	Roy, P., Perez, G., Jean-Charles Régin, Papadopoulos, A., Pachet, F. and Marchini, M. Enforcing Structure on Temporal Sequences: the Allen Constraint. Proceedings of the 22nd International Conference on Principles and Practice of Constraint Programming – CP, Toulouse, France, September 2016, Springer.	https://www.francoispachet.fr/wp-content/uploads/2026/04/AllenMeter.pdf		input/publications-francois-pachet/AllenMeter.pdf	input/publications-francois-pachet/AllenMeter.pdf	déjà présent	à examiner		
FP-105	105	Important conferences	oui	2016	Assisted Lead Sheet Composition using FlowComposer	Papadopoulos, A., Roy, P. and Pachet, F. Assisted Lead Sheet Composition using FlowComposer. Proceedings of the 22nd International Conference on Principles and Practice of Constraint Programming – CP, Toulouse, France, September 2016. See also the Comment about this paper, written for the 25th anniversary of the CP Conference.	https://www.francoispachet.fr/wp-content/uploads/2021/01/roy-16b.pdf	https://www.francoispachet.fr/wp-content/uploads/2021/01/pachet-16-comment-flowcomposer.pdf | https://freuder.wordpress.com/cp-anniversary-project/	input/publications-francois-pachet/roy-16b.pdf	input/publications-francois-pachet/roy-16b.pdf	déjà présent	à examiner		
FP-106	105	Important conferences	oui	2016	Comment about this paper,	Papadopoulos, A., Roy, P. and Pachet, F. Assisted Lead Sheet Composition using FlowComposer. Proceedings of the 22nd International Conference on Principles and Practice of Constraint Programming – CP, Toulouse, France, September 2016. See also the Comment about this paper, written for the 25th anniversary of the CP Conference.	https://www.francoispachet.fr/wp-content/uploads/2021/01/pachet-16-comment-flowcomposer.pdf	https://www.francoispachet.fr/wp-content/uploads/2021/01/roy-16b.pdf | https://freuder.wordpress.com/cp-anniversary-project/	input/publications-francois-pachet/pachet-16-comment-flowcomposer.pdf	input/publications-francois-pachet/pachet-16-comment-flowcomposer.pdf	déjà présent	à examiner		
FP-107	106	Important conferences	oui	2015	Generating 1/f Noise Sequences as Constraint Satisfaction: the Voss Constraint	Pachet, F., Roy, P., Papadopoulos, A. and Sakellariou, J. Generating 1/f Noise Sequences as Constraint Satisfaction: the Voss Constraint. 24th International Joint Conference on Artificial Intelligence (IJCAI 2015), Buenos Aires (Argentina), July 2015	https://www.francoispachet.fr/wp-content/uploads/2021/01/pachet-15a.pdf		input/publications-francois-pachet/pachet-15a.pdf	input/publications-francois-pachet/pachet-15a.pdf	déjà présent	à examiner		
FP-108	107	Important conferences	oui	2015	Generating all Possible Palindromes from Ngram Corpora	Papadopoulos, A., Roy, P., Régin, J.-C. and Pachet, F. Generating all Possible Palindromes from Ngram Corpora. 24th International Joint Conference on Artificial Intelligence (IJCAI 2015), Buenos Aires (Argentina), July 2015	https://www.francoispachet.fr/wp-content/uploads/2021/01/papadopoulos-15a.pdf		input/publications-francois-pachet/papadopoulos-15a.pdf	input/publications-francois-pachet/papadopoulos-15a.pdf	déjà présent	à examiner		
FP-109	108	Important conferences	oui	2015	Exact Sampling for Regular and Markov Constraints with Belief Propagation	Papadopoulos, A., Pachet, F., Roy, P. and Sakellariou, J. Exact Sampling for Regular and Markov Constraints with Belief Propagation. 21th Principles and Practice of Constraint Programming Conference (CP 2015), Cork (Ireland), 2015	https://www.francoispachet.fr/wp-content/uploads/2021/01/papadopoulos-15b.pdf		input/publications-francois-pachet/papadopoulos-15b.pdf	input/publications-francois-pachet/papadopoulos-15b.pdf	déjà présent	à examiner		
FP-110	109	Important conferences	oui	2015	The Mir Perspective On The Evolution Of Dynamics In Mainstream Music	Deruty, E. and Pachet, F. The Mir Perspective On The Evolution Of Dynamics In Mainstream Music. Proceedings of the International Conference on Music Information Retrieval (ISMIR), Malaga (Spain), October 2015	https://www.francoispachet.fr/wp-content/uploads/2021/01/deruty-15a.pdf		input/publications-francois-pachet/deruty-15a.pdf	input/publications-francois-pachet/deruty-15a.pdf	déjà présent	à examiner		
FP-111	110	Important conferences	oui	2014	Avoiding Plagiarism in Markov Sequence Generation	Papadopoulos, A., Roy, P. and Pachet, F. Avoiding Plagiarism in Markov Sequence Generation. 28th Conference on Artificial Intelligence (AAAI 2014), pages 2731-2737, Quebec (Canada), July 2014	https://www.francoispachet.fr/wp-content/uploads/2021/01/papadopoulos-14a.pdf		input/publications-francois-pachet/papadopoulos-14a.pdf	input/publications-francois-pachet/papadopoulos-14a.pdf	déjà présent	à examiner		
FP-112	111	Important conferences	oui	2014	Imitative Leadsheet Generation with User Constraints	Pachet, F. and Roy, P. Imitative Leadsheet Generation with User Constraints. 21st European Conference on Artificial Intelligence (ECAI 2014), pages 1077-1078, Prague (Czech Republic), August 2014	https://www.francoispachet.fr/wp-content/uploads/2021/01/pachet-14b.pdf		input/publications-francois-pachet/pachet-14b.pdf	input/publications-francois-pachet/pachet-14b.pdf	déjà présent	à examiner		
FP-113	112	Important conferences	oui	2013	Reflexive Loopers for Solo Musical Improvization	Pachet, F., Roy, P., Moreira, J. and d’Inverno, M. Reflexive Loopers for Solo Musical Improvization. SIGCHI ACM Conference on Human Factors in Computing Systems, CHI ’13, pages 2205-2208, Paris (France), 2013 ACM. Best paper honorable mention award	https://www.francoispachet.fr/wp-content/uploads/2021/01/pachet-13a.pdf		input/publications-francois-pachet/pachet-13a.pdf	input/publications-francois-pachet/pachet-13a.pdf	déjà présent	à examiner		
FP-114	113	Important conferences	oui	2013	Enforcing Meter in Finite-Length Markov Sequences	Roy, P. and Pachet, F. Enforcing Meter in Finite-Length Markov Sequences. 27th Conference on Artificial Intelligence (AAAI 2013), Bellevue, Washington (USA), June 2013	https://www.francoispachet.fr/wp-content/uploads/2021/01/roy-13a.pdf		input/publications-francois-pachet/roy-13a.pdf	input/publications-francois-pachet/roy-13a.pdf	déjà présent	à examiner		
FP-115	114	Important conferences	oui	2013	A Comprehensive Online Database of Machine-Readable Lead Sheets for Jazz Standards	Pachet, F., Suzda, J. and Martín, D. A Comprehensive Online Database of Machine-Readable Lead Sheets for Jazz Standards. 14th International Society for Music Information Retrieval Conference (ISMIR 2013), pages 275-280, Curitiba (Brazil), November 2013	https://www.francoispachet.fr/wp-content/uploads/2021/01/pachet-13c.pdf		input/publications-francois-pachet/pachet-13c.pdf	input/publications-francois-pachet/pachet-13c.pdf	déjà présent	à examiner		
FP-116	115	Important conferences	oui	2013	VirtualBand: Interacting with Stylistically Consistent Agents	Moreira, J., Roy, P. and Pachet, F. VirtualBand: Interacting with Stylistically Consistent Agents. 14th International Society for Music Information Retrieval Conference (ISMIR 2013), pages 341-346, Curitiba (Brazil), November 2013	https://www.francoispachet.fr/wp-content/uploads/2021/01/moreira-13a.pdf		input/publications-francois-pachet/moreira-13a.pdf	input/publications-francois-pachet/moreira-13a.pdf	déjà présent	à examiner		
FP-117	116	Important conferences	oui	2012	Markov Constraints for Generating Lyrics with Style	Barbieri, G., Pachet, F., Roy, P. Degli Esposti, M. Markov Constraints for Generating Lyrics with Style. In Luc De Raedt et al., editor, Proceedings of the 20th European Conference on Artificial Intelligence (ECAI 2012), pages 115-120, 2012	https://www.francoispachet.fr/wp-content/uploads/2021/01/barbieri-12a.pdf		input/publications-francois-pachet/barbieri-12a.pdf	input/publications-francois-pachet/barbieri-12a.pdf	déjà présent	à examiner		
FP-118	117	Important conferences	oui	2011	Finite-Length Markov Processes with Constraints	Pachet, F., Roy, P. and Barbieri, G. Finite-Length Markov Processes with Constraints. Proceedings of the 22nd International Joint Conference on Artificial Intelligence (IJCAI), pages 635-642, Barcelona, Spain, July 2011	https://www.francoispachet.fr/wp-content/uploads/2021/01/pachet-11b.pdf		input/publications-francois-pachet/pachet-11b.pdf	input/publications-francois-pachet/pachet-11b.pdf	déjà présent	à examiner		
FP-119	118	Important conferences	oui	2010	Is there a relation between the syntax and the fitness of an audio feature?	Barbieri, G. Pachet, F. Degli Esposti, M. and Roy, P. Is there a relation between the syntax and the fitness of an audio feature?. Proceedings of the International Conference on Music Information Retrieval (ISMIR), pages 321-326, Utrecht, 2010	https://www.francoispachet.fr/wp-content/uploads/2021/01/barbieri-10a.pdf		input/publications-francois-pachet/barbieri-10a.pdf	input/publications-francois-pachet/barbieri-10a.pdf	déjà présent	à examiner		
FP-120	119	Important conferences	oui	2008	Direct and Inverse Inference in Music Databases: How to Make a Song Funk?	Rabbat, P. and Pachet, F. Direct and Inverse Inference in Music Databases: How to Make a Song Funk?. Proceedings of the International Conference on Music Information Retrieval (ISMIR), pages 589-594, Philadelphia, USA, 2008	https://www.francoispachet.fr/wp-content/uploads/2021/01/rabbat-08a.pdf		input/publications-francois-pachet/rabbat-08a.pdf	input/publications-francois-pachet/rabbat-08a.pdf	déjà présent	à examiner		
FP-121	120	Important conferences	oui	2008	Hit Song Science is Not Yet a Science	Pachet, F. and Roy, P. Hit Song Science is Not Yet a Science. Proceedings of the International Conference on Music Information Retrieval (ISMIR), pages 355-360, Philadelphia, USA, 2008	https://www.francoispachet.fr/wp-content/uploads/2021/01/pachet-08c.pdf		input/publications-francois-pachet/pachet-08c.pdf	input/publications-francois-pachet/pachet-08c.pdf	déjà présent	à examiner		
FP-122	121	Important conferences	oui	2007	Improving the Classification of Percussive Sounds with Analytical Features: a Case Study	Roy, P., Pachet, F. and Krakowski, S. Improving the Classification of Percussive Sounds with Analytical Features: a Case Study. Proceedings of the International Conference on Music Information Retrieval (ISMIR), pages 229-232, Vienna, Austria, 2007	https://www.francoispachet.fr/wp-content/uploads/2021/01/roy-07c.pdf		input/publications-francois-pachet/roy-07c.pdf	input/publications-francois-pachet/roy-07c.pdf	déjà présent	à examiner		
FP-123	122	Important conferences	oui	2007	Signal + Context = Better Classification	Aucouturier, J.-J., Pachet, F., Roy, P. and Beurivé, A. Signal + Context = Better Classification. Proceedings of the International Conference on Music Information Retrieval (ISMIR), pages 425-430, Vienna, Austria, 2007	https://www.francoispachet.fr/wp-content/uploads/2021/01/aucouturier-07e.pdf		input/publications-francois-pachet/aucouturier-07e.pdf	input/publications-francois-pachet/aucouturier-07e.pdf	déjà présent	à examiner		
FP-124	123	Important conferences	oui	2006	Automatic Recognition of Urban Sound Sources	Defréville, B. Roy, P., Rosin, C. and Pachet, F. Automatic Recognition of Urban Sound Sources. Proceedings of the 120th AES Conference, Paris, France, 2006	https://www.francoispachet.fr/wp-content/uploads/2021/01/Defreville-06-Automatic_Recognition_of_Urban_Sound_Sources.pdf		input/publications-francois-pachet/Defreville-06-Automatic_Recognition_of_Urban_Sound_Sources.pdf	input/publications-francois-pachet/Defreville-06-Automatic_Recognition_of_Urban_Sound_Sources.pdf	déjà présent	à examiner		
FP-125	124	Important conferences	oui	2005	Descriptor-based spatialization	Monceaux Jérôme; Pachet, François; Amadu, Frédéric; Roy, Pierre and Zils, Aymeric. Descriptor-based spatialization. Proceedings of AES Conference 2005, Barcelona, Spain, 2005	https://www.francoispachet.fr/wp-content/uploads/2021/01/Monceau-05-Descriptor-based-spatialization.pdf		input/publications-francois-pachet/Monceau-05-Descriptor-based-spatialization.pdf	input/publications-francois-pachet/Monceau-05-Descriptor-based-spatialization.pdf	déjà présent	à examiner		
FP-126	125	Important conferences	oui	2005	Ringomatic: A Real-Time Interactive Drummer Using Constraint-Satisfaction and Drum Sound Descriptors	Aucouturier, J.-J. and Pachet, F. Ringomatic: A Real-Time Interactive Drummer Using Constraint-Satisfaction and Drum Sound Descriptors. Proceedings of the International Conference on Music Information Retrieval (ISMIR), pages 412-419, September 2005 London	https://www.francoispachet.fr/wp-content/uploads/2021/01/aucouturier-05a.pdf		input/publications-francois-pachet/aucouturier-05a.pdf	input/publications-francois-pachet/aucouturier-05a.pdf	déjà présent	à examiner		
FP-127	126	Important conferences	oui	2005	Exploiting the Tradeoff Between Precision and Cpu-time to Speed Up Nearest Neighbor Search	Roy, P., Aucouturier, J.-J., Pachet, F. and Beurive, A. Exploiting the Tradeoff Between Precision and Cpu-time to Speed Up Nearest Neighbor Search. Proceedings of the International Conference on Music Information Retrieval (ISMIR), pages 230-237, September 2005, London, UK	https://www.francoispachet.fr/wp-content/uploads/2021/01/roy-05b.pdf		input/publications-francois-pachet/roy-05b.pdf	input/publications-francois-pachet/roy-05b.pdf	déjà présent	à examiner		
FP-128	127	Important conferences	oui	2005	Automatic X traditional descriptor extraction: The case of chord recognition	Cabral, G. Pachet, F. and Briot, J.-P. Automatic X traditional descriptor extraction: The case of chord recognition. Proceedings of the International Conference on Music Information Retrieval (ISMIR), pages 444-449, London, U.K., September 2005	https://www.francoispachet.fr/wp-content/uploads/2021/01/cabral-05a.pdf		input/publications-francois-pachet/cabral-05a.pdf	input/publications-francois-pachet/cabral-05a.pdf	déjà présent	à examiner		
FP-129	128	Important conferences	oui	2004	Automatic Extraction of Music Descriptors from Acoustic Signals using EDS	Zils, A. and Pachet, F. Automatic Extraction of Music Descriptors from Acoustic Signals using EDS. Proceedings of the 116th AES Convention, Berlin, Germany, May 2004	https://www.francoispachet.fr/wp-content/uploads/2021/01/zils-04a.pdf		input/publications-francois-pachet/zils-04a.pdf	input/publications-francois-pachet/zils-04a.pdf	déjà présent	à examiner		
FP-130	129	Important conferences	oui	2004	Tools and Architecture for the Evaluation of Similarity Measures : Case Study of Timbre Similarity	Aucouturier, J.-J. and Pachet, F. Tools and Architecture for the Evaluation of Similarity Measures : Case Study of Timbre Similarity. In University Pompeu Fabra, editor, Proceedings of the International Conference on Music Information Retrieval (ISMIR), pages 198-203, Barcelona, Spain, 2004	https://www.francoispachet.fr/wp-content/uploads/2021/01/aucouturier-04c.pdf		input/publications-francois-pachet/aucouturier-04c.pdf	input/publications-francois-pachet/aucouturier-04c.pdf	déjà présent	à examiner		
FP-131	130	Important conferences	oui	2004	From Sound Sampling To Song Sampling	Aucouturier, J.-J., Pachet, F. and Hanappe, P. From Sound Sampling To Song Sampling. Proceedings of the International Conference on Music Information Retrieval (ISMIR), pages 1-8, Barcelona, Spain, 2004 University Pompeu Fabra	https://www.francoispachet.fr/wp-content/uploads/2021/01/aucouturier-04d.pdf		input/publications-francois-pachet/aucouturier-04d.pdf	input/publications-francois-pachet/aucouturier-04d.pdf	déjà présent	à examiner		
FP-132	131	Important conferences	oui	2004	Automatic Extraction of Music Descriptors from Acoustic Signals	Pachet, F. and Zils, A. Automatic Extraction of Music Descriptors from Acoustic Signals. In X. Serra, editor, Proceedings of the International Conference on Music Information Retrieval (ISMIR), pages 353-356, Barcelona, Spain, 2004 University Pompeu Fabra	https://www.francoispachet.fr/wp-content/uploads/2021/01/pachet-04k.pdf		input/publications-francois-pachet/pachet-04k.pdf	input/publications-francois-pachet/pachet-04k.pdf	déjà présent	à examiner		
FP-133	132	Important conferences	oui	2003	Music Interaction With Style. in SIGGRAPH 2003 Conference Abstracts and Application	Pachet, F. Music Interaction With Style. in SIGGRAPH 2003 Conference Abstracts and Applications, San Diego, USA, August 2003 ACM Press.	https://www.francoispachet.fr/wp-content/uploads/2021/01/pachet-03-siggraph.pdf		input/publications-francois-pachet/pachet-03-siggraph.pdf	input/publications-francois-pachet/pachet-03-siggraph.pdf	déjà présent	à examiner		
FP-134	133	Important conferences	oui	2002	The Cuidado Project	Vinet, Hugues, Herrera, Perfecto and Pachet, F. The Cuidado Project. In Ircam, editor, Proceedings of the International Conference on Music Information Retrieval (ISMIR), pages 197-203,Paris, France, October 2002 Ircam.	https://www.francoispachet.fr/wp-content/uploads/2021/01/vinet-02-The_CUIDADO_Project.pdf		input/publications-francois-pachet/vinet-02-The_CUIDADO_Project.pdf	input/publications-francois-pachet/vinet-02-The_CUIDADO_Project.pdf	déjà présent	à examiner		
FP-135	134	Important conferences	oui	2002	Music Similarity Measures: What’s the Use?	Aucouturier, Jean-Julien and Pachet, F. Music Similarity Measures: What’s the Use?. In Ircam, editor, Proceedings of the International Conference on Music Information Retrieval (ISMIR), pages 157-163, Paris, France, October 2002	https://www.francoispachet.fr/wp-content/uploads/2021/01/pachet-02g.pdf		input/publications-francois-pachet/pachet-02g.pdf	input/publications-francois-pachet/pachet-02g.pdf	déjà présent	à examiner		
FP-136	135	Important conferences	oui	2002	Scaling up Music Playlist Generation	Aucouturier, J.J. and Pachet, F. Scaling up Music Playlist Generation. Proceedings of IEEE International Conference on Multimedia and Expo (ICME), vol. 1, pages 105-108, August 2002 Lausanne, Switzerland	https://www.francoispachet.fr/wp-content/uploads/2021/01/pachet-02d.pdf		input/publications-francois-pachet/pachet-02d.pdf	input/publications-francois-pachet/pachet-02d.pdf	déjà présent	à examiner		
FP-137	136	Important conferences	oui	2002	The Continuator: Musical Interaction with Style	Pachet, François. The Continuator: Musical Interaction with Style. In ICMA, editor, Proceedings of ICMC, pages 211-218, Göteborg, Sweden, September 2002, ICMA, best paper award	https://www.francoispachet.fr/wp-content/uploads/2021/01/pachet-02f.pdf		input/publications-francois-pachet/pachet-02f.pdf	input/publications-francois-pachet/pachet-02f.pdf	déjà présent	à examiner		
FP-138	137	Important conferences	oui	2001	A Naturalist Approach to Music File Name Analysis	Pachet, F. and Laigre, D. A Naturalist Approach to Music File Name Analysis. In University of Indiana, editor, Proceedings of the International Conference on Music Information Retrieval (ISMIR), pages 51-58, Indiana, USA, 2001	https://www.francoispachet.fr/wp-content/uploads/2021/01/pachet-01a.pdf		input/publications-francois-pachet/pachet-01a.pdf	input/publications-francois-pachet/pachet-01a.pdf	déjà présent	à examiner		
FP-139	138	Important conferences	oui	2000	On-The-Fly Multi-Track Mixing	Pachet, F. and Delerue, O. On-The-Fly Multi-Track Mixing. Proceedings of AES 109th Convention, Los Angeles, USA, 2000 AES.	https://www.francoispachet.fr/wp-content/uploads/2021/01/pachet-00aa.pdf		input/publications-francois-pachet/pachet-00aa.pdf	input/publications-francois-pachet/pachet-00aa.pdf	déjà présent	à examiner		
FP-140	139	Important conferences	oui	2000	A Language for Audiovisual Template Specification and Recognition	Carrive, J., Roy, P., Pachet, F. and Ronfard, R. A Language for Audiovisual Template Specification and Recognition. In Springer Verlag LNCS, editor, Proceedings of Sixth International Conference on Principles and Practice of Constraint Programming, vol. 1894, pages 128 ff, 2000	https://www.francoispachet.fr/wp-content/uploads/2021/01/carrive-00c.pdf		input/publications-francois-pachet/carrive-00c.pdf	input/publications-francois-pachet/carrive-00c.pdf	déjà présent	à examiner		
FP-141	140	Important conferences	oui	1999	Automatic Generation of Music Programs	Pachet, F. and Roy, P. Automatic Generation of Music Programs. Proceedings of Constraint Programming Conference, CP 99, LNCS 1713/2004, pages 331-345, Washington, VA, 1999, Springer Verlag.	https://www.francoispachet.fr/wp-content/uploads/2021/01/pachet-99m.pdf		input/publications-francois-pachet/pachet-99m.pdf	input/publications-francois-pachet/pachet-99m.pdf	déjà présent	à examiner		
FP-142	141	Important conferences	oui	1998	MidiSpace: a Constraint-based Temporal Music Spatializer	Pachet, F. and Delerue, O. MidiSpace: a Constraint-based Temporal Music Spatializer. ACM Multimedia Conference, pages 351-359, Bristol, UK, 1998	https://www.francoispachet.fr/wp-content/uploads/2021/01/pachet-98d.pdf		input/publications-francois-pachet/pachet-98d.pdf	input/publications-francois-pachet/pachet-98d.pdf	déjà présent	à examiner		
FP-143	142	Important conferences	oui	1994	Rule Firing with Metarules	Pachet, F. and Perrot, J.-F. Rule Firing with Metarules. In Knowledge Systems Institute, editor, Proceedings of Software Engineering and Knowledge Engineering, SEKE 94, pages 322-329, Jurmala, Latvia, 1994	https://www.francoispachet.fr/wp-content/uploads/2021/01/pachet-94b.pdf		input/publications-francois-pachet/pachet-94b.pdf	input/publications-francois-pachet/pachet-94b.pdf	déjà présent	à examiner		
FP-144	143	Arxiv	oui	2026	Tonal Parsimony in Chord-Sequence Analysis: Combining Modulation Cost and Tonal Vocabulary	François Pachet. Tonal Parsimony in Chord-Sequence Analysis: Combining Modulation Cost and Tonal Vocabulary, arxiv:2606.03459		https://arxiv.org/abs/2606.03459	input/Tonal_Parsimony_in_Chord_Sequence_Analysis.pdf	input/Tonal_Parsimony_in_Chord_Sequence_Analysis.pdf	téléchargé	couverture_propositionnelle_complete	fort, articulation	Prise compacte, distinction avec le progrès de compression et test d'anti-compression
FP-145	144	Arxiv	oui		Régin. Balanced Exact Population Synthesis via Maximum Entropy Repair, in progress	François Pachet, J.-C. Régin. Balanced Exact Population Synthesis via Maximum Entropy Repair, in progress.					aucun lien	à examiner		
FP-146	145	Arxiv	oui		arxiv:2606.24911	François Pachet, Attractive and Repulsive Pattern Control in Sequence Generation, arxiv:2606.24911		https://arxiv.org/abs/2606.24911			lien indirect à résoudre	à examiner		
FP-147	146	Arxiv	oui		François Pachet, Indirect Access, Model-Level Substitution, and Copyright’s Work-Level Gap, in progress	François Pachet, Indirect Access, Model-Level Substitution, and Copyright’s Work-Level Gap, in progress.					aucun lien	à examiner		
FP-148	147	Arxiv	oui		arXiv:2605.07839	François Pachet, Exact Regular-Constrained Variable-Order Markov Generation via Sparse Context-State Belief Propagation, arXiv:2605.07839		https://arxiv.org/abs/2605.07839			lien indirect à résoudre	à examiner		
FP-149	148	Arxiv	oui	2026	Hidden Biases in Conditioning Autoregressive Models	François Pachet, Pierre Roy, Hidden Biases in Conditioning Autoregressive Models, arXiv:2604.07855, 2026		https://arxiv.org/abs/2604.07855		input/Hidden_Biases_in_Conditioning_Autoregressive_Models.pdf	input/Hidden_Biases_in_Conditioning_Autoregressive_Models.pdf	déjà présent	couverture_propositionnelle_complete	fort, scientifique	Version longue soumise à NeurIPS ; distinction cible conditionnelle/procédure effective, difficulté et perte de support
FP-150	149	Arxiv	oui	2026	arXiv:2603.22558	François Pachet, Jean-Daniel Zucker, Maximum Entropy Relaxation of Multi-Way Cardinality Constraints for Synthetic Population Generation, arXiv:2603.22558, 2026		https://arxiv.org/abs/2603.22558			lien indirect à résoudre	à examiner		
FP-151	150	Arxiv	oui	2022	arXiv:2206.03224	S Colton, MT Llano, R Hepworth, J Charnley, CV Gale, A Baron, F Pachet, P Roy, P Gervás, etc. (2022) The beyond the fence musical and computer says show documentary, arXiv:2206.03224		https://arxiv.org/abs/2206.03224			lien indirect à résoudre	à examiner		
FP-152	151	Arxiv	oui	2006	arXiv:2006.09232	FrançoisPachet, Pierre Roy, Benoit Carré, Assisted music creation with Flow Machines: towards new categories of new, arXiv:2006.09232		https://arxiv.org/abs/2006.09232			lien indirect à résoudre	à examiner		
FP-153	152	Arxiv	oui	1903	arXiv:1903.08459	Pierre Roy, François Pachet, Smart Edition of MIDI Files, arXiv:1903.08459		https://arxiv.org/abs/1903.08459			lien indirect à résoudre	à examiner		
FP-154	153	Arxiv	oui	1903	arXiv:1903.06008	Nicola Montecchio, Pierre Roy, François Pachet, The Skipping Behavior of Users of Music Streaming Services and its Relation to Musical Structure, arXiv:1903.06008.		https://arxiv.org/abs/1903.06008			lien indirect à résoudre	à examiner		
FP-155	154	Arxiv	oui		arXiv:1712.04371	Jean-Pierre Briot, François Pachet, Music Generation by Deep Learning – Challenges and Directions, arXiv:1712.04371		https://arxiv.org/abs/1712.04371			lien indirect à résoudre	à examiner		
FP-156	155	Arxiv	oui		arXiv:1711.10436	Stephane Rivaud, François Pachet, Sampling Markov Models under Constraints: Complexity Results for Binary Equalities and Grammar Membership, arXiv:1711.10436		https://arxiv.org/abs/1711.10436			lien indirect à résoudre	à examiner		
FP-157	156	Arxiv	oui		arXiv:1709.01620	Jean-Pierre Briot, Gaëtan Hadjeres, François Pachet, Deep Learning Techniques for Music Generation, a Survey, arXiv:1709.01620.		https://arxiv.org/abs/1709.01620			lien indirect à résoudre	à examiner		
FP-158	157	Arxiv	oui		arXiv:1707.04588	Gaëtan Hadjeres, Frank Nielsen, François Pachet, Geodesic Latent Space Regularization for Variational AutoEncoder Architectures, arXiv:1707.04588		https://arxiv.org/abs/1707.04588			lien indirect à résoudre	à examiner		
FP-159	158	Arxiv	oui	2017	arXiv:1703.00760	Roy, P., Papadopoulos, A. and Pachet, F. Sampling Variations of Lead Sheets. arXiv:1703.00760, March 2017, 16 pages, 11 figures.		https://arxiv.org/abs/1703.00760			lien indirect à résoudre	à examiner		
FP-160	159	Arxiv	oui	2016	arXiv:1612.01010	Hadjeres, G and Pachet, F. DeepBach: a Steerable Model for Bach chorales generation. arXiv:1612.01010, December 2016		https://arxiv.org/abs/1612.01010			lien indirect à résoudre	à examiner		
FP-161	160	Arxiv	oui	2016	arXiv:1611.06505	Gorlow, S., Ramona, M. and Pachet F. Decision-Based Transcription of Jazz Guitar Solos Using a Harmonic Bident Analysis Filter Bank & Spectral Distribution Weighting. arXiv:1611.06505, November 2016		https://arxiv.org/abs/1611.06505			lien indirect à résoudre	à examiner		
FP-162	161	Arxiv	oui	2016	arXiv:1611.08905	Gorlow, S., Ramona, M. and Pachet F. SISO and SIMO Accompaniment Cancellation for Live Solo Recordings Based on Short-Time ERB-Band Wiener Filtering & Spectral Subtraction. arXiv:1611.08905, November 2016		https://arxiv.org/abs/1611.08905			lien indirect à résoudre	à examiner		
FP-163	162	Arxiv	oui	2016	https://arxiv.org/abs/1610.03414	Sakellariou, J., Tria, F., Loreto, V. and Pachet, F. Maximum entropy models capture melodic styles. arXiv:1610.03414, October 2016 https://arxiv.org/abs/1610.03414		https://arxiv.org/abs/1610.03414			lien indirect à résoudre	à examiner		
FP-164	163	Arxiv	oui	2016	arXiv:1610.03606	Moulieras, S. and Pachet, F. Maximum entropy models for generation of expressive music. arXiv:1610.03606, October 2016		https://arxiv.org/abs/1610.03606			lien indirect à résoudre	à examiner		
FP-165	164	Arxiv	oui	2016	arXiv:1609.05152	Hadjeres, G., Sakellariou, J. and Pachet F. Style Imitation and Chord Invention in Polyphonic Music with Exponential Families. arXiv:1609.05152, September 2016		https://arxiv.org/abs/1609.05152			lien indirect à résoudre	à examiner		
FP-166	165	Other	oui	2026	Musique et intelligence artificielle: quel est le problème ? Cahiers de sémiotique des cultures. 2026 – 1. n° 5. IA et culture, F. Rastier, ed., Classiques Garnier, 2026	Pachet, F. Musique et intelligence artificielle: quel est le problème ? Cahiers de sémiotique des cultures. 2026 – 1. n° 5. IA et culture, F. Rastier, ed., Classiques Garnier, 2026					aucun lien	à examiner		
FP-167	166	Other	oui	2024	Why is music declining? Early production is the root of all evils	Pachet, F. Why is music declining? Early production is the root of all evils, Texto! Revue électronique sous la direction de Francois Rastier. Publiée par l’Institut Ferdinand de Saussure . Programme Sémantique des textes, XXIX, N° 3-4, Novembre 2024.		http://www.revue-texto.net/index.php?id=5016 | mailto:#			lien indirect à résoudre	à examiner		
FP-168	167	Other	oui	2024	Four figures of the Parisian AI research and 4 questions to ask them	Pachet, F. Perrot, J.-F. (2024) Four figures of the Parisian AI research and 4 questions to ask them. Workshop on the History of AI in Europe (WHAI), ECAI, Santiago de Compostella, Spain.	https://www.francoispachet.fr/wp-content/uploads/2024/08/WHAI_Pachet_Perrot.pdf	https://whai2024.github.io/	input/publications-francois-pachet/WHAI_Pachet_Perrot.pdf	input/publications-francois-pachet/WHAI_Pachet_Perrot.pdf	déjà présent	à examiner		
FP-169	168	Other	oui	2019	Comment on “Assisted lead sheet composition using FlowComposer”	Pachet, F. Papadopoulos, A. Roy, P. (2019) Comment on “Assisted lead sheet composition using FlowComposer”. 25th anniversary of the CP Conference.	https://freuder.files.wordpress.com/2019/10/2016-flowcomposer.pdf	https://freuder.wordpress.com/cp-anniversary-project/	input/publications-francois-pachet/2016-flowcomposer.pdf	input/publications-francois-pachet/2016-flowcomposer.pdf	déjà présent	à examiner		
FP-170	169	Other	oui	2017	Rethinking Reflexive Looper for structured pop music	Marchini, M., Pachet, F. and Carré, B. Rethinking Reflexive Looper for structured pop music. The International Conference on New Interfaces for Musical Expression, 2017	https://www.francoispachet.fr/wp-content/uploads/2021/01/marchini-17nime.pdf		input/publications-francois-pachet/marchini-17nime.pdf	input/publications-francois-pachet/marchini-17nime.pdf	déjà présent	à examiner		
FP-171	170	Other	oui	2016	Sampling Markov Models under Binary Equality Constraints is Hard	Rivaud, S., Pachet, F. and Roy, P. Sampling Markov Models under Binary Equality Constraints is Hard. Journées Francophones sur les Réseaux Bayésiens et les Modèles Graphiques Probabilistes, Clermont-Ferrand, France, June 2016	https://www.francoispachet.fr/wp-content/uploads/2021/01/rivaud-16a.pdf		input/publications-francois-pachet/rivaud-16a.pdf	input/publications-francois-pachet/rivaud-16a.pdf	déjà présent	à examiner		
FP-172	171	Other	oui	2016	The Beyond The Fence Musical and Computer Says Show Documentary	Colton, S., Llano, M. T., Hepworth, R., Charnley, J., Gale, C. V., Baron, A., Pachet, F., Roy, P., Gervas, P., Collins, N., Sturm, B., Weyde, T., Wolff, D. and Lloyd, J. The Beyond The Fence Musical and Computer Says Show Documentary. 7th International Conference on Computational Creativity (ICCC 2016), Paris (France), June 2016	https://www.francoispachet.fr/wp-content/uploads/2021/01/colton-16.pdf		input/publications-francois-pachet/colton-16.pdf	input/publications-francois-pachet/colton-16.pdf	déjà présent	à examiner		
FP-173	172	Other	oui	2015	LeadsheetJS: A Javascript Library for Online Lead Sheet Editing	Martín, D., Neullas, T. and Pachet, F. LeadsheetJS: A Javascript Library for Online Lead Sheet Editing. 1st International Conference on Technologies for Music Notation and Representation (TENOR 2015), Paris (France), May 2015	https://www.francoispachet.fr/wp-content/uploads/2021/01/dani-15a.pdf		input/publications-francois-pachet/dani-15a.pdf	input/publications-francois-pachet/dani-15a.pdf	déjà présent	à examiner		
FP-174	173	Other	oui	2015	Improving music composition through peer feedback: experiment and preliminary results	Martín, D., Frantz, B. and Pachet, F. Improving music composition through peer feedback: experiment and preliminary results. Workshop AI and Feedback, 24th International Joint Conference on Artificial Intelligence (IJCAI 2015), Buenos Aires, Argentina, July 2015	https://www.francoispachet.fr/wp-content/uploads/2021/01/dani-15b.pdf		input/publications-francois-pachet/dani-15b.pdf	input/publications-francois-pachet/dani-15b.pdf	déjà présent	à examiner		
FP-175	174	Other	oui	2015	The Comic Strip Game: observing the impact of implicit feedback in the content creation process	Ghedini, F., Frantz, B., Pachet, F. and Roy, P. The Comic Strip Game: observing the impact of implicit feedback in the content creation process. Workshop AI and Feedback, 24th International Joint Conference on Artificial Intelligence (IJCAI 2015), Buenos Aires (Argentina), July 2015	https://www.francoispachet.fr/wp-content/uploads/2021/01/ghedini-15a.pdf		input/publications-francois-pachet/ghedini-15a.pdf	input/publications-francois-pachet/ghedini-15a.pdf	déjà présent	à examiner		
FP-176	175	Other	oui	2015	(Manufac) Turing Tests for Music	Pachet, F. and Roy, P. (Manufac) Turing Tests for Music. Proceedings of the 29th Conference on Artificial Intelligence (AAAI 2015), Workshop on “Beyond the Turing Test, Austin, Texas (USA),January 2015	https://www.francoispachet.fr/wp-content/uploads/2021/01/pachet-15c.pdf		input/publications-francois-pachet/pachet-15c.pdf	input/publications-francois-pachet/pachet-15c.pdf	déjà présent	à examiner		
FP-177	176	Other	oui	2015	Maximum Entropy Model for Melodic Patterns	Sakellariou, J., Tria, F., Loreto, V. and Pachet, F. Maximum Entropy Model for Melodic Patterns. ICML Workshop on Constructive Machine Learning, Paris (France), July 2015	https://www.francoispachet.fr/wp-content/uploads/2021/01/sakellariou-15a.pdf		input/publications-francois-pachet/sakellariou-15a.pdf	input/publications-francois-pachet/sakellariou-15a.pdf	déjà présent	à examiner		
FP-178	177	Other	oui	2015	Capturing a Musician’s Groove: Generation of Realistic Accompaniments from Single Song Recordings	Ramona, M., Cabral, G. and Pachet, F. Capturing a Musician’s Groove: Generation of Realistic Accompaniments from Single Song Recordings. 24th International Joint Conference on Artificial Intelligence (IJCAI 2015), pages 4140-4142, Buenos Aires (Argentina), July 2015	https://www.francoispachet.fr/wp-content/uploads/2021/01/ramona-15b.pdf		input/publications-francois-pachet/ramona-15b.pdf	input/publications-francois-pachet/ramona-15b.pdf	déjà présent	à examiner		
FP-179	178	Other	oui	2015	Max Order: A Tale of Creativity	Ghedini, F., Pachet, F. and Roy, P. Max Order: A Tale of Creativity. 24th International Joint Conference on Artificial Intelligence (IJCAI 2015), pages 4136-4137, Buenos Aires (Argentina), July 2015	https://www.francoispachet.fr/wp-content/uploads/2021/01/ghedini-15c.pdf		input/publications-francois-pachet/ghedini-15c.pdf	input/publications-francois-pachet/ghedini-15c.pdf	déjà présent	à examiner		
FP-180	179	Other	oui	2015	Flow­Machines: CP techniques to model style in music and text	Pachet, F. Flow­Machines: CP techniques to model style in music and text. Association for Constraint Programming, CP Success Stories, September 2015		http://www.a4cp.org/node/1066			lien indirect à résoudre	à examiner		
FP-181	180	Other	oui	2014	Non-Conformant Harmonization: the Real Book in the Style of Take 6	Pachet, F. and Roy, P. Non-Conformant Harmonization: the Real Book in the Style of Take 6. 5th International Conference on Computational Creativity (ICCC 2014), pages 100-107, Ljubljiana (Slovenia), June 2014	https://www.francoispachet.fr/wp-content/uploads/2021/01/pachet-14a.pdf		input/publications-francois-pachet/pachet-14a.pdf	input/publications-francois-pachet/pachet-14a.pdf	déjà présent	à examiner		
FP-182	181	Other	oui	2014	Automatic Classification of Guitar Playing Modes	Foulon, R., Roy, P. and Pachet, F. Automatic Classification of Guitar Playing Modes. CMMR 2013, Marseille, France, October 15-18, 2013. Revised Selected Papers. In Aramaki, Mitsuko and Derrien, Olivie and Kronland-Martinet, Richard and Ystad, Sølvi, editor, pages 58-71, Springer International Publishing. Cham, 2014	https://www.francoispachet.fr/wp-content/uploads/2021/01/foulon2013classification.pdf		input/publications-francois-pachet/foulon2013classification.pdf	input/publications-francois-pachet/foulon2013classification.pdf	déjà présent	à examiner		
FP-183	182	Other	oui	2013	MIROR IMPRO and COMPO Software: the User Guide	Khatchatourov, A. and Pachet, F. MIROR IMPRO and COMPO Software: the User Guide. Sony Computer Science Laboratory Paris, Paris (France), July 2013	https://www.francoispachet.fr/wp-content/uploads/2021/01/khatchatourov-13b.pdf		input/publications-francois-pachet/khatchatourov-13b.pdf	input/publications-francois-pachet/khatchatourov-13b.pdf	déjà présent	à examiner		
FP-184	183	Other	oui	2013	The JGuido Library: Java API	Fober, D. and Pachet, F. The JGuido Library: Java API. Sony Computer Science Laboratory Paris, Paris (France), July 2013	https://www.francoispachet.fr/wp-content/uploads/2021/01/fober-13b.pdf		input/publications-francois-pachet/fober-13b.pdf	input/publications-francois-pachet/fober-13b.pdf	déjà présent	à examiner		
FP-185	184	Other	oui	2013	The JGuido Library: Real-Time Score Notation from Raw MIDI Inputs	Fober, D., Kilian, J.F. and Pachet, F. The JGuido Library: Real-Time Score Notation from Raw MIDI Inputs. Sony Computer Science Laboratory Paris, Paris (France), July 2013	https://www.francoispachet.fr/wp-content/uploads/2021/01/fober-13a.pdf		input/publications-francois-pachet/fober-13a.pdf	input/publications-francois-pachet/fober-13a.pdf	déjà présent	à examiner		
FP-186	185	Other	oui	2013	Creativity through Style Manipulation: the Flow Machines project	Pachet, F., Roy, P. and Ghedini, F. Creativity through Style Manipulation: the Flow Machines project. Marconi Institute for Creativity Conference (MIC 2013), vol. 80, Bologna (Italy), September 2013	https://www.francoispachet.fr/wp-content/uploads/2021/01/pachet-13b.pdf		input/publications-francois-pachet/pachet-13b.pdf	input/publications-francois-pachet/pachet-13b.pdf	déjà présent	à examiner		
FP-187	186	Other	oui	2012	Créativité individuelle et style	Pachet, F. Créativité individuelle et style : Le projet Flow-Machines. Bulletin de l’AFIA N. 78, pages 40-43, October 2012	https://www.francoispachet.fr/wp-content/uploads/2021/01/pachet-12a.pdf		input/publications-francois-pachet/pachet-12a.pdf	input/publications-francois-pachet/pachet-12a.pdf	déjà présent	à examiner		
FP-188	187	Other	oui	2012	bulletin de l’AFIA	Eunika Mercier-Laurent et François Pachet, Dossier Créativité et Innovation, bulletin de l’AFIA numéro 78, 2012	http://afia.asso.fr/wp-content/uploads/2016/10/AFIA78.pdf		input/publications-francois-pachet/AFIA78.pdf	input/publications-francois-pachet/AFIA78.pdf	déjà présent	à examiner		
FP-189	188	Other	oui	2009	Stimulating creative flow through computational feedback	Jones, D, Bown, O., McCormack, J., Pachet, F., Young, M., Berry, R., Asaf, I. and Porter, B. Stimulating creative flow through computational feedback. In Margaret Boden and Mark d’Inverno and Jon McCormack, editor, Computational Creativity: An Interdisciplinary Approach, Dagstuhl Seminar Proceedings (no. 09291), 2009 Schloss Dagstuhl – Leibniz-Zentrum fuer Informatik, Germany.	https://www.francoispachet.fr/wp-content/uploads/2021/01/jones-09a.pdf		input/publications-francois-pachet/jones-09a.pdf	input/publications-francois-pachet/jones-09a.pdf	déjà présent	à examiner		
FP-190	189	Other	oui	2009	Pandeiro Funk: Experiments on Rhythm-Based Interaction	Krakowski, S. Velho, S. and Pachet, F. Pandeiro Funk: Experiments on Rhythm-Based Interaction. Poster at SIGGRAPH 2009 Conference Abstract and Applications, August 2009	https://www.francoispachet.fr/wp-content/uploads/2021/01/krakowski-09a.pdf		input/publications-francois-pachet/krakowski-09a.pdf	input/publications-francois-pachet/krakowski-09a.pdf	déjà présent	à examiner		
FP-191	190	Other	oui	2008	Teaching to Improvise with the Continuator	Benghi, D., Addessi, A.-R. and Pachet, F. Teaching to Improvise with the Continuator. Proceedings of the 28th International Society for Music Education World Conference, Bologna, Italy, 2008	https://www.francoispachet.fr/wp-content/uploads/2021/01/benghi-08a.pdf		input/publications-francois-pachet/benghi-08a.pdf	input/publications-francois-pachet/benghi-08a.pdf	déjà présent	à examiner		
FP-192	191	Other	oui	2008	Different Acoustic Analysis Methods Yield Different Results	Al Aïn, S., Giret, N., Roy, P., Pachet, F., Kreutzer, M. and Bovet, D. Different Acoustic Analysis Methods Yield Different Results. Vocal communication in birds and Mammals, St Andrews, Scotland, July 2008	https://www.francoispachet.fr/wp-content/uploads/2021/01/alain-08a.pdf		input/publications-francois-pachet/alain-08a.pdf	input/publications-francois-pachet/alain-08a.pdf	déjà présent	à examiner		
FP-193	192	Other	oui	2008	Musical style again: A mathematical analysis of musical intertext	Addessi, A.R. Degli Esposti, M. Pachet, F. Musical style again: A mathematical analysis of musical intertext, in: CIM08. 4th Conference on Interdisciplinary Musicology. Musical Structure, Thessaloniki, Department of Music Studies, Aristotle University, 2008 (atti di: CIM08- 4th Conference on Interdisciplinary Musicology. Musical Structure, Thessaloniki, 2-6 luglio 2008)	https://www.francoispachet.fr/wp-content/uploads/2021/01/Addessi-Degli-Esposti-abstractCIM08.pdf		input/publications-francois-pachet/Addessi-Degli-Esposti-abstractCIM08.pdf	input/publications-francois-pachet/Addessi-Degli-Esposti-abstractCIM08.pdf	déjà présent	à examiner		
FP-194	193	Other	oui	2007	Exploring billions of audio features	Pachet, F. and Roy, P. Exploring billions of audio features. In Eurasip, editor, Proceedings of CBMI 07, pages 227-235, Bordeaux, France, 2007	https://www.francoispachet.fr/wp-content/uploads/2021/01/pachet-07a.pdf		input/publications-francois-pachet/pachet-07a.pdf	input/publications-francois-pachet/pachet-07a.pdf	déjà présent	à examiner		
FP-195	194	Other	oui	2007	EarToy: Interactions ludiques par l’audition	Viaud-Delmon, I., Bresson, J., Pachet, F., Bevilacqua, F., Roy, P., Pachet, F. EarToy: Interactions ludiques par l’audition. Actes des Jim 07, Lyon, France, 2007	https://www.francoispachet.fr/wp-content/uploads/2021/01/viaud-delmon-07a.pdf		input/publications-francois-pachet/viaud-delmon-07a.pdf	input/publications-francois-pachet/viaud-delmon-07a.pdf	déjà présent	à examiner		
FP-196	195	Other	oui	2007	De l’intérêt des features analytiques : une étude pour la classification des sons de pandeiro	Roy, P., Pachet, F., Krakowski, S. De l’intérêt des features analytiques : une étude pour la classification des sons de pandeiro. Actes des Jim 07, Lyon, France, 2007	https://www.francoispachet.fr/wp-content/uploads/2021/01/roy-07a.pdf		input/publications-francois-pachet/roy-07a.pdf	input/publications-francois-pachet/roy-07a.pdf	déjà présent	à examiner		
FP-197	196	Other	oui	2007	Analytical Features for the Classification of Percussive Sounds: The Case of the Pandeiro	Roy, P., Pachet, F. and Krakowski, S. Analytical Features for the Classification of Percussive Sounds: The Case of the Pandeiro. Proceedings of DaFx 07, pp. 213-220, Bordeaux, France, 2007	https://www.francoispachet.fr/wp-content/uploads/2021/01/roy-07b.pdf		input/publications-francois-pachet/roy-07b.pdf	input/publications-francois-pachet/roy-07b.pdf	déjà présent	à examiner		
FP-198	197	Other	oui	2007	Some Case Studies in Automatic Descriptor Extraction	Cabral, G., Briot, J.-P., Krakowski, S., Velho, L., Pachet, F. and Roy, P. Some Case Studies in Automatic Descriptor Extraction. Proceedings of SBCM 2007, Sao Paulo, Brazil, 2007	https://www.francoispachet.fr/wp-content/uploads/2021/01/cabral-07a.pdf		input/publications-francois-pachet/cabral-07a.pdf	input/publications-francois-pachet/cabral-07a.pdf	déjà présent	à examiner		
FP-199	198	Other	oui	2007	Sistemas musicais interativos-reflexivos para a educação musical	Addessi, A.-R. and Pachet, F Sistemas musicais interativos-reflexivos para a educação musical. Cognition and Musical Arts, 2(1):62-72, 2007	https://www.francoispachet.fr/wp-content/uploads/2021/01/addessi-07b.pdf		input/publications-francois-pachet/addessi-07b.pdf	input/publications-francois-pachet/addessi-07b.pdf	déjà présent	à examiner		
FP-200	199	Other	oui	2006	Touched by Musical Discovery. Disciplinary and Cultural Perspectives	Addessi, A.-R., Ferrari, L., Pachet, F. Touched by Musical Discovery. Disciplinary and Cultural Perspectives. In Fröhlich, C., editor, Proceedings of ECME (Int. Seminar of Early Childhood Music Education), Taipei, Taiwan, 2006	https://www.francoispachet.fr/wp-content/uploads/2021/01/addessi-06a.pdf		input/publications-francois-pachet/addessi-06a.pdf	input/publications-francois-pachet/addessi-06a.pdf	déjà présent	à examiner		
FP-201	200	Other	oui	2006	Interactions réflexives: du “C’est marrant aux machines à Flow”	Pachet, F. Interactions réflexives: du “C’est marrant aux machines à Flow”. In Orlarey, Y., editor, Actes des rencontres musicales pluridiscipinaires, Lyon, France, 2006 Grame	https://www.francoispachet.fr/wp-content/uploads/2021/01/pachet-06a.pdf		input/publications-francois-pachet/pachet-06a.pdf	input/publications-francois-pachet/pachet-06a.pdf	déjà présent	à examiner		
FP-202	201	Other	oui	2006	New technologies for new music education: The Continuator in a classroom setting	Ferrari, L. Addessi, A.-R. and Pachet F. New technologies for new music education: The Continuator in a classroom setting. In Baroni et al., editor, Proceedings of ICMPC 06, Bologna, Italy, 2006	https://www.francoispachet.fr/wp-content/uploads/2021/01/ferrari-06a.pdf		input/publications-francois-pachet/ferrari-06a.pdf	input/publications-francois-pachet/ferrari-06a.pdf	déjà présent	à examiner		
FP-203	202	Other	oui	2006	Incremental Parsing for Real-Time Accompaniment Systems	Cabral, G. Briot, J.-P., Pachet, F. Incremental Parsing for Real-Time Accompaniment Systems. The 19th International FLAIRS Conference, Special Track: Artificial Intelligence in Music and Art, Melbourne Beach, USA, 2006	https://www.francoispachet.fr/wp-content/uploads/2021/01/cabral-06a.pdf		input/publications-francois-pachet/cabral-06a.pdf	input/publications-francois-pachet/cabral-06a.pdf	déjà présent	à examiner		
FP-204	203	Other	oui	2006	Without touch, without seeing. Children playing with a virtual musician	Addessi, A.-R., Ferrari, L. and Pachet, F. Without touch, without seeing. Children playing with a virtual musician. In C. Fröhlich, editor, Proceedings of ECME, International Seminar of Early Childhood Music Education, Taipei, Taiwan, July 2006	https://www.francoispachet.fr/wp-content/uploads/2021/01/addessi-06b.pdf		input/publications-francois-pachet/addessi-06b.pdf	input/publications-francois-pachet/addessi-06b.pdf	déjà présent	à examiner		
FP-205	204	Other	oui	2006	Young children musical experience with a flow machine	Addessi, A.-R., Ferrari, L., Carlotti, S., Pachet, F. Young children musical experience with a flow machine. In Baroni et al., editor, Proceedings of the 9th International Conference of Music Perception and Cognition, Bologna, Italy, 2006 Bologna University Press.	https://www.francoispachet.fr/wp-content/uploads/2021/01/addessi-06c.pdf		input/publications-francois-pachet/addessi-06c.pdf	input/publications-francois-pachet/addessi-06c.pdf	déjà présent	à examiner		
FP-206	205	Other	oui	2005	Recognizing chords with EDS: Part one	Giordano Cabral, François Pachet, and Jean-Pierre Briot. Recognizing chords with EDS: Part one. In R. Kronland-Martinet et al., editor, Proceedings of the 6th Computer Music Modeling and Retrieval (CMMR’2005), Lecture Notes in Computer Science (vol. 3902), pages 185-195, Pisa, Italy, September 2005, Springer.	https://www.francoispachet.fr/wp-content/uploads/2021/01/cabral-05b.pdf		input/publications-francois-pachet/cabral-05b.pdf	input/publications-francois-pachet/cabral-05b.pdf	déjà présent	à examiner		
FP-207	206	Other	oui	2005	Impact of distance in pitch class profile computation	Cabral, G. Briot, J.-P., Pachet, F. Impact of distance in pitch class profile computation. Proceedings of the 10th Brazilian Symposium on Computer Music (SBCM’2005), Belo Horizonte, Brazil, 2005	https://www.francoispachet.fr/wp-content/uploads/2021/01/cabral-05c.pdf		input/publications-francois-pachet/cabral-05c.pdf	input/publications-francois-pachet/cabral-05c.pdf	déjà présent	à examiner		
FP-208	207	Other	oui	2005	Parsing incremental para acompanhamento em tempo real	Cabral, G. Briot, J.-P., and Pachet, F. Parsing incremental para acompanhamento em tempo real. Proceedings of the 10th Brazilian Symposium on Computer Music (SBCM’2005), Belo Horizonte, Brazil, 2005	https://www.francoispachet.fr/wp-content/uploads/2021/01/cabral-05d.pdf		input/publications-francois-pachet/cabral-05d.pdf	input/publications-francois-pachet/cabral-05d.pdf	déjà présent	à examiner		
FP-209	208	Other	oui	2005	Experiment with a musical machine	Addessi, A.-R. and Pachet, F. Experiment with a musical machine. Proceedings of the Music Educators and Researchers of Young Children (MERYC) Conference, Exeter, UK, April 2005	https://www.francoispachet.fr/wp-content/uploads/2021/01/addessi-05b.pdf		input/publications-francois-pachet/addessi-05b.pdf	input/publications-francois-pachet/addessi-05b.pdf	déjà présent	à examiner		
FP-210	209	Other	oui	2004	Children Confronting an Interactive Musical System	Addessi, A.-R., Pachet, F. Caterina, R. Children Confronting an Interactive Musical System. In S. Lipscomb, editor, Proceedings of ICMPC 04, Evanston, USA, August 2004	https://www.francoispachet.fr/wp-content/uploads/2021/01/pachet-04a.pdf		input/publications-francois-pachet/pachet-04a.pdf	input/publications-francois-pachet/pachet-04a.pdf	déjà présent	à examiner		
FP-211	210	Other	oui	2004	Children’s interaction with a Musical Machine	Addessi, A.-R., Pachet, F. Children’s interaction with a Musical Machine. Proceedings of UCM (Understanding and Creating Music) 04, 2004 Seconda Universita di Napoli	https://www.francoispachet.fr/wp-content/uploads/2021/01/pachet-04b.pdf		input/publications-francois-pachet/pachet-04b.pdf	input/publications-francois-pachet/pachet-04b.pdf	déjà présent	à examiner		
FP-212	211	Other	oui	2004	Child Computer Interaction: Observations in Classroom Setting	Addessi, A.-R., Pachet, F. Child Computer Interaction: Observations in Classroom Setting. In Parncutt, R., editor, Proceedings of Conference on Interdisciplinary Musicology (CIM 2004), Graz, Austria, April 2004	https://www.francoispachet.fr/wp-content/uploads/2021/01/pachet-04c.pdf		input/publications-francois-pachet/pachet-04c.pdf	input/publications-francois-pachet/pachet-04c.pdf	déjà présent	à examiner		
FP-213	212	Other	oui	2004	The HiFi of the Future: Toward new modes of Music-ing	Pachet, F. The HiFi of the Future: Toward new modes of Music-ing. In Perrot, X., editor, Proceedings of ICHIM 04, Berlin, Germany, 2004	https://www.francoispachet.fr/wp-content/uploads/2021/01/pachet-04i.pdf		input/publications-francois-pachet/pachet-04i.pdf	input/publications-francois-pachet/pachet-04i.pdf	déjà présent	à examiner		
FP-214	213	Other	oui	2004	Suonare con il Continuator è un ésperienza ottimale ?	Ferrari, L. Carlotti, S. Addessi, A.-R. and Pachet, F. Suonare con il Continuator è un ésperienza ottimale ?. In M. Biasutti, editor, Proceedings of International Symposium on Psychology and Music Education, Padova, Italy, November 2004	https://www.francoispachet.fr/wp-content/uploads/2021/01/ferrari-04a.pdf		input/publications-francois-pachet/ferrari-04a.pdf	input/publications-francois-pachet/ferrari-04a.pdf	déjà présent	à examiner		
FP-215	214	Other	oui	2003	Evolving Automatically High-Level Music Descriptors From Acoustic Signals	Pachet, F. and Zils, A. Evolving Automatically High-Level Music Descriptors From Acoustic Signals. Springer Verlag LNCS, 2771:42-53, 2003	https://www.francoispachet.fr/wp-content/uploads/2021/01/pachet-03c.pdf		input/publications-francois-pachet/pachet-03c.pdf	input/publications-francois-pachet/pachet-03c.pdf	déjà présent	à examiner		
FP-216	215	Other	oui	2003	Extracting Automatically the Perceived Intensity of Music Titles	Zils, A. & Pachet, F. Extracting Automatically the Perceived Intensity of Music Titles. Proceedings of the 6th COST-G6 Conference on Digital Audio Effects (DAFX03), pages 180-183,London, U.K., September 2003 Queen Mary University	https://www.francoispachet.fr/wp-content/uploads/2021/01/zils-03a.pdf		input/publications-francois-pachet/zils-03a.pdf	input/publications-francois-pachet/zils-03a.pdf	déjà présent	à examiner		
FP-217	216	Other	oui	2003	The Cuidado Music Browser: an end-to-end electronic music distribution system	Pachet, F. Laburthe, A., Aucouturier, J.-J. The Cuidado Music Browser: an end-to-end electronic music distribution system. In INRIA, editor, Proceedings of CBMI 03, pages 27-34, Rennes, France, 2003 IRISA.	https://www.francoispachet.fr/wp-content/uploads/2021/01/pachet-03i-1.pdf		input/publications-francois-pachet/pachet-03i-1.pdf	input/publications-francois-pachet/pachet-03i-1.pdf	déjà présent	à examiner		
FP-218	217	Other	oui	2003	Editorial Metadata in the Cuidado Music Browser: Between Universalism and Autism	La Burthe, A., Pachet, F. and Aucouturier, J.-J. Editorial Metadata in the Cuidado Music Browser: Between Universalism and Autism. In Kia Ng. et al., editor, Proceedings of the WedelMusic 2003 Conference, pages 130-137, Leeds, U.K., September 2003	https://www.francoispachet.fr/wp-content/uploads/2021/01/pachet-03e.pdf		input/publications-francois-pachet/pachet-03e.pdf	input/publications-francois-pachet/pachet-03e.pdf	déjà présent	à examiner		
FP-219	218	Other	oui	2002	Automatic Extraction of Drum Tracks from Polyphonic Music Signals	Zils A., Pachet F., Delerue O., Gouyon F. Automatic Extraction of Drum Tracks from Polyphonic Music Signals. Proceedings of WedelMusic, Darmstadt, Germany, December 2002	https://www.francoispachet.fr/wp-content/uploads/2021/01/zils-02.pdf		input/publications-francois-pachet/zils-02.pdf	input/publications-francois-pachet/zils-02.pdf	déjà présent	à examiner		
FP-220	219	Other	oui	2002	Interacting with a musical learning system: the continuator	Pachet, F. Interacting with a musical learning system: the continuator. In C. Anagnostopoulou, M. Ferrand, A. Smaill, editor, Music and Artificial Intelligence, Lecture Notes in Artificial Intelligence (vol. 2445), pages 119-132, Springer Verlag. September 2002	https://www.francoispachet.fr/wp-content/uploads/2021/01/pachet-02-icmai-final.pdf		input/publications-francois-pachet/pachet-02-icmai-final.pdf	input/publications-francois-pachet/pachet-02-icmai-final.pdf	déjà présent	à examiner		
FP-221	220	Other	oui	2002	The Cuidado Project: New Applications Based on Audio and Music Content Description	Vinet, Hugues, Herrera, Perfecto, Pachet, F. The Cuidado Project: New Applications Based on Audio and Music Content Description. In ICMA, editor, Proceedings of ICMC, pages 450-454, Göteborg, Sweden, September 2002 ICMA.	https://www.francoispachet.fr/wp-content/uploads/2021/01/vinet-02b.pdf		input/publications-francois-pachet/vinet-02b.pdf	input/publications-francois-pachet/vinet-02b.pdf	déjà présent	à examiner		
FP-222	221	Other	oui	2002	Finding songs that sound the same	Aucouturier, J.-J. and Pachet, F. Finding songs that sound the same. Proceedings of IEEE Benelux Workshop on Model based Processing and Coding of Audio, November 2002, University of Leuven, Belgium, Invited Talk	https://www.francoispachet.fr/wp-content/uploads/2021/01/aucouturier-02c.pdf		input/publications-francois-pachet/aucouturier-02c.pdf	input/publications-francois-pachet/aucouturier-02c.pdf	déjà présent	à examiner		
FP-223	222	Other	oui	2001	Musical Mosaicing	Zils, A. and Pachet, F. Musical Mosaicing. Proceedings of the COST G-6 Conference on Digital Audio Effects (DaFx), pages 39-44, Limerick, U.K., December 2001, University of Limerick	https://www.francoispachet.fr/wp-content/uploads/2021/01/zils-01a.pdf		input/publications-francois-pachet/zils-01a.pdf	input/publications-francois-pachet/zils-01a.pdf	déjà présent	à examiner		
FP-224	223	Other	oui	2001	Metadata for music and sounds: The Cuidado Project	Pachet, F. Metadata for music and sounds: The Cuidado Project. Proceedings of the CBMI Workshop, pages 411-415, University of Brescia, September 2001	https://www.francoispachet.fr/wp-content/uploads/2021/01/pachet-01-CBMI-final.pdf		input/publications-francois-pachet/pachet-01-CBMI-final.pdf	input/publications-francois-pachet/pachet-01-CBMI-final.pdf	déjà présent	à examiner		
FP-225	224	Other	oui	2001	Musical Data Mining for Electronic Music Distribution	Pachet, F., Westermann, G. and Laigre, D. Musical Data Mining for Electronic Music Distribution. Proceedings of the 1st WedelMusic Conference, pp. 101-106, Firenze, Italy, 2001	https://www.francoispachet.fr/wp-content/uploads/2021/01/pachet-01-wedel-final.pdf		input/publications-francois-pachet/pachet-01-wedel-final.pdf	input/publications-francois-pachet/pachet-01-wedel-final.pdf	déjà présent	à examiner		
FP-226	225	Other	oui	2001	Guitare électrique nouvelle génération	Pachet, F. Guitare électrique nouvelle génération. Proceedings of Journées d’informatique Musicale, Bourges, June 2001	https://www.francoispachet.fr/wp-content/uploads/2021/01/pachet-jim-01.pdf		input/publications-francois-pachet/pachet-jim-01.pdf	input/publications-francois-pachet/pachet-jim-01.pdf	déjà présent	à examiner		
FP-227	226	Other	oui	2000	A Taxonomy of Musical Genre	Pachet, F. and Cazaly, D. A Taxonomy of Musical Genre. In Centre des Hautes Etudes Internationales d’Informatique Documentaire – C.I.D, editor, Proceedings of Content-Based Multimedia Information Access (RIAO) Conference, vol. 2, pp. 1238-1246, Collège de France, Paris, 2000.		https://www.francoispachet.fr/a-taxonomy-of-musical-genre-pachet-cazaly-riao-2000/			lien indirect à résoudre	à examiner		
FP-228	227	Other	oui	2000	On the use of zero crossing rate for an application of classification of percussive sounds	Gouyon, F., Delerue, O. and Pachet, F. On the use of zero crossing rate for an application of classification of percussive sounds. Proceedings of DAFX 00, Verona, Italy, 2000	https://www.francoispachet.fr/wp-content/uploads/2021/01/gouyon-00-dafx00.pdf		input/publications-francois-pachet/gouyon-00-dafx00.pdf	input/publications-francois-pachet/gouyon-00-dafx00.pdf	déjà présent	à examiner		
FP-229	228	Other	oui	2000	Les clefs d’une mélodie intéressante	Pachet, F. Les clefs d’une mélodie intéressante. La Recherche, 4, Hors-Série Les origines de l’Art, Novembre 2000	https://www.francoispachet.fr/wp-content/uploads/2021/01/pachet-06c-1.pdf		input/publications-francois-pachet/pachet-06c-1.pdf	input/publications-francois-pachet/pachet-06c-1.pdf	déjà présent	à examiner		
FP-230	229	Other	oui	2000	Dynamic Audio Mixing	Pachet, F., Delerue, O. and Hanappe, P. Dynamic Audio Mixing. In I. Zannos, editor, Proceedings of ICMC, pages 133-136, Berlin, 2000 ICMA.	https://www.francoispachet.fr/wp-content/uploads/2021/01/pachet-00-dynamicMixing.pdf		input/publications-francois-pachet/pachet-00-dynamicMixing.pdf	input/publications-francois-pachet/pachet-00-dynamicMixing.pdf	déjà présent	à examiner		
FP-231	230	Other	oui	2000	MusicSpace goes Audio	Pachet, F., Delerue, O. and Hanappe, P. MusicSpace goes Audio. In Roads, C., editor, Sound in Space, Santa Barbara, 2000, CREATE.	https://www.francoispachet.fr/wp-content/uploads/2021/01/pachet-00-space.pdf		input/publications-francois-pachet/pachet-00-space.pdf	input/publications-francois-pachet/pachet-00-space.pdf	déjà présent	à examiner		
FP-232	231	Other	oui	2000	Rhythm as Emerging Structures	Pachet, F. Rhythm as Emerging Structures. In I. Zannos, editor, Proceedings of ICMC, pages 316-319, Berlin, Germany, 2000 ICMA.	https://www.francoispachet.fr/wp-content/uploads/2021/01/pachet-00-rhythm.pdf		input/publications-francois-pachet/pachet-00-rhythm.pdf	input/publications-francois-pachet/pachet-00-rhythm.pdf	déjà présent	à examiner		
FP-233	232	Other	oui	2000	CLAViS – A Temporal Reasoning System for Classification of Audiovisual Sequences	Carrive, J., Pachet, F. and Ronfard, R. CLAViS – A Temporal Reasoning System for Classification of Audiovisual Sequences. Proceedings of Content-Based Multimedia Information Access (RIAO) Conference, pages 1400-1415, Paris, France, 2000	https://www.francoispachet.fr/wp-content/uploads/2021/01/carrive-00a.pdf		input/publications-francois-pachet/carrive-00a.pdf	input/publications-francois-pachet/carrive-00a.pdf	déjà présent	à examiner		
FP-234	233	Other	oui	2000	Logiques de Descriptions pour l’Analyse Structurelle de Film	Carrive, J., Pachet, F., and Ronfard, R. Logiques de Descriptions pour l’Analyse Structurelle de Film. In Charlet, J., editor, Ingénierie des connaissances, Eyrolles, 2000	https://www.francoispachet.fr/wp-content/uploads/2021/01/carrive-00a.pdf		input/publications-francois-pachet/carrive-00a.pdf	input/publications-francois-pachet/carrive-00a.pdf	déjà présent	à examiner		
FP-235	234	Other	oui	2000	Extracting Rhythm from Audio Signals	Pachet, F., Delerue, O. and Gouyon, F. Extracting Rhythm from Audio Signals. Proceedings of SONY Research Forum, 2000	https://www.francoispachet.fr/wp-content/uploads/2021/01/pachet-00-SRF2000final.pdf		input/publications-francois-pachet/pachet-00-SRF2000final.pdf	input/publications-francois-pachet/pachet-00-SRF2000final.pdf	déjà présent	à examiner		
FP-236	235	Other	oui	2000	Metamodeling for Multidimensional Reuse	Mili, H. Pachet, F. Metamodeling for Multidimensional Reuse. Sixth Maghrebian Conference on Computer Science, Fès, 01-03/11/2000.	https://www.francoispachet.fr/wp-content/uploads/2021/01/mili-00-MCSEAI.pdf		input/publications-francois-pachet/mili-00-MCSEAI.pdf	input/publications-francois-pachet/mili-00-MCSEAI.pdf	déjà présent	à examiner		
FP-237	236	Other	oui	1999	Surprising Harmonies	Pachet, F. Surprising Harmonies. International Journal of Computing Anticipatory Systems, 4 February 1999	https://www.francoispachet.fr/wp-content/uploads/2021/01/pachet-99-Casys.pdf		input/publications-francois-pachet/pachet-99-Casys.pdf	input/publications-francois-pachet/pachet-99-Casys.pdf	déjà présent	à examiner		
FP-238	237	Other	oui	1999	Constraints and Multimedia	Pachet, F. Constraints and Multimedia. Proceedings of PACLP 1999, London, March 1999, The Practical Application Company.	https://www.francoispachet.fr/wp-content/uploads/2021/01/pachet-99-PACLP.pdf		input/publications-francois-pachet/pachet-99-PACLP.pdf	input/publications-francois-pachet/pachet-99-PACLP.pdf	déjà présent	à examiner		
FP-239	238	Other	oui	1999	Constraint Satisfaction and Symbolic Reasoning for Reactive Control Systems	Liret, A., Roy, P. and Pachet, F. Constraint Satisfaction and Symbolic Reasoning for Reactive Control Systems. Proceedings of the First Workshop on Constraints in Control, Constraint Programming Conference (CP’99), Alexandria, USA, 1999	https://www.francoispachet.fr/wp-content/uploads/2021/01/liret-99b.pdf		input/publications-francois-pachet/liret-99b.pdf	input/publications-francois-pachet/liret-99b.pdf	déjà présent	à examiner		
FP-240	239	Other	oui	1999	Le projet Ecoute active à Sony CSL	Pachet, F. and Delerue O. Le projet Ecoute active à Sony CSL. Proceedings of Imagina 1999, 1999, Actes Image et son : Horizons interactifs / Proceedings Image and Sound: Interactive Horizons	https://www.francoispachet.fr/wp-content/uploads/2021/01/pachet-99-EcouteActive.pdf		input/publications-francois-pachet/pachet-99-EcouteActive.pdf	input/publications-francois-pachet/pachet-99-EcouteActive.pdf	déjà présent	à examiner		
FP-241	240	Other	oui	1999	Le projet Ecoute active à Sony CSL	Pachet, F. Le projet Ecoute active à Sony CSL. Proceedings of the Forum européen des formations aux métiers du son, 21-23 janvier 1999, Université de Bordeaux 1. Scan des proceedings.	https://www.francoispachet.fr/wp-content/uploads/2021/01/pachet-99-BordeauxEcouteActive.pdf	https://www.francoispachet.fr/wp-content/uploads/2021/01/pachet-99f.pdf	input/publications-francois-pachet/pachet-99-BordeauxEcouteActive.pdf	input/publications-francois-pachet/pachet-99-BordeauxEcouteActive.pdf	déjà présent	à examiner		
FP-242	240	Other	oui	1999	Scan des proceedings	Pachet, F. Le projet Ecoute active à Sony CSL. Proceedings of the Forum européen des formations aux métiers du son, 21-23 janvier 1999, Université de Bordeaux 1. Scan des proceedings.	https://www.francoispachet.fr/wp-content/uploads/2021/01/pachet-99f.pdf	https://www.francoispachet.fr/wp-content/uploads/2021/01/pachet-99-BordeauxEcouteActive.pdf	input/publications-francois-pachet/pachet-99f.pdf	input/publications-francois-pachet/pachet-99f.pdf	déjà présent	à examiner		
FP-243	241	Other	oui	1999	MusicSpace: a Constraint-based Music Spatializer	Pachet, F. and Delerue, O. MusicSpace: a Constraint-based Music Spatializer. Proceedings of Sony Research Forum 1999, pages 246-251, Tokyo, 1999, Sony.	https://www.francoispachet.fr/wp-content/uploads/2021/01/pachet-99-SRF-final.pdf		input/publications-francois-pachet/pachet-99-SRF-final.pdf	input/publications-francois-pachet/pachet-99-SRF-final.pdf	déjà présent	à examiner		
FP-244	242	Other	oui	1999	Constraints and Multimedia	Pachet, F. Constraints and Multimedia. Association of Logic Progamming Newsletter, 1999	https://www.francoispachet.fr/wp-content/uploads/2021/01/pachet-99-ALP.pdf		input/publications-francois-pachet/pachet-99-ALP.pdf	input/publications-francois-pachet/pachet-99-ALP.pdf	déjà présent	à examiner		
FP-245	243	Other	oui	1999	MusicSpace: a Constraint-based Control System for Music Spatialization	Pachet, F. and Delerue, O. MusicSpace: a Constraint-based Control System for Music Spatialization. Proceedings of ICMC 1999, pages 272-275, Beijing, China, 1999, ICMA.	https://www.francoispachet.fr/wp-content/uploads/2021/01/pachet-99-ICMC99.pdf		input/publications-francois-pachet/pachet-99-ICMC99.pdf	input/publications-francois-pachet/pachet-99-ICMC99.pdf	déjà présent	à examiner		
FP-246	244	Other	oui	1998	Annotations for Real Time Music Spatialization	Pachet, F. and Delerue, O. Annotations for Real Time Music Spatialization. Proceedings of International Workshop on Knowledge Representation for Interactive Multimedia Systems (KRIMS), Trento, Italy, 1998	https://www.francoispachet.fr/wp-content/uploads/2021/01/pachet-98-KRIMSfinal.pdf		input/publications-francois-pachet/pachet-98-KRIMSfinal.pdf	input/publications-francois-pachet/pachet-98-KRIMSfinal.pdf	déjà présent	à examiner		
FP-247	245	Other	oui	1998	A Mixed 2D/3D Interface for Music Spatialization	Pachet, F. and Delerue, O. A Mixed 2D/3D Interface for Music Spatialization. First International Conference on Virtual Worlds, Lecture Notes in Computer Science (no. 1434), pages 298-307, 1998, Springer Verlag.	https://www.francoispachet.fr/wp-content/uploads/2021/01/pachet-98-VirtualWorlds.pdf		input/publications-francois-pachet/pachet-98-VirtualWorlds.pdf	input/publications-francois-pachet/pachet-98-VirtualWorlds.pdf	déjà présent	à examiner		
FP-248	246	Other	oui	1998	MidiSpace, un spatialisateur Midi interactif	Delerue, O. and Pachet, F. MidiSpace, un spatialisateur Midi interactif. JIM 98, Agelonde, France, 1998	https://www.francoispachet.fr/wp-content/uploads/2021/01/pachet-98-Jim.pdf		input/publications-francois-pachet/pachet-98-Jim.pdf	input/publications-francois-pachet/pachet-98-Jim.pdf	déjà présent	à examiner		
FP-249	247	Other	oui	1998	Sur la structure algébrique des séquences d’accords de Jazz	Pachet, F. Sur la structure algébrique des séquences d’accords de Jazz. JIM98, Agelonde, France, 1998	https://www.francoispachet.fr/wp-content/uploads/2021/01/pachet-98JIMAccords.pdf		input/publications-francois-pachet/pachet-98JIMAccords.pdf	input/publications-francois-pachet/pachet-98JIMAccords.pdf	déjà présent	à examiner		
FP-250	248	Other	oui	1998	Constraint-Based Spatialization	Pachet, F. and Delerue, O. Constraint-Based Spatialization. First COST-G6 Workshop on Digital Audio Effects (DAFX98), pages 71-75, Barcelona, Spain, November 1998	https://www.francoispachet.fr/wp-content/uploads/2021/01/pachet-98-dafx.pdf		input/publications-francois-pachet/pachet-98-dafx.pdf	input/publications-francois-pachet/pachet-98-dafx.pdf	déjà présent	à examiner		
FP-251	249	Other	oui	1998	Using Description Logics for Indexing Audiovisual Documents	Carrive, J., Pachet, F., and Ronfard, R. Using Description Logics for Indexing Audiovisual Documents. In Franconi, E., De Giacomo, G., MacGregor, R.M., Nutt, W., Welty, C.A., editor, Proceedings of the International Workshop on Description Logics, DL’98, ITC-IRST No. 9805-03, pages 116-120, Trento, 1998	https://www.francoispachet.fr/wp-content/uploads/2021/01/pachet-89-dl98.pdf		input/publications-francois-pachet/pachet-89-dl98.pdf	input/publications-francois-pachet/pachet-89-dl98.pdf	déjà présent	à examiner		
FP-252	250	Other	oui	1998	Using Symmetry of Global Constraints to Speed up the Resolution of Constraint Satisfaction Problems	Roy, P. and Pachet, F. Using Symmetry of Global Constraints to Speed up the Resolution of Constraint Satisfaction Problems. Proceedings of ECAI’98 Workshop on non-binary constraints, 1998	https://www.francoispachet.fr/wp-content/uploads/2021/01/roy-98-EcaiSymmetry.pdf		input/publications-francois-pachet/roy-98-EcaiSymmetry.pdf	input/publications-francois-pachet/roy-98-EcaiSymmetry.pdf	déjà présent	à examiner		
FP-253	251	Other	oui	1998	Consistency of Temporal Constraint Networks for Medical Monitoring : Binary or Nary Constraints ?	Liret, A., Ramaux, N., Fontaine, N., Dojat, M. and Pachet, F. Consistency of Temporal Constraint Networks for Medical Monitoring : Binary or Nary Constraints ?. Workshop on non-binary constraints, ECAI’98, Brighton, U.K., 1998	https://www.francoispachet.fr/wp-content/uploads/2021/01/RamauxLiret-98-Ecai-final.pdf		input/publications-francois-pachet/RamauxLiret-98-Ecai-final.pdf	input/publications-francois-pachet/RamauxLiret-98-Ecai-final.pdf	déjà présent	à examiner		
FP-254	252	Other	oui	1998	Formulating Constraint Satisfaction Problems on Part-Whole Relations: The Case of Automatic Musical Harmonization	Pachet, F. and Roy, P. Formulating Constraint Satisfaction Problems on Part-Whole Relations: The Case of Automatic Musical Harmonization. Workshop on Constraints for Artistic Applications, ECAI’98, Brighton, UK., 1998	https://www.francoispachet.fr/wp-content/uploads/2021/01/Pachet-98-EcaiHarmonisation.pdf		input/publications-francois-pachet/Pachet-98-EcaiHarmonisation.pdf	input/publications-francois-pachet/Pachet-98-EcaiHarmonisation.pdf	déjà présent	à examiner		
FP-255	253	Other	oui	1998	MidiSpace: a Temporal Constraint-Based Music Spatializer	Delerue, O. and Pachet, F. MidiSpace: a Temporal Constraint-Based Music Spatializer. Workshop on Constraints for Artistic Applications, ECAI’98, Brighton, UK., 1998	https://www.francoispachet.fr/wp-content/uploads/2021/01/PachetDelerue-98-Ecai.pdf		input/publications-francois-pachet/PachetDelerue-98-Ecai.pdf	input/publications-francois-pachet/PachetDelerue-98-Ecai.pdf	déjà présent	à examiner		
FP-256	254	Other	oui	1998	Conception par objets d’un système pour combiner raisonnement formel et satisfaction de contraintes	Liret, A., Roy, P. and Pachet, F. Conception par objets d’un système pour combiner raisonnement formel et satisfaction de contraintes. Proceedings of Journées Francophones des Langages Applicatifs (JFLA), Come, Italy, 1998.	https://www.francoispachet.fr/wp-content/uploads/2021/01/Liret-JFLA98.pdf		input/publications-francois-pachet/Liret-JFLA98.pdf	input/publications-francois-pachet/Liret-JFLA98.pdf	déjà présent	à examiner		
FP-257	255	Other	oui	1998	MusicSpace: a Constraint-Based Music Spatializer	Pachet, F. and Delerue, O. MusicSpace: a Constraint-Based Music Spatializer. Sony Research Forum, Tokyo, Japan, October 1998, Sony Corporation.	https://www.francoispachet.fr/wp-content/uploads/2021/01/PachetDelerue-98-SRF-final.pdf		input/publications-francois-pachet/PachetDelerue-98-SRF-final.pdf	input/publications-francois-pachet/PachetDelerue-98-SRF-final.pdf	déjà présent	à examiner		
FP-258	256	Other	oui	1998	A Combinatorial Pattern Generation Approach to Content-Based Music Selection	Pachet, F. A Combinatorial Pattern Generation Approach to Content-Based Music Selection. Sony Research Forum, Tokyo, Japan, October 1998, Sony Corporation.	https://www.francoispachet.fr/wp-content/uploads/2021/01/pachet-roy-RecitalComposerSRF.pdf		input/publications-francois-pachet/pachet-roy-RecitalComposerSRF.pdf	input/publications-francois-pachet/pachet-roy-RecitalComposerSRF.pdf	déjà présent	à examiner		
FP-259	257	Other	oui	1998	and Pachet, F. Exchanging Models Between Tools Supporting A Different Number of Modeling Layers	Mili, H. and Pachet, F. Exchanging Models Between Tools Supporting A Different Number of Modeling Layers. OOPSLA 98 Workshop on Model Engineering, Methods and Tools Integration with CDIF, Vancouver, Canada, 1998					aucun lien	à examiner		
FP-260	258	Other	oui	1998	Logiques de Descriptions pour L’analyse Structurelle de Film	Carrive, J., Pachet, F., and Ronfard, R. Logiques de Descriptions pour L’analyse Structurelle de Film. Ingénierie des Connaissances 1998, Pont-á-Mousson, France, 1998	https://www.francoispachet.fr/wp-content/uploads/2021/01/carrive-00b-1.pdf		input/publications-francois-pachet/carrive-00b-1.pdf	input/publications-francois-pachet/carrive-00b-1.pdf	déjà présent	à examiner		
FP-261	259	Other	oui	1998	“Démarche de modélisation de réseaux électriques à partir de composants structurés en points de vue”, Inforsid, Montpellier, 1998	Chikhi Y, Moustafiadès J., Pachet F. “Démarche de modélisation de réseaux électriques à partir de composants structurés en points de vue”, Inforsid, Montpellier, 1998.					aucun lien	à examiner		
FP-262	260	Other	oui	1998	An approach for Building Electrical Network Models Based on Reusable Components, CESA’98 IMACS Multiconference, Computational Engineering in Systems Applications, Nabeul-Hammamet, Tunisia, 1-4 avril 1998	Chikhi Y, Moustafiadès J., Pachet F. An approach for Building Electrical Network Models Based on Reusable Components, CESA’98 IMACS Multiconference, Computational Engineering in Systems Applications, Nabeul-Hammamet, Tunisia, 1-4 avril 1998.					aucun lien	à examiner		
FP-263	261	Other	oui	1998	Conception par objets d’un système pour combiner raisonnement formel et satisfaction de contraintes	Anne Liret, Pierre Roy, François Pachet, Conception par objets d’un système pour combiner raisonnement formel et satisfaction de contraintes. Journées PRC/GDR “programmation”, pôle Programmation par Objets, Rennes, 1998.	https://www.francoispachet.fr/wp-content/uploads/2021/01/gdr-liret-98-GDRsubmitted.pdf		input/publications-francois-pachet/gdr-liret-98-GDRsubmitted.pdf	input/publications-francois-pachet/gdr-liret-98-GDRsubmitted.pdf	déjà présent	à examiner		
FP-264	262	Other	oui	1996	Contraintes, objets et connaissances	Roy, . Pachet, F. Contraintes, objets et connaissances, GDR Programmation, Orléans, 1996. An example of a crossword generated by BackTalk.	https://www.francoispachet.fr/wp-content/uploads/2021/01/roy-97-GDR.pdf	https://www.francoispachet.fr/wp-content/uploads/2021/01/CrossWordLaforia.pdf	input/publications-francois-pachet/roy-97-GDR.pdf	input/publications-francois-pachet/roy-97-GDR.pdf	déjà présent	à examiner		
FP-265	262	Other	oui	1996	An example of a crossword generated by BackTalk	Roy, . Pachet, F. Contraintes, objets et connaissances, GDR Programmation, Orléans, 1996. An example of a crossword generated by BackTalk.	https://www.francoispachet.fr/wp-content/uploads/2021/01/CrossWordLaforia.pdf	https://www.francoispachet.fr/wp-content/uploads/2021/01/roy-97-GDR.pdf	input/publications-francois-pachet/CrossWordLaforia.pdf	input/publications-francois-pachet/CrossWordLaforia.pdf	déjà présent	à examiner		
FP-266	263	Other	oui		Advice with Part-Whole and Precedence Relations in Task Graphs for Intelligent Tutoring Systems	Djamen, J.-Y. Pachet, F. Advice with Part-Whole and Precedence Relations in Task Graphs for Intelligent Tutoring Systems. FLAIRS’97 Special Track on Intelligent Tutorial Systems.	https://www.francoispachet.fr/wp-content/uploads/2021/01/djamen-flairs97.pdf		input/publications-francois-pachet/djamen-flairs97.pdf	input/publications-francois-pachet/djamen-flairs97.pdf	déjà présent	à examiner		
FP-267	264	Other	oui	1997	L’espace dans le projet ” La partition intérieure interactive “	Rousseaux, F. Pachet. L’espace dans le projet ” La partition intérieure interactive “. Colloque Musique/Philosophie. Université Paris IV, Paris, janvier 1997.	https://www.francoispachet.fr/wp-content/uploads/2021/01/rousseaux-Espace-97.pdf		input/publications-francois-pachet/rousseaux-Espace-97.pdf	input/publications-francois-pachet/rousseaux-Espace-97.pdf	déjà présent	à examiner		
FP-268	265	Other	oui	1997	Comment penser un système d’assistance artificiel quand l’improvisation est au cœur de l’activité à modéliser ? Le cas du projet “La Partition Intérieure Interactive”, IC ’97 (Ingénierie des Connaissances), Roscoff, 1997	Rousseaux, Meunier, J.-G., Pachet, F. Comment penser un système d’assistance artificiel quand l’improvisation est au cœur de l’activité à modéliser ? Le cas du projet “La Partition Intérieure Interactive”, IC ’97 (Ingénierie des Connaissances), Roscoff, 1997					aucun lien	à examiner		
FP-269	266	Other	oui		Acquisition des connaissances et improvisation: la Partition Intérieure Interactive	Rousseaux, F. Pachet. Acquisition des connaissances et improvisation: la Partition Intérieure Interactive, Journées d’Informatique Musicale, JIM 97, Lyon.	https://www.francoispachet.fr/wp-content/uploads/2021/01/Jim97-final.doc.pdf		input/publications-francois-pachet/Jim97-final.doc.pdf	input/publications-francois-pachet/Jim97-final.doc.pdf	déjà présent	à examiner		
FP-270	267	Other	oui	1997	Combining Formal Reasoning Techniques and CSP	Liret, A., Roy, P. and Pachet, F. Combining Formal Reasoning Techniques and CSP. ERCIM Workshop on Constraint Programming and Processing, Linz, 1997	https://www.francoispachet.fr/wp-content/uploads/2021/01/liret-97-Ercim-combining-formal-reasoning-techniques.pdf		input/publications-francois-pachet/liret-97-Ercim-combining-formal-reasoning-techniques.pdf	input/publications-francois-pachet/liret-97-Ercim-combining-formal-reasoning-techniques.pdf	déjà présent	à examiner		
FP-271	268	Other	oui	1997	Conception de problèmes par objets et contraintes	Roy, P. and Pachet, F. Conception de problèmes par objets et contraintes. In Gengler, M. and Queinnec, C., editor, Actes des journées francophones des langages applicatifs (JFLA 97), pages 169-187, Dolomieu, France, January 1997, INRIA.	https://www.francoispachet.fr/wp-content/uploads/2021/01/roy-97c.pdf		input/publications-francois-pachet/roy-97c.pdf	input/publications-francois-pachet/roy-97c.pdf	déjà présent	à examiner		
FP-272	269	Other	oui	1997	A Framework for Expressing Knowledge about Constraint Satisfaction Problems	Roy, P., Pachet, F. and Perrot, J.-F. A Framework for Expressing Knowledge about Constraint Satisfaction Problems. Proceedings of Florida AI Research Symposium, FLAIRS 97, pages 47-51, Daytona, Fla, 1997, The Council.	https://www.francoispachet.fr/wp-content/uploads/2021/01/roy-97d.pdf		input/publications-francois-pachet/roy-97d.pdf	input/publications-francois-pachet/roy-97d.pdf	déjà présent	à examiner		
FP-273	270	Other	oui	1996	Propriétés des intervalles circulaires et application à l’analyse harmonique automatique	Pachet, F. Carrive, J. Propriétés des intervalles circulaires et application à l’analyse harmonique automatique. Troisièmes Journées d’Informatique Musicale JIM 96, Caen, Cahiers du Greyc, pp.230-247, 1996	https://www.francoispachet.fr/wp-content/uploads/2021/01/carrive-jim96-publie.pdf		input/publications-francois-pachet/carrive-jim96-publie.pdf	input/publications-francois-pachet/carrive-jim96-publie.pdf	déjà présent	à examiner		
FP-274	271	Other	oui	1996	EpiTalk, a Platform for Epiphyte Advisor Systems Dedicated to Both Individual and Collaborative Learning. Intelligent Tutoring Systems	Giroux, S. Paquette, G. Pachet, F. and Girard, J. EpiTalk, a Platform for Epiphyte Advisor Systems Dedicated to Both Individual and Collaborative Learning. Intelligent Tutoring Systems, Springer-Verlag Lecture Notes in Computer Science, 1086:363-371, 1996	https://www.francoispachet.fr/wp-content/uploads/2021/01/giroux-96a.pdf		input/publications-francois-pachet/giroux-96a.pdf	input/publications-francois-pachet/giroux-96a.pdf	déjà présent	à examiner		
FP-275	272	Other	oui	1996	20, No. 1 (Spring, 1996), pp. 102-103	François Pachet, JIM’95: Journées d’Informatique Musicale, Computer Music Journal, Vol. 20, No. 1 (Spring, 1996), pp. 102-103					aucun lien	à examiner		
FP-276	273	Other	oui	1995	Représentation de connaissances sur la programmation de synthétiseurs	Rolland, P.-Y. Pachet, F. Représentation de connaissances sur la programmation de synthétiseurs. Deuxièmes journées d’informatique musicale, JIM 95, pp. 123-132, Paris, 1995	https://www.francoispachet.fr/wp-content/uploads/2021/01/rolland-95-jim95-final.pdf		input/publications-francois-pachet/rolland-95-jim95-final.pdf	input/publications-francois-pachet/rolland-95-jim95-final.pdf	déjà présent	à examiner		
FP-277	274	Other	oui	1995	Spying as an Object-Oriented Paradigm	Pachet, F. Wolinski, F. and Giroux, S. Spying as an Object-Oriented Paradigm. Proceedings of TOOLS 95, pages 109-118, Versailles, France, 1995 Prentice-Hall.	https://www.francoispachet.fr/wp-content/uploads/2021/01/giroux-Tools95.pdf		input/publications-francois-pachet/giroux-Tools95.pdf	input/publications-francois-pachet/giroux-Tools95.pdf	déjà présent	à examiner		
FP-278	275	Other	oui	1995	bulletin de l’AFIA	François Pachet et Gérard Assayag, Dossier IA et musique, bulletin de l’AFIA numéro 23, octobre 1995.	http://afia.asso.fr/wp-content/uploads/2016/10/AFIA23.pdf		input/publications-francois-pachet/AFIA23.pdf	input/publications-francois-pachet/AFIA23.pdf	déjà présent	à examiner		
FP-279	276	Other	oui		Three compatible mechanisms for representing medical context implicitly	Dojat, M. Pachet, F. Three compatible mechanisms for representing medical context implicitly. IJCAI’95 Workshop on Context in Knowledge and Reasoning Modelling.	https://www.francoispachet.fr/wp-content/uploads/2021/01/dojat-95-ijcai-final.pdf		input/publications-francois-pachet/dojat-95-ijcai-final.pdf	input/publications-francois-pachet/dojat-95-ijcai-final.pdf	déjà présent	à examiner		
FP-280	277	Other	oui		Building plan recognition systems on arbitrary applications: the spying technique	Pachet, F. Giroux, S. Building plan recognition systems on arbitrary applications: the spying technique. IJCAI’95 Workshop on “New generation of plan recognition systems”	https://www.francoispachet.fr/wp-content/uploads/2021/01/giroux-95-ijcai-planrecognition-final.pdf		input/publications-francois-pachet/giroux-95-ijcai-planrecognition-final.pdf	input/publications-francois-pachet/giroux-95-ijcai-planrecognition-final.pdf	déjà présent	à examiner		
FP-281	278	Other	oui		Numeric vs symbolic controversy in automatic analysis of tonal music	Mouton, R., Pachet, F. Numeric vs symbolic controversy in automatic analysis of tonal music. IJCAI’95 Workshop on Artificial intelligence and Music.	https://www.francoispachet.fr/wp-content/uploads/2021/01/mouton-95-Ijcaifinal.pdf		input/publications-francois-pachet/mouton-95-Ijcaifinal.pdf	input/publications-francois-pachet/mouton-95-Ijcaifinal.pdf	déjà présent	à examiner		
FP-282	279	Other	oui		Knowledge representation on synthesizer patch programming	Rolland, P.-Y., Pachet, F. Knowledge representation on synthesizer patch programming. IJCAI’95 Workshop on Artificial intelligence and Music	https://www.francoispachet.fr/wp-content/uploads/2021/01/rolland-95-final.pdf		input/publications-francois-pachet/rolland-95-final.pdf	input/publications-francois-pachet/rolland-95-final.pdf	déjà présent	à examiner		
FP-283	280	Other	oui		Mixing constraints and objects: a case study in automatic harmonization	Pachet, F. Roy, P. Mixing constraints and objects: a case study in automatic harmonization. TOOLS Europe ’95, Prentice-Hall, pp. 119-126	https://www.francoispachet.fr/wp-content/uploads/2021/01/roy-contraintes-tools95.pdf		input/publications-francois-pachet/roy-contraintes-tools95.pdf	input/publications-francois-pachet/roy-contraintes-tools95.pdf	déjà présent	à examiner		
FP-284	281	Other	oui	1995	and Pachet, F. Representing Medical Context Using Rule-Based Object-Oriented Programming Techniques. In” Proceedings of 5th conference on Artificial Intelligence in Medicine Europe, AIME’95” (P. Barahona, M. Stefanelli and J. Wyatt, Eds.), pp. 423-424	Dojat, M. and Pachet, F. Representing Medical Context Using Rule-Based Object-Oriented Programming Techniques. In” Proceedings of 5th conference on Artificial Intelligence in Medicine Europe, AIME’95” (P. Barahona, M. Stefanelli and J. Wyatt, Eds.), pp. 423-424. Springer-Verlag, Pavia (It), 25-28 June, 1995.					aucun lien	à examiner		
FP-285	282	Other	oui	1995	Ramalho, G. Carrive, J. Cornic, G. Representing temporal objects and reasoning in the MusES system, in International Congress on Music and Artificial Intelligence, pp. 33-48, Edinburgh University, (1995)	Pachet, F. Ramalho, G. Carrive, J. Cornic, G. Representing temporal objects and reasoning in the MusES system, in International Congress on Music and Artificial Intelligence, pp. 33-48, Edinburgh University, (1995)					aucun lien	à examiner		
FP-286	283	Other	oui	1995	Un mécanisme hiérarchique de répétition et prédiction de tâches	Karsenty, S. Pachet, F. Un mécanisme hiérarchique de répétition et prédiction de tâches, in Conférence IHM’95, 7e Journées sur l’Interaction Homme-Machine, Toulouse, France, 11-13 octobre (1995), pp. 169-175, Cepadues Eds.	https://www.francoispachet.fr/wp-content/uploads/2021/01/karsenty-95-ihm95-submitted.pdf		input/publications-francois-pachet/karsenty-95-ihm95-submitted.pdf	input/publications-francois-pachet/karsenty-95-ihm95-submitted.pdf	déjà présent	à examiner		
FP-287	284	Other	oui	1995	Integrating constraint satisfaction techniques with complex object structures	Pachet, F. and Roy, P. Integrating constraint satisfaction techniques with complex object structures. Proceedings of 15th Annual Conference of the British Computer Society Specialist Group on Expert Systems, ES’95, pages 11-22, Cambridge, U.K., December 1995, Best technical paper award	https://www.francoispachet.fr/wp-content/uploads/2021/01/pachet-95d.pdf		input/publications-francois-pachet/pachet-95d.pdf	input/publications-francois-pachet/pachet-95d.pdf	déjà présent	à examiner		
FP-288	285	Other	oui	1994	Vers un modèle du raisonnement dans les langages à objets	Pachet, F. Vers un modèle du raisonnement dans les langages à objets. In F. Rechenmann, editor, Actes de Langage et modèles à objets, LMO 94, Grenoble, France, 1994	https://www.francoispachet.fr/wp-content/uploads/2021/01/pachet-94a.pdf		input/publications-francois-pachet/pachet-94a.pdf	input/publications-francois-pachet/pachet-94a.pdf	déjà présent	à examiner		
FP-289	286	Other	oui		Pachet, F. Benyahya, I. Eddy, F. Report on the OOPSLA’95 Workshop on Metamodeling. Addendum to the OOPSLA’94 proceedings. ACM SIGPLAN notice	Mili, H. Pachet, F. Benyahya, I. Eddy, F. Report on the OOPSLA’95 Workshop on Metamodeling. Addendum to the OOPSLA’94 proceedings. ACM SIGPLAN notice.					aucun lien	à examiner		
FP-290	287	Other	oui	1994	Exploiting Regularity in Cyc for Text Generation	Pachet, F. and Mili, H. Exploiting Regularity in Cyc for Text Generation. In Cognizant Communication Corp., editor, Proceedings of the Second World Congress on Expert Systems, pages 711-719, Lisbon, Portugal, 1994	https://www.francoispachet.fr/wp-content/uploads/2021/01/pachet-RegularityCyc.pdf		input/publications-francois-pachet/pachet-RegularityCyc.pdf	input/publications-francois-pachet/pachet-RegularityCyc.pdf	déjà présent	à examiner		
FP-291	288	Other	oui	1994	Pluggable Advisors as Epiphyte Systems	Pachet, F. Giroux, S. and Paquette, G. Pluggable Advisors as Epiphyte Systems. In Dessalles, J-L, editor, Proceedings of Calisce 94 (Computer-Aided Learning in Science and Engineering), pages 167-174, Paris, September 1994, ENST	https://www.francoispachet.fr/wp-content/uploads/2021/01/giroux-Calisce94.pdf		input/publications-francois-pachet/giroux-Calisce94.pdf	input/publications-francois-pachet/giroux-Calisce94.pdf	déjà présent	à examiner		
FP-292	289	Other	oui	1994	Des systèmes multi-agents épiphytes	Giroux, S. Pachet, F. Des systèmes multi-agents épiphytes. Deuxièmes Journées Francophones “Intelligence Artificielle Distribuée & Systèmes Multi-Agents”, Grenoble, 9-11 mai 1994.	https://www.francoispachet.fr/wp-content/uploads/2021/01/giroux-94_epitalk_2e_jours-article-edited.pdf		input/publications-francois-pachet/giroux-94_epitalk_2e_jours-article-edited.pdf	input/publications-francois-pachet/giroux-94_epitalk_2e_jours-article-edited.pdf	déjà présent	à examiner		
FP-293	290	Other	oui	1994	Report on the NeOpus System Experience	Pachet, F. and Perrot, J.-F. Report on the NeOpus System Experience. Proceedings of the OOPSLA Workshop on EOOPS (Embedded Object-Oriented Production Systems), Portland, Or, 1994.	https://www.francoispachet.fr/wp-content/uploads/2021/01/pachet-94ReportNeOpus.pdf		input/publications-francois-pachet/pachet-94ReportNeOpus.pdf	input/publications-francois-pachet/pachet-94ReportNeOpus.pdf	déjà présent	à examiner		
FP-294	291	Other	oui		Report on the OOPSLA’94 Workshop on EOOPS	Pachet, F. Report on the OOPSLA’94 Workshop on EOOPS. Addendum to the OOPSLA’94 proceedings. ACM SIGPLAN notice.	https://www.francoispachet.fr/wp-content/uploads/2021/01/Pachet-Perrot-94_24_reporteoops.pdf		input/publications-francois-pachet/Pachet-Perrot-94_24_reporteoops.pdf	input/publications-francois-pachet/Pachet-Perrot-94_24_reporteoops.pdf	déjà présent	à examiner		
FP-295	292	Other	oui	1994	What is needed to bridge the gap between real book and real jazz performance?	Ramalho, G. and Pachet, F. What is needed to bridge the gap between real book and real jazz performance?. In Deliège, I., editor, Proceedings of ICMPC (International Conference on Music Perception and Cognition), pages 349-352, Lièges, Belgium, 1994 ESCOM	https://www.francoispachet.fr/wp-content/uploads/2021/01/ramalho-94a.pdf		input/publications-francois-pachet/ramalho-94a.pdf	input/publications-francois-pachet/ramalho-94a.pdf	déjà présent	à examiner		
FP-296	293	Other	oui	1994	The MusES system: an environment for experimenting with knowledge representation techniques in tonal harmony	Pachet, F. The MusES system: an environment for experimenting with knowledge representation techniques in tonal harmony. First Brazilian Symposium on Computer Music, SBC&M ’94, August 3-4, Caxambu, Minas Gerais, Brazil, pp. 195-201, 1994.	https://www.francoispachet.fr/wp-content/uploads/2021/01/pachet-94-SBCMFinal.pdf		input/publications-francois-pachet/pachet-94-SBCMFinal.pdf	input/publications-francois-pachet/pachet-94-SBCMFinal.pdf	déjà présent	à examiner		
FP-297	294	Other	oui	1994	An Object-Oriented Representation of Pitch-Classes, Intervals, Scales and Chords	Pachet, F. An Object-Oriented Representation of Pitch-Classes, Intervals, Scales and Chords. Proceedings of Journées d’Informatique Musicale (JIM), Bordeaux (France), 1994, Université de Bordeaux I. See extended version of this paper.	https://www.francoispachet.fr/wp-content/uploads/2021/01/pachet-94-jim-final.pdf	https://www.francoispachet.fr/wp-content/uploads/2021/01/pachet-94f.pdf	input/publications-francois-pachet/pachet-94-jim-final.pdf	input/publications-francois-pachet/pachet-94-jim-final.pdf	déjà présent	à examiner		
FP-298	294	Other	oui	1994	extended version	Pachet, F. An Object-Oriented Representation of Pitch-Classes, Intervals, Scales and Chords. Proceedings of Journées d’Informatique Musicale (JIM), Bordeaux (France), 1994, Université de Bordeaux I. See extended version of this paper.	https://www.francoispachet.fr/wp-content/uploads/2021/01/pachet-94f.pdf	https://www.francoispachet.fr/wp-content/uploads/2021/01/pachet-94-jim-final.pdf	input/publications-francois-pachet/pachet-94f.pdf	input/publications-francois-pachet/pachet-94f.pdf	déjà présent	à examiner		
FP-299	295	Other	oui	1994	Pachet, F. & Desbiens, J. Debugging multi-agent systems: a distributed approach to events collection and analysis. Canadian Workshop on Distributed Artificial Intelligence (CWDAI ’94), Banff, Alberta, Canada, mai 1994	Giroux, S. Pachet, F. & Desbiens, J. Debugging multi-agent systems: a distributed approach to events collection and analysis. Canadian Workshop on Distributed Artificial Intelligence (CWDAI ’94), Banff, Alberta, Canada, mai 1994					aucun lien	à examiner		
FP-300	296	Other	oui	1993	Pachet, F. Senteni, A. Contrôle descendant versus structuration ascendante. 61ème congrès de l’ACFAS, Rimouski, Canada, 17-21 mai 1993. Annales de l’ACFAS, vol. 61, p. 408	Giroux, S. Pachet, F. Senteni, A. Contrôle descendant versus structuration ascendante. 61ème congrès de l’ACFAS, Rimouski, Canada, 17-21 mai 1993. Annales de l’ACFAS, vol. 61, p. 408.					aucun lien	à examiner		
FP-301	297	Other	oui	1992	An extendable Knowledge-Based System for the Control of Mechanical Ventilation	Dojat, M. Pachet, F. An extendable Knowledge-Based System for the Control of Mechanical Ventilation. 14th Annual International Conference of the IEEE Engineering in Medicine and Biology Society, October 29-Novembre 1st, Paris, pp. 920-921, (1992). Extended version.	https://www.francoispachet.fr/wp-content/uploads/2021/01/Dojat-92-IEEE-engineering-medicine.pdf	https://www.francoispachet.fr/wp-content/uploads/2021/01/dojat-92-ieee.pdf	input/publications-francois-pachet/Dojat-92-IEEE-engineering-medicine.pdf	input/publications-francois-pachet/Dojat-92-IEEE-engineering-medicine.pdf	déjà présent	à examiner		
FP-302	297	Other	oui	1992	Extended version	Dojat, M. Pachet, F. An extendable Knowledge-Based System for the Control of Mechanical Ventilation. 14th Annual International Conference of the IEEE Engineering in Medicine and Biology Society, October 29-Novembre 1st, Paris, pp. 920-921, (1992). Extended version.	https://www.francoispachet.fr/wp-content/uploads/2021/01/dojat-92-ieee.pdf	https://www.francoispachet.fr/wp-content/uploads/2021/01/Dojat-92-IEEE-engineering-medicine.pdf	input/publications-francois-pachet/dojat-92-ieee.pdf	input/publications-francois-pachet/dojat-92-ieee.pdf	déjà présent	à examiner		
FP-303	298	Other	oui	1992	Pachet, F. Representation of a Medical Expertise Using the Smalltalk environment: putting a prototype to work. Proc. of TOOLS’7, Dortmund, Germany, March 31-April 2, pp. 379-390, 1992	Dojat, M. Pachet, F. Representation of a Medical Expertise Using the Smalltalk environment: putting a prototype to work. Proc. of TOOLS’7, Dortmund, Germany, March 31-April 2, pp. 379-390, 1992.					aucun lien	à examiner		
FP-304	299	Other	oui	1992	Rule Base Inheritance	Pachet, F. Rule Base Inheritance. In EC2, editor, Proceedings of RPO 92 (Représentations par Objets), pages 187-200, La Grande Motte, France, 1992	https://www.francoispachet.fr/wp-content/uploads/2021/01/pachet-92a.pdf		input/publications-francois-pachet/pachet-92a.pdf	input/publications-francois-pachet/pachet-92a.pdf	déjà présent	à examiner		
FP-305	300	Other	oui	1991	Representing Knowledge Used by Jazz Musicians	Pachet, F. Representing Knowledge Used by Jazz Musicians. Proceedings of International Conference on Computer Music (ICMC), 1991, pp. 285-288, Montréal	https://www.francoispachet.fr/wp-content/uploads/2021/01/pachet-91-representing_k.pdf		input/publications-francois-pachet/pachet-91-representing_k.pdf	input/publications-francois-pachet/pachet-91-representing_k.pdf	déjà présent	à examiner		
FP-306	301	Other	oui	1991	A meta-level architecture for analysing jazz chord sequences	Pachet, F. A meta-level architecture for analysing jazz chord sequences. Proceedings of International Conference on Computer Music (ICMC), 1991, pp. 266- 269, Montréal.	https://www.francoispachet.fr/wp-content/uploads/2021/01/pachet-91-a_meta.pdf		input/publications-francois-pachet/pachet-91-a_meta.pdf	input/publications-francois-pachet/pachet-91-a_meta.pdf	déjà présent	à examiner		
FP-307	302	Other	oui	1991	Reasoning with objects: the NéOpus environment	Pachet, F. Reasoning with objects: the NéOpus environment. Conférence East EurOOpe, Bratislava, Tchécoslovaquie, pp. 72-87, septembre, (1991).	https://www.francoispachet.fr/wp-content/uploads/2021/01/pachet-91-easteuroope.final_.pdf		input/publications-francois-pachet/pachet-91-easteuroope.final_.pdf	input/publications-francois-pachet/pachet-91-easteuroope.final_.pdf	déjà présent	à examiner		
FP-308	303	Other	oui	1990	Mixing Rules and Objects: an Experiment in the World of Euclidean Geometry	Pachet, F. Mixing Rules and Objects: an Experiment in the World of Euclidean Geometry. ISCIS V, pp. 797 – 805, Nevşehir, Turquie, 30 oct. – 2 nov. 1990.	https://www.francoispachet.fr/wp-content/uploads/2021/01/pachet-91-iscis-v.final_.pdf		input/publications-francois-pachet/pachet-91-iscis-v.final_.pdf	input/publications-francois-pachet/pachet-91-iscis-v.final_.pdf	déjà présent	à examiner		
FP-309	304	Other	oui	1989	A Practical Use of Metaclasses	Pachet, F. A Practical Use of Metaclasses. In Bézivin, J., editor, Procedings of Technology of Object-Oriented Languages and Systems (TOOLS), pages 233-242, Paris, November 1989 SOL.	https://www.francoispachet.fr/wp-content/uploads/2021/01/pachet-89-Tools89.pdf		input/publications-francois-pachet/pachet-89-Tools89.pdf	input/publications-francois-pachet/pachet-89-Tools89.pdf	déjà présent	à examiner		
FP-310	305	Unpublished	oui	1997	AliceTalks!, An object-oriented reengineering of Alice	Liret, A. Roy, P. Pachet, F. AliceTalks!, An object-oriented reengineering of Alice, unpublished, 1997.	https://www.francoispachet.fr/wp-content/uploads/2021/01/liret-unpubllished-ALTOOLS.pdf		input/publications-francois-pachet/liret-unpubllished-ALTOOLS.pdf	input/publications-francois-pachet/liret-unpubllished-ALTOOLS.pdf	déjà présent	à examiner		
FP-311	306	Unpublished	oui		Using Software Engineering Techniques to Build Complex Knowledge Based Systems	Revault, N. Pachet, F. Kerhervé, B. Using Software Engineering Techniques to Build Complex Knowledge Based Systems, rejected from Isac93 conference.	https://www.francoispachet.fr/wp-content/uploads/2021/01/Revault-isac93.pdf		input/publications-francois-pachet/Revault-isac93.pdf	input/publications-francois-pachet/Revault-isac93.pdf	déjà présent	à examiner		
FP-312	307	Videos	non	2021	Daddy’s car	Carré, B. Pachet, F. Ghedini, F. (2016) Daddy’s car. 2.7M views as of January 2021		https://www.youtube.com/watch?v=LSHZ_b05W7o			lien indirect à résoudre	hors corpus articles		
FP-313	308	Videos	non	2016	Extending the Performers Creativity with the Reflexive Looper	Marchini, M. Pachet, F and Ghedini, F. Extending the Performers Creativity with the Reflexive Looper, June 2016, ICCC, Best Video Award		https://www.youtube.com/watch?v=o6uSgYKioc8&index=2&list=PL2vVBRhU7B8ZyYXT-d3ctWBlJM-xQI9IR			lien indirect à résoudre	hors corpus articles		
FP-314	309	Videos	non	2016	Machine Learning Techniques for Reorchestrating the European Anthem	Ghedini, F., Roy, P. and Pachet, F. Machine Learning Techniques for Reorchestrating the European Anthem, February 2016, AAAI, Best Video Award		https://www.youtube.com/watch?list=PLuOoXrWK6Kz5ySULxGMtAUdZEg9SkXDoq&v=0qnTaAz-xtQ			lien indirect à résoudre	hors corpus articles		
FP-315	310	Videos	non	2013	The Flow Machines Project	Ghedini, F., Roy, P. and Pachet, F. The Flow Machines Project, August 2013, IJCAI, Best Video Award		https://www.youtube.com/watch?v=1rdE_0mHjjQ			lien indirect à résoudre	hors corpus articles		
FP-316	311	Videos	non	2013	The Flow Machines Project	Ghedini, F.and Roy, P. and Pachet, F. The Flow Machines Project, August 2013, AAAI, Best Video Award		https://www.youtube.com/watch?v=1rdE_0mHjjQ			lien indirect à résoudre	hors corpus articles		
FP-317	312	Thesis	oui	1997	Représentation de connaissances et langages à objets	Pachet, F. Représentation de connaissances et langages à objets. Habilitation à diriger des recherches, Université Pierre & Marie Curie, June 1997	https://www.francoispachet.fr/wp-content/uploads/2021/01/pachet-97.pdf		input/publications-francois-pachet/pachet-97.pdf	input/publications-francois-pachet/pachet-97.pdf	déjà présent	à examiner		
FP-318	313	Thesis	oui	1992	Représentation de connaissances par objets et règles: le système NéOpus	Pachet, F. Représentation de connaissances par objets et règles: le système NéOpus. Université Pierre & Marie Curie, September 1992	https://www.francoispachet.fr/wp-content/uploads/2021/01/pachet-92b.pdf		input/publications-francois-pachet/pachet-92b.pdf	input/publications-francois-pachet/pachet-92b.pdf	déjà présent	à examiner		
FP-319	314	Thesis	oui	1987	Utilisation d’un système expert pour simuler les comportements d’un pianiste et d’un bassiste accompagnant un improvisateur de jazz	Pachet, F. Utilisation d’un système expert pour simuler les comportements d’un pianiste et d’un bassiste accompagnant un improvisateur de jazz. Rapport de DEA (effectué à l’Ircam sous la direction de David Wessel), LAFORIA, Université Paris VI, 1987.					aucun lien	à examiner		
FP-320	315	Tutorials	non	2017	and Pachet, F. “Machine Learning for Music Generation”, ISMIR 2017, Suzhou, China	Briot, J.-P. and Pachet, F. “Machine Learning for Music Generation”, ISMIR 2017, Suzhou, China					aucun lien	hors corpus articles		
FP-321	316	Tutorials	non	2016	and Pachet, F. “Why is studio production interesting?” ISMIR 2016, NY, USA, August 2016	Deruty, E. and Pachet, F. “Why is studio production interesting?” ISMIR 2016, NY, USA, August 2016.					aucun lien	hors corpus articles		
FP-322	317	Tutorials	non	2013	Cabral, G. Why is Brazilian guitar interesting? ISMIR 2013, Curitiba, Brazil	Pachet, F. Cabral, G. Why is Brazilian guitar interesting? ISMIR 2013, Curitiba, Brazil					aucun lien	hors corpus articles		
FP-323	318	Tutorials	non	2013	Cabral, G	Pachet, F. Cabral, G. Why is Brazilian guitar interesting? Simpósio Brasileiro de Computação Musical (SBCM), 2013, Brasilia, Brazil					aucun lien	hors corpus articles		
FP-324	319	Tutorials	non	2012	“Why is jazz interesting”, ISMIR 2012, Porto, Portugal	Pachet, F. “Why is jazz interesting”, ISMIR 2012, Porto, Portugal					aucun lien	hors corpus articles		
FP-325	320	Tutorials	non		Pachet, F. Constraint Satisfaction Problems and Objects, IJCAI ’97, Nagoya, Japan	Roy, P. Pachet, F. Constraint Satisfaction Problems and Objects, IJCAI ’97, Nagoya, Japan					aucun lien	hors corpus articles		
FP-326	321	Tutorials	non		Pachet, F. Integrating Constraint Satisfaction with Object-Oriented Programming, 15th Annual Conference of the British Computer Society Specialist Group on Expert Systems, ES’95. Cambridge	Roy, P. Pachet, F. Integrating Constraint Satisfaction with Object-Oriented Programming, 15th Annual Conference of the British Computer Society Specialist Group on Expert Systems, ES’95. Cambridge.					aucun lien	hors corpus articles		
FP-327	322	Tutorials	non	1996	Pachet, F. Integrating Constraint Satisfaction in Smalltalk-80, Summer School of the European Smalltalk User Group, Genève, Suisse, Sept. 1996	Roy, P. Pachet, F. Integrating Constraint Satisfaction in Smalltalk-80, Summer School of the European Smalltalk User Group, Genève, Suisse, Sept. 1996.					aucun lien	hors corpus articles		
FP-328	323	Tutorials	non	1994	Epiphyte Programming in Smalltalk-80, Summer School of the European Smalltalk User Group, Cork, Ireland, Sept. 1994	Pachet, F. Epiphyte Programming in Smalltalk-80, Summer School of the European Smalltalk User Group, Cork, Ireland, Sept. 1994.					aucun lien	hors corpus articles		
FP-329	324	Technical Reports	oui	1995	NeOpus User’s manual. Laforia technical report n. 95/23, October 1995	Pachet, F. NeOpus User’s manual. Laforia technical report n. 95/23, October 1995.					aucun lien	à examiner		
FP-330	325	Technical Reports	oui	1995	Dojat, M. Représentation de connaissances temporelles hiérarchiques en NéOpus. Rapport LAFORIA n. 95/23, mai 1995	Pachet, F. Dojat, M. Représentation de connaissances temporelles hiérarchiques en NéOpus. Rapport LAFORIA n. 95/23, mai 1995.					aucun lien	à examiner		
FP-331	326	Technical Reports	oui	1995	Djamen, J.-Y. Frasson, C. Production de conseils pertinents exploitant les relations de composition et de précédence dans un graphe de taches. Rapport interne DIRO, Université de Montréal, n. IRO#953, février 1995	Pachet, F. Djamen, J.-Y. Frasson, C. Production de conseils pertinents exploitant les relations de composition et de précédence dans un graphe de taches. Rapport interne DIRO, Université de Montréal, n. IRO#953, février 1995.					aucun lien	à examiner		
FP-332	327	Technical Reports	oui	1993	Giroux, S. Pachet, F. Méthodes et outils de développement de systèmes conseillers dans les environnements de formation. Rapport de recherche du LICEF, Télé-Université, Montréal, Décembre 1993	Paquette, G. Giroux, S. Pachet, F. Méthodes et outils de développement de systèmes conseillers dans les environnements de formation. Rapport de recherche du LICEF, Télé-Université, Montréal, Décembre 1993.					aucun lien	à examiner		
FP-333	328	Technical Reports	oui	1993	Giroux, S. Paquette, G. EpiTalk, une architecture et une implantation d’un système conseiller générique. Rapport de recherche du LICEF, Télé-Université, Montréal, Novembre 1993	Pachet, F. Giroux, S. Paquette, G. EpiTalk, une architecture et une implantation d’un système conseiller générique. Rapport de recherche du LICEF, Télé-Université, Montréal, Novembre 1993.					aucun lien	à examiner		
FP-334	329	Technical Reports	oui		Du bon usage des méta-règles en NéOpus	Pachet, F. Du bon usage des méta-règles en NéOpus, n. 91/16. nov. 91.	https://www.francoispachet.fr/wp-content/uploads/2021/01/pachet-91_16-DuBonUsage.pdf		input/publications-francois-pachet/pachet-91_16-DuBonUsage.pdf	input/publications-francois-pachet/pachet-91_16-DuBonUsage.pdf	déjà présent	à examiner		
FP-335	330	Technical Reports	oui		Pour en finir avec le singe et les bananes	Pachet, F. Pour en finir avec le singe et les bananes, n. 91/15. nov. 91.	https://www.francoispachet.fr/wp-content/uploads/2021/01/pachet-91_15_pour_en_finir.pdf		input/publications-francois-pachet/pachet-91_15_pour_en_finir.pdf	input/publications-francois-pachet/pachet-91_15_pour_en_finir.pdf	déjà présent	à examiner		
FP-336	331	Technical Reports	oui		NéOpus User Guide	Pachet, F. NéOpus User Guide, n. 91/14. nov. 91.	https://www.francoispachet.fr/wp-content/uploads/2021/01/pachet-91-NeOpus-manual.pdf		input/publications-francois-pachet/pachet-91-NeOpus-manual.pdf	input/publications-francois-pachet/pachet-91-NeOpus-manual.pdf	déjà présent	à examiner		
